timestamp,incineration_on,steam_flow,steam_temperature
2026-05-15 10:38:29.027650,True,39.874540118847364,397.7042858384595
2026-05-15 10:39:29.027650,True,40.2319939418114,395.5919509051822
2026-05-15 10:40:29.027650,True,39.65601864044244,392.9359671220172
2026-05-15 10:41:29.027650,True,39.5580836121682,397.1970568746496
2026-05-15 10:42:29.027650,True,40.10111501174321,396.2484354667763
2026-05-15 10:43:29.027650,True,39.520584494295804,397.81945911297197
2026-05-15 10:44:29.027650,True,40.33244264080042,393.27403466406963
2026-05-15 10:45:29.027650,True,39.6818249672071,393.1004270591206
2026-05-15 10:46:29.027650,True,39.80424224295954,395.1485385897934
2026-05-15 10:47:29.027650,True,39.93194501864212,393.7473748411883
2026-05-15 10:48:29.027650,True,40.11185289472238,392.83696316391223
2026-05-15 10:49:29.027650,True,39.79214464853522,394.19817105976216
2026-05-15 10:50:29.027650,True,39.95606998421704,396.7110557683581
2026-05-15 10:51:29.027650,True,39.69967378215836,395.08540663048166
2026-05-15 10:52:29.027650,True,40.09241456886204,392.27870247632
2026-05-15 10:53:29.027650,True,40.10754485190144,393.02314474212375
2026-05-15 10:54:29.027650,True,39.56505159298528,397.69331322352
2026-05-15 10:55:29.027650,True,40.465632033074556,396.8503840886988
2026-05-15 10:56:29.027650,True,39.80461376917337,392.5860326840383
2026-05-15 10:57:29.027650,True,40.18423302651216,394.6409149624376
2026-05-15 10:58:29.027650,True,39.62203823484478,394.9710614606676
2026-05-15 10:59:29.027650,True,39.53438852111522,397.4559224124727
2026-05-15 11:00:29.027650,True,39.758779981600014,395.97513370612387
2026-05-15 11:01:29.027650,True,39.81171107608941,395.12040812706687
2026-05-15 11:02:29.027650,True,40.04671027934328,393.1091267331532
2026-05-15 11:03:29.027650,True,40.46958462776456,396.6507969401667
2026-05-15 11:04:29.027650,True,40.43949894156419,397.3689641025659
2026-05-15 11:05:29.027650,True,40.097899978811085,397.5312454101387
2026-05-15 11:06:29.027650,True,39.58849250205192,393.1758971745149
2026-05-15 11:07:29.027650,True,39.54522728891054,393.95198198457956
2026-05-15 11:08:29.027650,True,39.88867728968948,393.62809419064337
2026-05-15 11:09:29.027650,True,40.32873750915193,394.14051996016155
2026-05-15 11:10:29.027650,True,39.780934509687384,395.2561764989495
2026-05-15 11:11:29.027650,True,39.64092422497476,396.8131818845242
2026-05-15 11:12:29.027650,True,39.57455064367977,397.9213216196031
2026-05-15 11:13:29.027650,True,40.272244769296655,393.192294089205
2026-05-15 11:14:29.027650,True,39.505522117123604,396.892768570729
2026-05-15 11:15:29.027650,True,40.20685734384762,396.3740430082459
2026-05-15 11:16:29.027650,True,40.271270346685945,392.44426791040456
2026-05-15 11:17:29.027650,True,39.858465728544274,392.6952143571508
2026-05-15 11:18:29.027650,True,40.36310342587559,395.7397887609653
2026-05-15 11:19:29.027650,True,39.83089802485265,392.3813501017161
2026-05-15 11:20:29.027650,True,39.81098232171566,393.9510999321605
2026-05-15 11:21:29.027650,True,40.22960617833807,395.8253448281313
2026-05-15 11:22:29.027650,True,40.387212742576324,394.8332895509717
2026-05-15 11:23:29.027650,True,39.6195942459383,396.27946872333797
2026-05-15 11:24:29.027650,True,40.260785048616896,395.367663185417
2026-05-15 11:25:29.027650,True,40.27096717995456,394.96277357818633
2026-05-15 11:26:29.027650,True,40.022732829381994,394.5652461101513
2026-05-15 11:27:29.027650,True,39.5254191267441,392.6473485619598
2026-05-15 11:28:29.027650,True,39.53142918568673,395.81846246758266
2026-05-15 11:29:29.027650,True,39.814355981076325,395.0514241469882
2026-05-15 11:30:29.027650,True,40.407566473926096,393.49575337489324
2026-05-15 11:31:29.027650,True,39.91038292303563,396.5333068312583
2026-05-15 11:32:29.027650,True,39.728798165491625,392.46187945897276
2026-05-15 11:33:29.027650,True,39.78975145291377,392.967327723524
2026-05-15 11:34:29.027650,True,40.429697652342576,396.8487222773865
2026-05-15 11:35:29.027650,True,40.133403756510425,397.2287635411263
2026-05-15 11:36:29.027650,True,40.30367207689911,393.11942035331623
2026-05-15 11:37:29.027650,True,40.392558998489974,395.2360534514939
2026-05-15 11:38:29.027650,True,40.30744015516406,397.37654779954096
2026-05-15 11:39:29.027650,True,39.81800347497187,392.6603115471661
2026-05-15 11:40:29.027650,True,39.72793516254194,394.5626467317575
2026-05-15 11:41:29.027650,True,40.31801476592249,397.1643834995381
2026-05-15 11:42:29.027650,True,39.50695213053119,395.0644838154654
2026-05-15 11:43:29.027650,True,39.91741100314878,393.3326468628244
2026-05-15 11:44:29.027650,True,39.61986536733368,394.02569102842176
2026-05-15 11:45:29.027650,True,40.44290970391252,393.9392175921245
2026-05-15 11:46:29.027650,True,40.01879062174336,396.2181137533711
2026-05-15 11:47:29.027650,True,39.86362960237929,397.83069249632575
2026-05-15 11:48:29.027650,True,40.46244729494211,393.5106937749522
2026-05-15 11:49:29.027650,True,39.99724850589239,393.8052698589006
2026-05-15 11:50:29.027650,True,39.78484049437747,392.2213216841272
2026-05-15 11:51:29.027650,True,40.1095643339799,395.0160741393732
2026-05-15 11:52:29.027650,True,39.55147875124999,393.67187878541966
2026-05-15 11:53:29.027650,True,40.40826588596666,393.43737134400186
2026-05-15 11:54:29.027650,True,39.64489487209122,394.9367165616654
2026-05-15 11:55:29.027650,True,40.4856504541106,393.452331629069
2026-05-15 11:56:29.027650,True,40.17213554740588,396.5697176919723
2026-05-15 11:57:29.027650,True,39.7376375439924,396.36929809167117
2026-05-15 11:58:29.027650,True,39.867783132719254,395.79383498356145
2026-05-15 11:59:29.027650,True,40.1335297107609,395.21464810444854
2026-05-15 12:00:29.027650,True,39.59028977005441,397.0118149735354
2026-05-15 12:01:29.027650,True,39.820780064971736,393.1191110623991
2026-05-15 12:02:29.027650,True,39.54077514155476,395.5453576591294
2026-05-15 12:03:29.027650,True,40.17756436184228,392.09952697356715
2026-05-15 12:04:29.027650,True,40.01209305829928,393.3589746511876
2026-05-15 12:05:29.027650,True,40.14517279040945,393.04619857403
2026-05-15 12:06:29.027650,True,40.19093773810246,394.3204120778032
2026-05-15 12:07:29.027650,True,40.43672998873674,392.82512566487594
2026-05-15 12:08:29.027650,True,39.84106635105026,392.68084112744356
2026-05-15 12:09:29.027650,True,40.42469361827856,397.2640361202859
2026-05-15 12:10:29.027650,True,39.757941627715155,395.95990427620507
2026-05-15 12:11:29.027650,True,40.317222200201215,395.3312048695968
2026-05-15 12:12:29.027650,True,40.029650578356005,393.4511137454027
2026-05-15 12:13:29.027650,True,39.5931027678059,397.38329454771997
2026-05-15 12:14:29.027650,True,40.40041805716333,395.7986087436396
2026-05-15 12:15:29.027650,True,39.8390297910487,394.095257447676
2026-05-15 12:16:29.027650,True,40.22595567887024,397.3826615597155
2026-05-15 12:17:29.027650,True,40.38708642426512,396.67925327514575
2026-05-15 12:18:29.027650,True,40.14203164615429,392.5048397899703
2026-05-15 12:19:29.027650,True,39.66162871409461,397.3913251311625
2026-05-15 12:20:29.027650,True,40.10642905965959,392.0551823096998
2026-05-15 12:21:29.027650,True,39.60147154286603,395.9810106146483
2026-05-15 12:22:29.027650,True,39.50506158384622,392.964848308505
2026-05-15 12:23:29.027650,True,40.04873378936659,396.15137118615615
2026-05-15 12:24:29.027650,True,40.1519612595026,393.34561585676335
2026-05-15 12:25:29.027650,True,40.21217922134753,393.4234945249808
2026-05-15 12:26:29.027650,True,39.825399698159266,396.47894843070816
2026-05-15 12:27:29.027650,True,40.14963289904721,397.09534046296505
2026-05-15 12:28:29.027650,True,40.15761289230034,395.40985162001283
2026-05-15 12:29:29.027650,True,39.59367476782809,394.2062948183566
2026-05-15 12:30:29.027650,True,39.765202367681724,393.4639378602745
2026-05-15 12:31:29.027650,True,40.47301055475245,394.3585863480006
2026-05-15 12:32:29.027650,True,40.39204655517711,395.7868317559836
2026-05-15 12:33:29.027650,True,40.29481130354165,395.01582255863116
2026-05-15 12:34:29.027650,True,40.07690388462636,394.9551061629132
2026-05-15 12:35:29.027650,True,39.695242987798046,396.33471269156905
2026-05-15 12:36:29.027650,True,39.78077236244086,392.1458957985887
2026-05-15 12:37:29.027650,True,40.14547229590717,393.0626640764423
2026-05-15 12:38:29.027650,True,40.44045858435292,397.7235714620155
2026-05-15 12:39:29.027650,True,40.41486439022045,394.22095220153267
2026-05-15 12:40:29.027650,True,39.515456616528866,397.5699113755264
2026-05-15 12:41:29.027650,True,39.928184148317314,397.799928914262
2026-05-15 12:42:29.027650,True,40.46361997708925,397.1180567328042
2026-05-15 12:43:29.027650,True,39.79444889206959,394.3105863716116
2026-05-15 12:44:29.027650,True,40.351136671516855,393.9015320309377
2026-05-15 12:45:29.027650,True,39.66949274668609,395.3408075747501
2026-05-15 12:46:29.027650,True,40.436154774160784,396.17617878004984
2026-05-15 12:47:29.027650,True,40.07006117008937,392.5830589626246
2026-05-15 12:48:29.027650,True,40.11500722669917,397.94032310062556
2026-05-15 12:49:29.027650,True,39.640084015236525,395.1099779141824
2026-05-15 12:50:29.027650,True,40.377373071927956,396.4446117065252
2026-05-15 12:51:29.027650,True,40.19701574099527,396.21490450392264
2026-05-15 12:52:29.027650,True,39.85949115121976,393.76155106558696
2026-05-15 12:53:29.027650,True,40.30936115547851,396.86068036807507
2026-05-15 12:54:29.027650,True,40.36707231858011,397.4794433153388
2026-05-15 12:55:29.027650,True,40.01134239886094,395.0090977681232
2026-05-15 12:56:29.027650,True,40.298295178966775,395.8997835846666
2026-05-15 12:57:29.027650,True,40.2019668772577,396.7747560166166
2026-05-15 12:58:29.027650,True,40.39000534181756,394.02797094110923
2026-05-15 12:59:29.027650,True,39.875582952639945,392.5638916390452
2026-05-15 13:00:29.027650,True,40.07828014099617,392.21565364278047
2026-05-15 13:01:29.027650,True,39.96559801813246,395.25586780824545
2026-05-15 13:02:29.027650,True,39.78654125212829,395.5449995634141
2026-05-15 13:03:29.027650,True,39.53050024993905,392.2240891324953
2026-05-15 13:04:29.027650,True,40.32260056065966,394.1611438484676
2026-05-15 13:05:29.027650,True,39.62706051265189,395.13345956032884
2026-05-15 13:06:29.027650,True,40.26999355309861,393.29492616498106
2026-05-15 13:07:29.027650,True,40.122890475819,392.5120847899626
2026-05-15 13:08:29.027650,True,39.551681721168606,395.1881277894089
2026-05-15 13:09:29.027650,True,40.04063512161011,395.8245794089892
2026-05-15 13:10:29.027650,True,40.226091333722664,397.8551124767752
2026-05-15 13:11:29.027650,True,40.01630034830119,393.9377388376475
2026-05-15 13:12:29.027650,True,40.295186194768704,393.62499350757247
2026-05-15 13:13:29.027650,True,39.938971420705634,392.4707382880536
2026-05-15 13:14:29.027650,True,39.52535074341546,397.77589048806755
2026-05-15 13:15:29.027650,True,40.335980120512204,396.17584523656217
2026-05-15 13:16:29.027650,True,39.90895294441427,393.03976592042505
2026-05-15 13:17:29.027650,True,39.65643704267109,393.50145738898755
2026-05-15 13:18:29.027650,True,40.04922666470612,396.2875755362004
2026-05-15 13:19:29.027650,True,40.16019737671773,393.67960338167563
2026-05-15 13:20:29.027650,True,40.45486528066319,396.4273815001746
2026-05-15 13:21:29.027650,True,40.0543540525114,395.6703244774061
2026-05-15 13:22:29.027650,True,39.91960006242779,393.48638593700696
2026-05-15 13:23:29.027650,True,39.85597267865126,396.5470766627862
2026-05-15 13:24:29.027650,True,39.51439348862976,392.6964358430415
2026-05-15 13:25:29.027650,True,39.546002642021755,392.2443728139138
2026-05-15 13:26:29.027650,True,40.355460584011006,396.2219471562801
2026-05-15 13:27:29.027650,True,39.97417382908733,392.587004963906
2026-05-15 13:28:29.027650,True,39.991615875116835,394.8408306246834
2026-05-15 13:29:29.027650,True,39.67320186991002,394.60310989542785
2026-05-15 13:30:29.027650,True,39.89850473439737,395.6951005883133
2026-05-15 13:31:29.027650,True,40.135093650867645,392.27182405863226
2026-05-15 13:32:29.027650,True,39.87461261462647,395.7551594942854
2026-05-15 13:33:29.027650,True,40.003136258580085,397.13893904712995
2026-05-15 13:34:29.027650,True,40.158693631618945,392.9776065624886
2026-05-15 13:35:29.027650,True,39.57056874740043,395.8545156692379
2026-05-15 13:36:29.027650,True,39.52651131054162,395.51465348764077
2026-05-15 13:37:29.027650,True,40.440230241424956,395.4528450672553
2026-05-15 13:38:29.027650,True,39.88816992620652,395.85972931065413
2026-05-15 13:39:29.027650,True,39.958252890491515,395.2737007358956
2026-05-15 13:40:29.027650,True,40.44146480877652,394.31661582680465
2026-05-15 13:41:29.027650,True,40.46119056382391,397.4321038517364
2026-05-15 13:42:29.027650,True,39.695791134789296,392.416167805251
2026-05-15 13:43:29.027650,True,39.60077800137743,392.1093309539093
2026-05-15 13:44:29.027650,True,39.59444296075593,396.09804064049814
2026-05-15 13:45:29.027650,True,39.57118864846023,393.91385378176255
2026-05-15 13:46:29.027650,True,40.34487531096946,392.13963161441495
2026-05-15 13:47:29.027650,True,40.314468482588936,393.6911286486404
2026-05-15 13:48:29.027650,True,39.618164827621655,396.1804229921849
2026-05-15 13:49:29.027650,True,40.128942846779886,397.2648320811623
2026-05-15 13:50:29.027650,True,40.235071043803885,396.8208855823091
2026-05-15 13:51:29.027650,True,39.782034572571305,393.06463726267833
2026-05-15 13:52:29.027650,True,40.25061475164086,396.8410084356036
2026-05-15 13:53:29.027650,True,40.49050514200067,394.47570606146854
2026-05-15 13:54:29.027650,True,39.87201808579278,396.65847776445196
2026-05-15 13:55:29.027650,True,39.84080354025302,397.5845439536214
2026-05-15 13:56:29.027650,True,40.35841275184301,394.5739641642501
2026-05-15 13:57:29.027650,True,40.2508710677915,396.5272572445081
2026-05-15 13:58:29.027650,True,39.60312386883593,397.4153174400774
2026-05-15 13:59:29.027650,True,40.005252372447856,396.95874479664644
2026-05-15 14:00:29.027650,True,39.82004960103061,397.3731393709772
2026-05-15 14:01:29.027650,True,39.88920167873416,392.0650259088818
2026-05-15 14:02:29.027650,True,40.405381976419264,392.5477200607168
2026-05-15 14:03:29.027650,True,39.81931363759041,397.70037180230486
2026-05-15 14:04:29.027650,True,40.45060714693756,395.4406273287397
2026-05-15 14:05:29.027650,True,40.1318372121698,394.6906731318699
2026-05-15 14:06:29.027650,True,39.793210771698064,393.9719872722195
2026-05-15 14:07:29.027650,True,40.172518456077036,396.5142471766261
2026-05-15 14:08:29.027650,True,40.29157904372585,396.7377088567673
2026-05-15 14:09:29.027650,True,39.59120610304869,394.9665218282155
2026-05-15 14:10:29.027650,True,39.55755876001665,395.2971732939424
2026-05-15 14:11:29.027650,True,39.94153050137338,397.3262250965498
2026-05-15 14:12:29.027650,True,39.85091501255208,392.70240209856564
2026-05-15 14:13:29.027650,True,39.64299168205284,396.5690637903048
2026-05-15 14:14:29.027650,True,40.11821806331626,392.60673605673674
2026-05-15 14:15:29.027650,True,39.584106806114995,396.2058147887547
2026-05-15 14:16:29.027650,True,39.57276300636419,396.9311603557421
2026-05-15 14:17:29.027650,True,40.206242227156494,392.4880926838514
2026-05-15 14:18:29.027650,True,39.58483771408519,397.91983747100704
2026-05-15 14:19:29.027650,True,39.87427079575612,394.22385288240133
2026-05-15 14:20:29.027650,True,40.3127995672575,397.68349146430313
2026-05-15 14:21:29.027650,True,40.48600106382287,396.52026911155366
2026-05-15 14:22:29.027650,True,39.87625958553092,392.501004300192
2026-05-15 14:23:29.027650,True,40.27714691592744,395.35042549841484
2026-05-15 14:24:29.027650,True,39.924222009246975,397.4381263105684
2026-05-15 14:25:29.027650,True,39.61119748230615,394.95575062574517
2026-05-15 14:26:29.027650,True,39.51135364476742,394.8119638519648
2026-05-15 14:27:29.027650,True,39.556303275681834,392.71290749760846
2026-05-15 14:28:29.027650,True,39.6175262467771,395.8952618126964
2026-05-15 14:29:29.027650,True,40.246044879265426,395.500212590583
2026-05-15 14:30:29.027650,True,40.46217254847454,394.2492234771422
2026-05-15 14:31:29.027650,True,39.78571208628186,397.21159476913675
2026-05-15 14:32:29.027650,True,39.72359583851945,397.77933523664365
2026-05-15 14:33:29.027650,True,39.512154474689815,397.8192729602458
2026-05-15 14:34:29.027650,True,39.543159911950575,397.34685868218844
2026-05-15 14:35:29.027650,True,40.0277011090863,397.9577887767158
2026-05-15 14:36:29.027650,True,39.573796564735396,395.32312570640795
2026-05-15 14:37:29.027650,True,40.4693025356191,395.1385870650209
2026-05-15 14:38:29.027650,True,40.129398638135264,396.1744921339077
2026-05-15 14:39:29.027650,True,39.954541064767774,395.7653484805044
2026-05-15 14:40:29.027650,True,40.0843143119231,397.40694806294596
2026-05-15 14:41:29.027650,True,39.54544638034146,393.68577913755337
2026-05-15 14:42:29.027650,True,40.45041148407656,397.3415827033455
2026-05-15 14:43:29.027650,True,39.955656752785714,395.72079558680923
2026-05-15 14:44:29.027650,True,39.77738118298113,393.12872695834255
2026-05-15 14:45:29.027650,True,39.96369840493998,394.1201133681563
2026-05-15 14:46:29.027650,True,40.08365611185087,392.4664078217899
2026-05-15 14:47:29.027650,True,40.474394807666165,397.9172644668776
2026-05-15 14:48:29.027650,True,40.19816171401975,395.2165781980647
2026-05-15 14:49:29.027650,True,39.809527616286324,396.8827701182417
2026-05-15 14:50:29.027650,True,40.18473117255388,392.97570163606935
2026-05-15 14:51:29.027650,True,40.41092718449384,396.935223457539
2026-05-15 14:52:29.027650,True,40.449799913291926,396.35431705033017
2026-05-15 14:53:29.027650,True,40.11341519593579,394.5094582177437
2026-05-15 14:54:29.027650,True,40.43272848335401,397.19638333700243
2026-05-15 14:55:29.027650,True,39.54521867010619,392.1582018469835
2026-05-15 14:56:29.027650,True,39.87646336687805,396.863319984691
2026-05-15 14:57:29.027650,True,40.48727612931494,392.9025013466212
2026-05-15 14:58:29.027650,True,40.09413071535214,394.2853451397861
2026-05-15 14:59:29.027650,True,40.469914397814605,397.05271353881426
2026-05-15 15:00:29.027650,True,40.33832870471114,394.8121589587698
2026-05-15 15:01:29.027650,True,39.914819502337664,393.64044243158423
2026-05-15 15:02:29.027650,True,39.55637549665093,397.1883342575303
2026-05-15 15:03:29.027650,True,40.31290100913008,397.9983060397168
2026-05-15 15:04:29.027650,True,40.49663683707391,395.33259023361575
2026-05-15 15:05:29.027650,True,40.26898741518051,397.6685943792946
2026-05-15 15:06:29.027650,True,40.34964739067741,393.4840886104592
2026-05-15 15:07:29.027650,True,39.950544135310096,392.77495649090895
2026-05-15 15:08:29.027650,True,40.45405102725872,395.63704780670525
2026-05-15 15:09:29.027650,True,39.72864280550346,396.0302041064351
2026-05-15 15:10:29.027650,True,40.11812824045789,394.14897630819706
2026-05-15 15:11:29.027650,True,39.613557592199626,396.0294391735568
2026-05-15 15:12:29.027650,True,40.02030770090379,396.6339103504138
2026-05-15 15:13:29.027650,True,40.020163501111995,397.11308900191125
2026-05-15 15:14:29.027650,True,40.051906838774485,395.3656278292123
2026-05-15 15:15:29.027650,True,40.376653602658344,394.42089719727437
2026-05-15 15:16:29.027650,True,39.63401522845064,392.17269605788005
2026-05-15 15:17:29.027650,True,40.25513725567362,395.7218573081208
2026-05-15 15:18:29.027650,True,40.20407976809923,393.27778496905347
2026-05-15 15:19:29.027650,True,39.63637147558677,392.0872679940073
2026-05-15 15:20:29.027650,True,39.850587558806595,395.5395061211278
2026-05-15 15:21:29.027650,True,39.89224404509973,394.6248495321424
2026-05-15 15:22:29.027650,True,40.404158694493745,394.0895328021398
2026-05-15 15:23:29.027650,True,40.01398948915981,396.7019180764469
2026-05-15 15:24:29.027650,True,39.89654278232127,395.73252020136727
2026-05-15 15:25:29.027650,True,40.36236370874675,397.69712374194586
2026-05-15 15:26:29.027650,True,39.64707348092904,397.559525750969
2026-05-15 15:27:29.027650,True,39.99211629307954,393.54946632979374
2026-05-15 15:28:29.027650,True,39.95913575623826,397.88019545171284
2026-05-15 15:29:29.027650,True,39.99261809399287,393.97250966172504
2026-05-15 15:30:29.027650,True,40.133400854316726,393.44087371266914
2026-05-15 15:31:29.027650,True,39.57586332810867,392.77327833146387
2026-05-15 15:32:29.027650,True,39.628045838957775,392.91141616107376
2026-05-15 15:33:29.027650,True,39.63882717264941,395.8452484688193
2026-05-15 15:34:29.027650,True,39.68188008439915,394.0740036999432
2026-05-15 15:35:29.027650,True,40.39678840990601,394.8437698415772
2026-05-15 15:36:29.027650,True,40.167557738521026,393.03391922720976
2026-05-15 15:37:29.027650,True,39.69228901880867,392.24521169759885
2026-05-15 15:38:29.027650,True,39.66893506307216,393.67154203419176
2026-05-15 15:39:29.027650,True,39.67701048427675,392.5322152025423
2026-05-15 15:40:29.027650,True,39.6206358711006,394.76467260819635
2026-05-15 15:41:29.027650,True,39.706333718405794,394.18561916628846
2026-05-15 15:42:29.027650,True,40.003417270854854,396.1423689717762
2026-05-15 15:43:29.027650,True,39.5393121398411,396.79646239345425
2026-05-15 15:44:29.027650,True,40.12790038949091,392.4905541916932
2026-05-15 15:45:29.027650,True,40.37357862410678,397.5252344031909
2026-05-15 15:46:29.027650,True,39.56107795985486,393.66126588888324
2026-05-15 15:47:29.027650,True,40.30620127979306,396.489558142302
2026-05-15 15:48:29.027650,True,39.684521019356374,393.25609594002026
2026-05-15 15:49:29.027650,True,39.87047210279138,394.90713791114615
2026-05-15 15:50:29.027650,True,40.118254771530296,394.2134818374186
2026-05-15 15:51:29.027650,True,39.96253471613315,396.4848256288025
2026-05-15 15:52:29.027650,True,39.5366832028906,393.5146216660641
2026-05-15 15:53:29.027650,True,40.21334958588455,397.3712410261232
2026-05-15 15:54:29.027650,True,40.01167744211567,395.1926809115919
2026-05-15 15:55:29.027650,True,39.60717201133978,394.6844742009407
2026-05-15 15:56:29.027650,True,40.03261726645502,393.45482302180835
2026-05-15 15:57:29.027650,True,39.76924323094938,394.26370497862774
2026-05-15 15:58:29.027650,True,39.520071197777725,393.93247499349906
2026-05-15 15:59:29.027650,True,39.71144800699655,393.9649841130675
2026-05-15 16:00:29.027650,True,39.61976213181925,397.3431636844394
2026-05-15 16:01:29.027650,True,40.09359245355405,396.0746139148669
2026-05-15 16:02:29.027650,True,40.28917123860734,394.99065319357436
2026-05-15 16:03:29.027650,True,39.58692028808743,395.2226392509113
2026-05-15 16:04:29.027650,True,40.08684111802088,396.47263684510597
2026-05-15 16:05:29.027650,True,39.93165954622968,392.7654818167734
2026-05-15 16:06:29.027650,True,39.78377590579873,394.1784937783918
2026-05-15 16:07:29.027650,True,40.1459172413316,395.42466982801346
2026-05-15 16:08:29.027650,True,39.85609672589785,397.9190914927579
2026-05-15 16:09:29.027650,True,40.10577481935689,393.42336075041595
2026-05-15 16:10:29.027650,True,39.60178247262041,392.917154835106
2026-05-15 16:11:29.027650,True,39.74595772838451,392.9640882395573
2026-05-15 16:12:29.027650,True,39.68656702405131,393.7105710121631
2026-05-15 16:13:29.027650,True,39.673373595294755,397.38059254775857
2026-05-15 16:14:29.027650,True,39.580233745661644,395.1470683374215
2026-05-15 16:15:29.027650,True,39.91039682698966,397.89427170145166
2026-05-15 16:16:29.027650,True,39.61203890216805,394.3871335942745
2026-05-15 16:17:29.027650,True,40.46947043327537,397.1930427553639
2026-05-15 16:18:29.027650,True,40.31707207094928,393.54741696226966
2026-05-15 16:19:29.027650,True,39.67088758739006,396.0118593195466
2026-05-15 16:20:29.027650,True,40.429375989127585,395.3405773580836
2026-05-15 16:21:29.027650,True,40.0716126894699,393.6798745619617
2026-05-15 16:22:29.027650,True,40.269492933191934,393.12226249134517
2026-05-15 16:23:29.027650,True,39.823679236404246,394.5526186316985
2026-05-15 16:24:29.027650,True,40.007610378684454,393.4544583944905
2026-05-15 16:25:29.027650,True,39.6148368247392,395.6637202546498
2026-05-15 16:26:29.027650,True,39.78863055324025,395.48742932853565
2026-05-15 16:27:29.027650,True,39.6543627152742,394.8868406111289
2026-05-15 16:28:29.027650,True,40.03258943255159,392.3109412209346
2026-05-15 16:29:29.027650,True,39.83660427819392,392.80648806163384
2026-05-15 16:30:29.027650,True,39.563374970472765,397.93976139433965
2026-05-15 16:31:29.027650,True,39.82235384497472,396.8592466751278
2026-05-15 16:32:29.027650,True,39.75464065476376,396.0890163333436
2026-05-15 16:33:29.027650,True,40.26022785988969,395.57383244364706
2026-05-15 16:34:29.027650,True,39.97157618855016,394.47104548488363
2026-05-15 16:35:29.027650,True,39.84886826654299,397.57717486548694
2026-05-15 16:36:29.027650,True,40.33061940778773,397.7901614639991
2026-05-15 16:37:29.027650,True,39.62429722348554,396.3852048512219
2026-05-15 16:38:29.027650,True,40.43834045682104,393.08739839699393
2026-05-15 16:39:29.027650,True,39.56649626736678,396.4467238957404
2026-05-15 16:40:29.027650,True,40.07447311317991,397.05097266054963
2026-05-15 16:41:29.027650,True,39.63977237662629,396.77160387115936
2026-05-15 16:42:29.027650,True,39.70162732004774,392.98193565719424
2026-05-15 16:43:29.027650,True,39.664265797930994,396.8874483213883
2026-05-15 16:44:29.027650,True,40.1651972206962,395.1383925486147
2026-05-15 16:45:29.027650,True,39.8588304841235,397.26320324487864
2026-05-15 16:46:29.027650,True,39.89244510742264,396.8995966368295
2026-05-15 16:47:29.027650,True,39.93913490857022,394.26166657654943
2026-05-15 16:48:29.027650,True,39.96267978566961,393.80826724498485
2026-05-15 16:49:29.027650,True,40.24760938017625,395.0163223405549
2026-05-15 16:50:29.027650,True,39.73221269514682,397.3974474396474
2026-05-15 16:51:29.027650,True,39.88389122137321,395.2613171666839
2026-05-15 16:52:29.027650,True,40.40647211096455,395.74542797548395
2026-05-15 16:53:29.027650,True,39.616898040708364,397.63899274168085
2026-05-15 16:54:29.027650,True,40.127708053071416,394.00943368794253
2026-05-15 16:55:29.027650,True,39.63927207266339,396.7641511356218
2026-05-15 16:56:29.027650,True,40.12007275592851,395.20076655185795
2026-05-15 16:57:29.027650,True,40.393892583050956,396.73158326734716
2026-05-15 16:58:29.027650,True,39.65167487973275,393.8703324067733
2026-05-15 16:59:29.027650,True,39.74848913981447,396.46367775543604
2026-05-15 17:00:29.027650,True,39.53353243473578,395.4193381092279
2026-05-15 17:01:29.027650,True,40.26245868574069,397.2605938205705
2026-05-15 17:02:29.027650,True,39.842081748715906,396.92754382803207
2026-05-15 17:03:29.027650,True,39.610631736955206,397.07871375040713
2026-05-15 17:04:29.027650,True,39.627488662331984,394.3837237433622
2026-05-15 17:05:29.027650,True,40.297295365779554,392.89950456409264
2026-05-15 17:06:29.027650,True,39.729251395232644,396.3335154103584
2026-05-15 17:07:29.027650,True,40.220036536546075,395.84688579731176
2026-05-15 17:08:29.027650,True,40.1939484444671,395.25634666008557
2026-05-15 17:09:29.027650,True,39.751799058906954,394.0741759610235
2026-05-15 17:10:29.027650,True,39.68159771680143,397.45070336800177
2026-05-15 17:11:29.027650,True,40.08339179476612,394.40510850058183
2026-05-15 17:12:29.027650,True,39.96200580364413,397.6837000376709
2026-05-15 17:13:29.027650,True,39.65335140311608,395.51737899210076
2026-05-15 17:14:29.027650,True,40.00588867888447,395.6687254126079
2026-05-15 17:15:29.027650,True,39.51811018382084,397.2327434536649
2026-05-15 17:16:29.027650,True,40.432118282483614,395.39079910153526
2026-05-15 17:17:29.027650,True,40.196650823876894,397.5349962870638
2026-05-15 17:18:29.027650,True,40.2072386343134,392.91523425748557
2026-05-15 17:19:29.027650,True,40.076288360166814,395.64029027829713
2026-05-15 17:20:29.027650,True,39.924130671302386,396.41866541374833
2026-05-15 17:21:29.027650,True,40.434367014769016,397.55341107744067
2026-05-15 17:22:29.027650,True,39.95083937140413,392.67942827504453
2026-05-15 17:23:29.027650,True,40.484841198962336,397.0333885186756
2026-05-15 17:24:29.027650,True,39.62466268120327,397.52505129570426
2026-05-15 17:25:29.027650,True,40.36989636206213,395.1130283427564
2026-05-15 17:26:29.027650,True,40.091275435744926,394.3940162232208
2026-05-15 17:27:29.027650,True,39.55476163882203,394.01118344987543
2026-05-15 17:28:29.027650,True,40.302853448598015,392.0277921380276
2026-05-15 17:29:29.027650,True,39.833499171691145,394.3890121615457
2026-05-15 17:30:29.027650,True,40.03739560293792,397.51913369847654
2026-05-15 17:31:29.027650,True,39.84634599436596,394.0817192113774
2026-05-15 17:32:29.027650,True,40.23750124810975,394.71330764533883
2026-05-15 17:33:29.027650,True,39.72460482293998,394.71463709679614
2026-05-15 17:34:29.027650,True,39.6408570203798,393.0583219190373
2026-05-15 17:35:29.027650,True,39.99836777273948,394.5135526970273
2026-05-15 17:36:29.027650,True,40.4148459010681,394.1743633946998
2026-05-15 17:37:29.027650,True,40.08058835027804,395.79358572751715
2026-05-15 17:38:29.027650,True,39.513094456588334,395.98122423210026
2026-05-15 17:39:29.027650,True,39.67803596686975,397.76642190481675
2026-05-15 17:40:29.027650,True,39.64866272775311,394.48774474236217
2026-05-15 17:41:29.027650,True,39.58534966807864,397.9812455110757
2026-05-15 17:42:29.027650,True,40.00219501033124,395.57231010392024
2026-05-15 17:43:29.027650,True,39.567076477388426,396.49976282239504
2026-05-15 17:44:29.027650,True,39.709905593095584,397.3883257366443
2026-05-15 17:45:29.027650,True,39.70513964048201,393.144126323982
2026-05-15 17:46:29.027650,True,39.53654966784809,394.83240167066
2026-05-15 17:47:29.027650,True,40.06484113326262,392.3942518365701
2026-05-15 17:48:29.027650,True,40.27552761669501,394.71973300848816
2026-05-15 17:49:29.027650,True,40.02439026932758,394.6445764816294
2026-05-15 17:50:29.027650,True,39.90076306087533,395.3578419878493
2026-05-15 17:51:29.027650,True,39.65524024593071,393.09156878297165
2026-05-15 17:52:29.027650,True,40.36178562101352,397.6766927728018
2026-05-15 17:53:29.027650,True,39.87330931627975,393.6244680388613
2026-05-15 17:54:29.027650,True,40.14399954323902,394.45240502658856
2026-05-15 17:55:29.027650,True,39.525386355660345,392.93691558419715
2026-05-15 17:56:29.027650,True,40.2159722288474,395.9535436514609
2026-05-15 17:57:29.027650,True,39.52709599250348,393.3318329715977
2026-05-15 17:58:29.027650,True,39.73107479658807,396.0313564615924
2026-05-15 17:59:29.027650,True,39.519710537754364,392.62465149190746
2026-05-15 18:00:29.027650,True,40.29991608537319,393.071267972326
2026-05-15 18:01:29.027650,True,40.152746107851875,393.42909668628033
2026-05-15 18:02:29.027650,True,39.599441392759346,393.4590331459967
2026-05-15 18:03:29.027650,True,40.22226693185566,397.1341788086377
2026-05-15 18:04:29.027650,True,40.33021986456699,394.3831011777107
2026-05-15 18:05:29.027650,True,40.168085136570646,393.22990577249493
2026-05-15 18:06:29.027650,True,39.79314773026101,397.37801491112674
2026-05-15 18:07:29.027650,True,39.513001923510735,392.5130511851268
2026-05-15 18:08:29.027650,True,39.70788625514603,392.15919322324294
2026-05-15 18:09:29.027650,True,39.681435435089796,395.49824936581814
2026-05-15 18:10:29.027650,True,39.9214245505925,397.35603026646186
2026-05-15 18:11:29.027650,True,40.31744356173844,394.0509041101873
2026-05-15 18:12:29.027650,True,39.759423433431294,394.2781544490036
2026-05-15 18:13:29.027650,True,40.09029494251481,393.60838184493724
2026-05-15 18:14:29.027650,True,40.12414890784913,394.45646991314743
2026-05-15 18:15:29.027650,True,40.05204718085198,394.6167591748119
2026-05-15 18:16:29.027650,True,39.794465759541914,397.69071984177293
2026-05-15 18:17:29.027650,True,40.26360579415976,392.8406790545987
2026-05-15 18:18:29.027650,True,40.368467975897914,394.92458718949706
2026-05-15 18:19:29.027650,True,40.39455222689409,396.7991315356839
2026-05-15 18:20:29.027650,True,39.925213504469234,392.1348158499207
2026-05-15 18:21:29.027650,True,39.768677359384945,395.2498052879652
2026-05-15 18:22:29.027650,True,40.133478219826145,393.5473261125992
2026-05-15 18:23:29.027650,True,39.63935607407282,397.00958142079577
2026-05-15 18:24:29.027650,True,40.484402180703555,395.1541410938161
2026-05-15 18:25:29.027650,True,39.671679285848306,393.63384395911623
2026-05-15 18:26:29.027650,True,39.51839067654747,397.485792839363
2026-05-15 18:27:29.027650,True,39.61775108289014,395.4590988530855
2026-05-15 18:28:29.027650,True,39.7740552206872,395.32506801509476
2026-05-15 18:29:29.027650,True,40.151420388351866,396.9784508222432
2026-05-15 18:30:29.027650,True,39.706421271760604,392.0659749719509
2026-05-15 18:31:29.027650,True,39.636885630068804,397.40011185108864
2026-05-15 18:32:29.027650,True,40.373890077562514,395.5844786130219
2026-05-15 18:33:29.027650,True,40.10051686043365,395.99022004727755
2026-05-15 18:34:29.027650,True,39.67537127862345,397.48647167554975
2026-05-15 18:35:29.027650,True,39.918770524892075,394.29883116949696
2026-05-15 18:36:29.027650,True,40.01891770528284,392.28179580065034
2026-05-15 18:37:29.027650,True,39.666283368756076,396.4282016985582
2026-05-15 18:38:29.027650,True,39.582798667925125,395.61891265679833
2026-05-15 18:39:29.027650,True,39.74534910968132,394.3357736842519
2026-05-15 18:40:29.027650,True,39.788693736770696,394.1340362987897
2026-05-15 18:41:29.027650,True,40.219045905184245,393.78273029373906
2026-05-15 18:42:29.027650,True,40.066404640296895,394.8563024131946
2026-05-15 18:43:29.027650,True,40.16367116536265,397.62097843594853
2026-05-15 18:44:29.027650,True,40.23257209721025,393.28964227154455
2026-05-15 18:45:29.027650,True,39.53118313506128,393.57358426579896
2026-05-15 18:46:29.027650,True,40.095077930700256,392.3085548809055
2026-05-15 18:47:29.027650,True,39.99636624720124,395.58105709350133
2026-05-15 18:48:29.027650,True,39.834243890816964,396.6254732224749
2026-05-15 18:49:29.027650,True,39.606598253133775,392.45082669041483
2026-05-15 18:50:29.027650,True,40.2281887562036,394.9729478972372
2026-05-15 18:51:29.027650,True,40.18840239642773,394.60896403162246
2026-05-15 18:52:29.027650,True,39.74640203323911,396.9146139060452
2026-05-15 18:53:29.027650,True,40.29941587896898,396.1681788251266
2026-05-15 18:54:29.027650,True,39.77214513722996,395.5413840012145
2026-05-15 18:55:29.027650,True,39.860973896940024,392.5494924399598
2026-05-15 18:56:29.027650,True,40.417313575462245,392.8209117855138
2026-05-15 18:57:29.027650,True,40.4502373538208,394.67603463774776
2026-05-15 18:58:29.027650,True,39.68513292883862,395.25140568427014
2026-05-15 18:59:29.027650,True,40.37294583587641,396.39334931845735
2026-05-15 19:00:29.027650,True,40.30656114786145,395.9527002002643
2026-05-15 19:01:29.027650,True,40.192276564517854,397.0951739093919
2026-05-15 19:02:29.027650,True,39.74966800885919,394.93654978185884
2026-05-15 19:03:29.027650,True,39.7212094418196,397.9260080479799
2026-05-15 19:04:29.027650,True,40.44405933968661,392.23656086821103
2026-05-15 19:05:29.027650,True,40.20557517251569,397.551489904494
2026-05-15 19:06:29.027650,True,39.68057534512733,395.4076713833158
2026-05-15 19:07:29.027650,True,40.41548829758804,392.2036758715148
2026-05-15 19:08:29.027650,True,40.19742026724684,393.7840940442353
2026-05-15 19:09:29.027650,True,40.42439619537653,397.8263494709922
2026-05-15 19:10:29.027650,True,40.44426648911343,394.8452852999448
2026-05-15 19:11:29.027650,True,40.362042650989316,397.06729639121045
2026-05-15 19:12:29.027650,True,39.81910047324325,396.97349284490406
2026-05-15 19:13:29.027650,True,39.53700763471549,395.57761927089234
2026-05-15 19:14:29.027650,True,39.730008837287706,392.72340131466365
2026-05-15 19:15:29.027650,True,39.57695320162921,396.1777326552688
2026-05-15 19:16:29.027650,True,39.83987496376807,396.34860062917255
2026-05-15 19:17:29.027650,True,39.56535634079894,393.89174202698365
2026-05-15 19:18:29.027650,True,40.03949129237534,396.7443389890338
2026-05-15 19:19:29.027650,True,39.81875250293207,395.75534825862206
2026-05-15 19:20:29.027650,True,40.385977748236186,395.69517912909384
2026-05-15 19:21:29.027650,True,39.732959474753635,392.14640468933925
2026-05-15 19:22:29.027650,True,40.37009887390093,392.12761646510234
2026-05-15 19:23:29.027650,True,40.374701672684196,395.17362280416324
2026-05-15 19:24:29.027650,True,40.43906769851289,396.792699414642
2026-05-15 19:25:29.027650,True,40.497934110533336,394.10427089271025
2026-05-15 19:26:29.027650,True,40.26718828893112,394.41158548165544
2026-05-15 19:27:29.027650,True,39.97987562030391,395.7650327793102
2026-05-15 19:28:29.027650,True,40.373677114186336,397.9045008151958
2026-05-15 19:29:29.027650,True,40.26827341386452,394.506600693004
2026-05-15 19:30:29.027650,True,39.92135700227707,396.42549380953335
2026-05-15 19:31:29.027650,True,39.7387771457683,392.66284467878836
2026-05-15 19:32:29.027650,True,39.854622157640776,393.72343394992447
2026-05-15 19:33:29.027650,True,39.79630812045599,393.40164650629947
2026-05-15 19:34:29.027650,True,39.54209318963636,392.1072436084005
2026-05-15 19:35:29.027650,True,40.48772238973603,394.5666388024152
2026-05-15 19:36:29.027650,True,39.88432664715968,396.07788369615844
2026-05-15 19:37:29.027650,True,39.71825388786507,397.69976710370133
2026-05-15 19:38:29.027650,True,40.28634501441555,392.53646601387356
2026-05-15 19:39:29.027650,True,39.91758077578493,397.27470984537297
2026-05-15 19:40:29.027650,True,40.44473202229141,394.8044090674992
2026-05-15 19:41:29.027650,True,40.11341138921071,393.0022036765524
2026-05-15 19:42:29.027650,True,40.491168626136975,393.3900302083007
2026-05-15 19:43:29.027650,True,40.442731774135126,395.8978798939542
2026-05-15 19:44:29.027650,True,40.10773679487886,395.07613106609904
2026-05-15 19:45:29.027650,True,39.73066981171776,393.05916819203304
2026-05-15 19:46:29.027650,True,39.720486209070174,393.11862957286553
2026-05-15 19:47:29.027650,True,40.27958447356675,394.1007515550004
2026-05-15 19:48:29.027650,True,39.557842676563396,397.81461578084486
2026-05-15 19:49:29.027650,True,40.38378588496342,397.56651369917125
2026-05-15 19:50:29.027650,True,40.49490782264643,393.04337149531693
2026-05-15 19:51:29.027650,True,39.89624201890266,396.54943085422457
2026-05-15 19:52:29.027650,True,40.196020618053794,392.9233754380391
2026-05-15 19:53:29.027650,True,40.31583312499062,393.34664343101997
2026-05-15 19:54:29.027650,True,39.72381761482262,395.2218465373605
2026-05-15 19:55:29.027650,True,40.0929399348417,395.48051724702685
2026-05-15 19:56:29.027650,True,39.59148683739775,397.26476517578226
2026-05-15 19:57:29.027650,True,39.76560004258871,392.77708952769683
2026-05-15 19:58:29.027650,True,40.388748079868975,397.7339089893785
2026-05-15 19:59:29.027650,True,40.36212761726545,396.8570964483493
2026-05-15 20:00:29.027650,True,40.15524198063902,395.30514422365485
2026-05-15 20:01:29.027650,True,39.58698675991141,394.4507192784242
2026-05-15 20:02:29.027650,True,39.872688517012314,393.55852270256196
2026-05-15 20:03:29.027650,True,40.22342011368858,394.97525441047264
2026-05-15 20:04:29.027650,True,39.58104621590765,393.3210992116989
2026-05-15 20:05:29.027650,True,40.183258763659595,392.4567851569418
2026-05-15 20:06:29.027650,True,40.35120691404877,394.97087916208386
2026-05-15 20:07:29.027650,True,39.98058657732665,395.5544467079571
2026-05-15 20:08:29.027650,True,40.32468096592515,394.08685524741315
2026-05-15 20:09:29.027650,True,40.17801615255907,395.39439178397475
2026-05-15 20:10:29.027650,True,39.76702827016942,397.27177991813096
2026-05-15 20:11:29.027650,True,40.29742602160693,395.95071100795053
2026-05-15 20:12:29.027650,True,40.350581729094245,397.2037652057588
2026-05-15 20:13:29.027650,True,40.20836297671504,397.022079970182
2026-05-15 20:14:29.027650,True,40.19747146166928,396.0808446305618
2026-05-15 20:15:29.027650,True,40.118611378215185,396.51629983734585
2026-05-15 20:16:29.027650,True,39.65860510529308,397.28522455519357
2026-05-15 20:17:29.027650,True,40.371843527745234,392.17548369820736
2026-05-15 20:18:29.027650,True,40.32581675056476,392.77321920484064
2026-05-15 20:19:29.027650,True,39.83511885425914,396.46104953774966
2026-05-15 20:20:29.027650,True,39.66075989604831,396.90780214471437
2026-05-15 20:21:29.027650,True,40.33213417795774,395.04480640256503
2026-05-15 20:22:29.027650,True,39.50638587171683,393.7222287990495
2026-05-15 20:23:29.027650,True,40.11692691837574,397.8871170681645
2026-05-15 20:24:29.027650,True,40.13181352701667,393.55882148638494
2026-05-15 20:25:29.027650,True,40.13400570309961,395.23991227829515
2026-05-15 20:26:29.027650,True,40.27984539515114,392.64188383296175
2026-05-15 20:27:29.027650,True,40.26102790250203,395.24759947205666
2026-05-15 20:28:29.027650,True,40.46299200385899,394.0512329962321
2026-05-15 20:29:29.027650,True,40.13262189313395,397.5921686330601
2026-05-15 20:30:29.027650,True,39.60250972799068,397.6233709234187
2026-05-15 20:31:29.027650,True,40.18788572230081,392.407022354631
2026-05-15 20:32:29.027650,True,39.80096356694682,396.2490325318717
2026-05-15 20:33:29.027650,True,39.567350601468775,395.49302276105766
2026-05-15 20:34:29.027650,True,39.84588305695296,395.72549310660486
2026-05-15 20:35:29.027650,True,39.545742033812516,397.22922083691424
2026-05-15 20:36:29.027650,True,40.473488969177396,397.81326713171416
2026-05-15 20:37:29.027650,True,40.24965183174292,392.7805174407838
2026-05-15 20:38:29.027650,True,40.258263195929025,392.1475214987528
2026-05-15 20:39:29.027650,True,39.522123551529,393.94166131489726
2026-05-15 20:40:29.027650,True,39.988643190404666,396.62244450684676
2026-05-15 20:41:29.027650,True,40.1832953766065,394.6754162382605
2026-05-15 20:42:29.027650,True,39.773626666281665,397.9827470009463
2026-05-15 20:43:29.027650,True,39.926181302235975,394.70832214597806
2026-05-15 20:44:29.027650,True,39.66362382119167,396.7688572924996
2026-05-15 20:45:29.027650,True,40.19368222578149,393.32461767673254
2026-05-15 20:46:29.027650,True,39.58238104561584,396.0829958124483
2026-05-15 20:47:29.027650,True,40.154511214281136,393.6395571619893
2026-05-15 20:48:29.027650,True,40.45086356225041,392.9063473506854
2026-05-15 20:49:29.027650,True,39.9323348010426,397.6616955210056
2026-05-15 20:50:29.027650,True,39.91972731692612,395.8311556859845
2026-05-15 20:51:29.027650,True,39.89759439796279,393.645291214092
2026-05-15 20:52:29.027650,True,40.483977647959826,394.45600403789024
2026-05-15 20:53:29.027650,True,40.39409920367913,393.3797276353465
2026-05-15 20:54:29.027650,True,39.713104704025085,392.1868044973071
2026-05-15 20:55:29.027650,True,40.151666825375884,394.2111580623426
2026-05-15 20:56:29.027650,True,40.36435824983964,394.83925944014936
2026-05-15 20:57:29.027650,True,40.46819342791472,393.1131530942187
2026-05-15 20:58:29.027650,True,40.36862316795561,396.6595811167505
2026-05-15 20:59:29.027650,True,40.27092184464405,397.06869936870135
2026-05-15 21:00:29.027650,True,40.261023990943,395.7573219297885
2026-05-15 21:01:29.027650,True,39.631244877682384,392.1951570769475
2026-05-15 21:02:29.027650,True,40.420847847815686,395.69990188712444
2026-05-15 21:03:29.027650,True,40.296537290976175,394.8891341090753
2026-05-15 21:04:29.027650,True,39.6173081889624,392.7511147532153
2026-05-15 21:05:29.027650,True,40.18556528722897,394.5818353693968
2026-05-15 21:06:29.027650,True,39.70052472670034,394.9495672804486
2026-05-15 21:07:29.027650,True,39.564208937075136,395.4918284114864
2026-05-15 21:08:29.027650,True,39.7689934044351,396.7853546038231
2026-05-15 21:09:29.027650,True,39.81036195892357,394.7313208944908
2026-05-15 21:10:29.027650,True,39.5116205399081,392.43468132676736
2026-05-15 21:11:29.027650,True,39.892493556406684,394.87963300830273
2026-05-15 21:12:29.027650,True,40.1000205481193,393.7499754722558
2026-05-15 21:13:29.027650,True,40.19498188612654,397.1607343831352
2026-05-15 21:14:29.027650,True,40.27985098889335,392.23771295209013
2026-05-15 21:15:29.027650,True,39.98050694725783,392.62958107050906
2026-05-15 21:16:29.027650,True,39.74204501586253,397.9199755596029
2026-05-15 21:17:29.027650,True,39.642495542901514,394.9933289207081
2026-05-15 21:18:29.027650,True,40.11815573431812,396.2147898232646
2026-05-15 21:19:29.027650,True,40.05964868348691,392.0586250845151
2026-05-15 21:20:29.027650,True,39.82646130824399,395.10626986030826
2026-05-15 21:21:29.027650,True,39.58786649914483,394.10376158725506
2026-05-15 21:22:29.027650,True,39.53320310879137,392.4714709829301
2026-05-15 21:23:29.027650,True,39.8969232762016,392.79629452425837
2026-05-15 21:24:29.027650,True,40.06754084826156,396.1367898148236
2026-05-15 21:25:29.027650,True,40.30058669910908,393.20090146546886
2026-05-15 21:26:29.027650,True,39.66748258225907,392.6274070420064
2026-05-15 21:27:29.027650,True,40.136430249543636,396.2388543589214
2026-05-15 21:28:29.027650,True,39.53158614482564,397.61727347746216
2026-05-15 21:29:29.027650,True,39.551971283651476,395.2477780118064
2026-05-15 21:30:29.027650,True,40.209060519450915,397.22581474247653
2026-05-15 21:31:29.027650,True,40.214086932132425,396.81036849841877
2026-05-15 21:32:29.027650,True,39.839450192542806,396.88895068247905
2026-05-15 21:33:29.027650,True,39.580114846384674,397.36889993636316
2026-05-15 21:34:29.027650,True,40.04759237615374,396.90378661977496
2026-05-15 21:35:29.027650,True,39.9523182845183,395.86146617117913
2026-05-15 21:36:29.027650,True,40.026402660936114,396.389537130532
2026-05-15 21:37:29.027650,True,39.58162998203059,392.36211250394337
2026-05-15 21:38:29.027650,True,39.74710323401015,392.9572680806791
2026-05-15 21:39:29.027650,True,40.3717835665922,393.3152839241483
2026-05-15 21:40:29.027650,True,40.47586525581913,394.02137475062665
2026-05-15 21:41:29.027650,True,39.6821179156887,396.73819104285485
2026-05-15 21:42:29.027650,True,40.15870777550088,394.9891742987188
2026-05-15 21:43:29.027650,True,40.05536355093763,396.3152106696336
2026-05-15 21:44:29.027650,True,39.7284547413313,397.9780034963405
2026-05-15 21:45:29.027650,True,40.47479316214678,395.9019541180816
2026-05-15 21:46:29.027650,True,39.699542450929144,396.08136945458773
2026-05-15 21:47:29.027650,True,39.572198408979176,392.1839150132348
2026-05-15 21:48:29.027650,True,39.75768288851121,394.7757377404359
2026-05-15 21:49:29.027650,True,40.36827250540838,396.36301441859786
2026-05-15 21:50:29.027650,True,40.24270652119998,394.55296000668847
2026-05-15 21:51:29.027650,True,39.845934992546965,394.22623257790764
2026-05-15 21:52:29.027650,True,40.487649563736056,392.2406551484749
2026-05-15 21:53:29.027650,True,40.36703149612245,395.47205245143437
2026-05-15 21:54:29.027650,True,39.93861541918959,396.35154596249083
2026-05-15 21:55:29.027650,True,39.9866689414247,397.24053942848997
2026-05-15 21:56:29.027650,True,40.40070186401126,394.5303255612407
2026-05-15 21:57:29.027650,True,39.77682779723505,395.55410197156016
2026-05-15 21:58:29.027650,True,40.41236334561669,393.263973134034
2026-05-15 21:59:29.027650,True,40.12296658356348,395.78936132055514
2026-05-15 22:00:29.027650,True,40.23311302241528,392.78940611076354
2026-05-15 22:01:29.027650,True,40.21582496468209,397.4541951239938
2026-05-15 22:02:29.027650,True,39.67968310887024,393.42525994954326
2026-05-15 22:03:29.027650,True,40.47139509404164,393.08586171625694
2026-05-15 22:04:29.027650,True,40.35438509336958,394.9536671386882
2026-05-15 22:05:29.027650,True,39.747231074403174,397.22449940763505
2026-05-15 22:06:29.027650,True,39.945305255002665,395.0889041235781
2026-05-15 22:07:29.027650,True,39.85923336939977,395.5577051086096
2026-05-15 22:08:29.027650,True,39.663523872585024,394.34648921991055
2026-05-15 22:09:29.027650,True,40.46941232233529,393.5488005962068
2026-05-15 22:10:29.027650,True,40.15673666454129,393.9511403853482
2026-05-15 22:11:29.027650,True,40.2734731256866,392.7852419643101
2026-05-15 22:12:29.027650,True,40.46982104507855,394.7227372483018
2026-05-15 22:13:29.027650,True,39.736050463346466,392.44098048398007
2026-05-15 22:14:29.027650,True,39.66975790508754,395.1186436913361
2026-05-15 22:15:29.027650,True,39.83700317643129,396.9733001952957
2026-05-15 22:16:29.027650,True,39.93088752366181,393.4922856355258
2026-05-15 22:17:29.027650,True,40.11714498660403,396.2406633013127
2026-05-15 22:18:29.027650,True,39.66704190790095,393.0057152977299
2026-05-15 22:19:29.027650,True,39.536671426933545,396.4184120903939
2026-05-15 22:20:29.027650,True,40.16380452762181,394.8477852544989
2026-05-15 22:21:29.027650,True,40.344170448969194,396.83402091770034
2026-05-15 22:22:29.027650,True,40.08535436439675,397.20962768307953
2026-05-15 22:23:29.027650,True,39.705841210036766,392.67151771638635
2026-05-15 22:24:29.027650,True,39.76974961151699,392.3425211365359
2026-05-15 22:25:29.027650,True,40.03116952800103,397.61963415376977
2026-05-15 22:26:29.027650,True,39.53934354066851,392.73265948406015
2026-05-15 22:27:29.027650,True,39.95219902828344,397.60325010516743
2026-05-15 22:28:29.027650,True,39.81615610497675,395.04340885213037
2026-05-15 22:29:29.027650,True,39.54157285905039,392.89005920577256
2026-05-15 22:30:29.027650,True,40.48663012295885,397.7907121786163
2026-05-15 22:31:29.027650,True,39.50493998093441,397.7108707125394
2026-05-15 22:32:29.027650,True,40.1391199378155,397.20750976712014
2026-05-15 22:33:29.027650,True,39.95473985563386,395.0935761714755
2026-05-15 22:34:29.027650,True,39.98884658025692,396.0011855452766
2026-05-15 22:35:29.027650,True,39.639651254756316,392.17984153923607
2026-05-15 22:36:29.027650,True,39.80792994159119,396.22808457641986
2026-05-15 22:37:29.027650,True,39.70185345212295,396.0405945999495
2026-05-15 22:38:29.027650,True,40.46991204610727,392.56340429473653
2026-05-15 22:39:29.027650,True,40.17260211822513,394.6625013158274
2026-05-15 22:40:29.027650,True,40.3681422543775,393.0628987366843
2026-05-15 22:41:29.027650,True,40.192625952226166,397.02869173788866
2026-05-15 22:42:29.027650,True,40.444614219474026,396.09948816973787
2026-05-15 22:43:29.027650,True,39.99717476400843,395.70708344120726
2026-05-15 22:44:29.027650,True,40.36890498447872,395.42365847983297
2026-05-15 22:45:29.027650,True,39.530387059696835,397.5856921730419
2026-05-15 22:46:29.027650,True,40.18952675103156,396.0590803146635
2026-05-15 22:47:29.027650,True,39.715675152397715,395.95331282139597
2026-05-15 22:48:29.027650,True,39.893864405654156,395.90739786224896
2026-05-15 22:49:29.027650,True,39.60659303030799,395.94707182761823
2026-05-15 22:50:29.027650,True,40.499413725770665,392.28927223316333
2026-05-15 22:51:29.027650,True,40.47717418422132,394.4414477643372
2026-05-15 22:52:29.027650,True,40.37075345033726,396.69431290434966
2026-05-15 22:53:29.027650,True,40.06701626098667,396.43069525550794
2026-05-15 22:54:29.027650,True,40.37851556130135,394.4248419299062
2026-05-15 22:55:29.027650,True,39.827033161563236,396.0055603133815
2026-05-15 22:56:29.027650,True,40.30784594194126,396.5737108086597
2026-05-15 22:57:29.027650,True,40.297813648858636,394.6134998888776
2026-05-15 22:58:29.027650,True,40.31783421617502,392.7212543322236
2026-05-15 22:59:29.027650,True,40.04448909796085,392.03455196298876
2026-05-15 23:00:29.027650,True,39.82458582990027,394.1987692092284
2026-05-15 23:01:29.027650,True,39.89617269160926,396.17280324013916
2026-05-15 23:02:29.027650,True,39.88855810127035,394.69216173573517
2026-05-15 23:03:29.027650,True,39.737544130874326,394.23951074977606
2026-05-15 23:04:29.027650,True,39.727269627263155,392.43917554261066
2026-05-15 23:05:29.027650,True,40.10344859338138,396.0092767913301
2026-05-15 23:06:29.027650,True,40.11949034600961,394.7809642628034
2026-05-15 23:07:29.027650,True,39.87978578017923,397.18000189743094
2026-05-15 23:08:29.027650,True,40.019081785136216,394.8750912657784
2026-05-15 23:09:29.027650,True,39.52564206580644,394.04748696575695
2026-05-15 23:10:29.027650,True,39.880195618785855,394.3929366853814
2026-05-15 23:11:29.027650,True,40.080172369227334,395.2016152803613
2026-05-15 23:12:29.027650,True,40.107905092793445,396.5892995692528
2026-05-15 23:13:29.027650,True,40.312985738716094,396.30873845735897
2026-05-15 23:14:29.027650,True,40.45552369595494,392.10939549605814
2026-05-15 23:15:29.027650,True,39.69577798568355,392.04537724986886
2026-05-15 23:16:29.027650,True,40.147474714154605,397.3881832936999
2026-05-15 23:17:29.027650,True,39.743482296576296,397.56220726877785
2026-05-15 23:18:29.027650,True,39.56026739028956,397.6066161608331
2026-05-15 23:19:29.027650,True,39.85162268723963,392.60852497069527
2026-05-15 23:20:29.027650,True,39.985871759186324,393.5406594063231
2026-05-15 23:21:29.027650,True,39.784872901961926,393.84373978955773
2026-05-15 23:22:29.027650,True,40.30302589783266,395.23496766005155
2026-05-15 23:23:29.027650,True,39.811307699156,395.6620026998655
2026-05-15 23:24:29.027650,True,40.216150674223194,393.6357440044012
2026-05-15 23:25:29.027650,True,39.913549101525355,392.7313165600217
2026-05-15 23:26:29.027650,True,39.68114934953468,396.0867071237899
2026-05-15 23:27:29.027650,True,39.681438347695625,395.1509803020024
2026-05-15 23:28:29.027650,True,40.209046261722435,392.6412615385685
2026-05-15 23:29:29.027650,True,40.0673122196289,393.5393767022082
2026-05-15 23:30:29.027650,True,40.46292687523758,394.90127388031954
2026-05-15 23:31:29.027650,True,40.305992549775155,395.3013592529376
2026-05-15 23:32:29.027650,True,39.543412532854816,395.79890825356415
2026-05-15 23:33:29.027650,True,40.45140334220666,395.609670920878
2026-05-15 23:34:29.027650,True,40.31918885942679,397.30523878009046
2026-05-15 23:35:29.027650,True,39.728079771948934,393.2722690394494
2026-05-15 23:36:29.027650,True,40.11098098885099,394.4661708188402
2026-05-15 23:37:29.027650,True,40.33986130286672,397.40013874038806
2026-05-15 23:38:29.027650,True,39.853421379302716,393.42122335384687
2026-05-15 23:39:29.027650,True,40.28052551524386,393.6488362132888
2026-05-15 23:40:29.027650,True,40.32261431851368,394.5424295218926
2026-05-15 23:41:29.027650,True,40.16754989929147,392.573211883008
2026-05-15 23:42:29.027650,True,40.12385932467657,394.7106060724234
2026-05-15 23:43:29.027650,True,40.08660846317547,393.0080852464692
2026-05-15 23:44:29.027650,True,40.236873744944184,397.17678246525935
2026-05-15 23:45:29.027650,True,39.71673980009078,392.574287333121
2026-05-15 23:46:29.027650,True,39.52363858604634,395.8518290026596
2026-05-15 23:47:29.027650,True,40.10709403608878,395.28018447628443
2026-05-15 23:48:29.027650,True,39.731947096115974,394.3454359754331
2026-05-15 23:49:29.027650,True,40.09447633518617,394.980601153155
2026-05-15 23:50:29.027650,True,40.487785520214885,392.8186385153404
2026-05-15 23:51:29.027650,True,40.195144554047594,394.42591260862577
2026-05-15 23:52:29.027650,True,39.92819961492562,396.30558659394904
2026-05-15 23:53:29.027650,True,40.19243615132437,397.9475359622131
2026-05-15 23:54:29.027650,True,39.62839428945413,392.624657896305
2026-05-15 23:55:29.027650,True,40.22433881712874,395.4703215020385
2026-05-15 23:56:29.027650,True,39.77416066655981,392.4765162139339
2026-05-15 23:57:29.027650,True,39.58565824959643,397.3651452479847
2026-05-15 23:58:29.027650,True,39.69186732471874,393.9402293726931
2026-05-15 23:59:29.027650,True,39.726656402226986,394.1299778349916
2026-05-16 00:00:29.027650,True,39.56942384274609,395.11435874544964
2026-05-16 00:01:29.027650,True,39.56761256359221,396.80213904693414
2026-05-16 00:02:29.027650,True,39.73371208191043,395.24007148762706
2026-05-16 00:03:29.027650,True,40.380079087561455,395.9052642142832
2026-05-16 00:04:29.027650,True,40.032957786551336,393.94600251869224
2026-05-16 00:05:29.027650,True,39.8330019130582,396.01692173118914
2026-05-16 00:06:29.027650,True,40.494139361221166,395.9710351390963
2026-05-16 00:07:29.027650,True,40.057783417370025,396.3839030614355
2026-05-16 00:08:29.027650,True,39.96520561228372,392.3608540556047
2026-05-16 00:09:29.027650,True,40.06229681587791,397.7457517070323
2026-05-16 00:10:29.027650,True,39.67530294235766,396.140029344924
2026-05-16 00:11:29.027650,True,39.700933688659056,395.21496610683846
2026-05-16 00:12:29.027650,True,39.59667644964672,394.7022256175491
2026-05-16 00:13:29.027650,True,40.25616332889525,394.0854291454339
2026-05-16 00:14:29.027650,True,40.16491172448722,396.7726997647384
2026-05-16 00:15:29.027650,True,40.42717781947945,393.4078524911327
2026-05-16 00:16:29.027650,True,39.89931591580931,392.9144960799825
2026-05-16 00:17:29.027650,True,40.49248350215837,397.56200580754575
2026-05-16 00:18:29.027650,True,40.03995713028056,397.0521997662585
2026-05-16 00:19:29.027650,True,40.02095797727204,395.74151412801655
2026-05-16 00:20:29.027650,True,39.589124432116016,396.53162252298085
2026-05-16 00:21:29.027650,True,39.62771348363523,396.9564057815152
2026-05-16 00:22:29.027650,True,40.28202808767038,396.25246818645786
2026-05-16 00:23:29.027650,True,39.53616038052476,393.81877013567197
2026-05-16 00:24:29.027650,True,39.763112569910845,394.1608184448291
2026-05-16 00:25:29.027650,True,39.58764274676384,397.6217469381864
2026-05-16 00:26:29.027650,True,40.05380224071238,393.8331458639481
2026-05-16 00:27:29.027650,True,39.89698151707428,394.683215243029
2026-05-16 00:28:29.027650,True,40.10059433336062,395.094076566179
2026-05-16 00:29:29.027650,True,40.41939197321442,394.981780897435
2026-05-16 00:30:29.027650,True,40.49215801482331,397.1085497464706
2026-05-16 00:31:29.027650,True,39.708510514357336,397.5835712878635
2026-05-16 00:32:29.027650,True,39.61636639788548,396.90469825094715
2026-05-16 00:33:29.027650,True,39.88062329347658,397.2678459226704
2026-05-16 00:34:29.027650,True,40.36805669010745,396.83555240070575
2026-05-16 00:35:29.027650,True,40.29003043630706,393.8280748345882
2026-05-16 00:36:29.027650,True,39.58091928305125,394.41788107259094
2026-05-16 00:37:29.027650,True,39.67352451498651,396.1697065334148
2026-05-16 00:38:29.027650,True,39.84609972653779,397.8536612051595
2026-05-16 00:39:29.027650,True,40.14097207734533,396.9348833818062
2026-05-16 00:40:29.027650,True,39.63252467274185,397.1720868936357
2026-05-16 00:41:29.027650,True,40.422757190513394,394.9223715129136
2026-05-16 00:42:29.027650,True,40.10625293775098,396.588858805418
2026-05-16 00:43:29.027650,True,39.674838627260414,395.01539645878063
2026-05-16 00:44:29.027650,True,39.898663027772315,392.8782439529735
2026-05-16 00:45:29.027650,True,39.867534422291534,392.409033856313
2026-05-16 00:46:29.027650,True,39.525811906949485,392.81099773492895
2026-05-16 00:47:29.027650,True,40.463115111589175,395.2971772153701
2026-05-16 00:48:29.027650,True,40.46582216115322,394.5949872699808
2026-05-16 00:49:29.027650,True,39.81181613308526,395.03685117704146
2026-05-16 00:50:29.027650,True,39.93951168863291,392.63398810557044
2026-05-16 00:51:29.027650,True,40.14082631469021,393.2962290950576
2026-05-16 00:52:29.027650,True,40.11958795489783,395.9012065543889
2026-05-16 00:53:29.027650,True,39.65202485312865,392.36809776266404
2026-05-16 00:54:29.027650,True,40.28076158606844,394.7588025426159
2026-05-16 00:55:29.027650,True,39.55816379550548,397.9691979030186
2026-05-16 00:56:29.027650,True,39.55778056099636,396.17021137315135
2026-05-16 00:57:29.027650,True,40.48367892526341,393.43508062529554
2026-05-16 00:58:29.027650,True,39.642249368687196,392.72830963653456
2026-05-16 00:59:29.027650,True,39.8032751475676,392.60627486606387
2026-05-16 01:00:29.027650,True,40.19216134169413,392.3737507887804
2026-05-16 01:01:29.027650,True,40.00942212814979,397.98018112311786
2026-05-16 01:02:29.027650,True,40.31397026950602,395.69131662938605
2026-05-16 01:03:29.027650,True,39.80625362078661,395.7433750177498
2026-05-16 01:04:29.027650,True,40.02704146391165,394.5565003033422
2026-05-16 01:05:29.027650,True,39.6307103767402,397.3196252914428
2026-05-16 01:06:29.027650,True,39.94978464882132,393.1677350709246
2026-05-16 01:07:29.027650,True,39.86775935087729,394.48477851517356
2026-05-16 01:08:29.027650,True,40.32753789556688,396.4016862833684
2026-05-16 01:09:29.027650,True,40.26930489364134,392.06618758657186
2026-05-16 01:10:29.027650,True,39.91615399817976,394.88806490981193
2026-05-16 01:11:29.027650,True,39.519192276823055,393.5588792524702
2026-05-16 01:12:29.027650,True,40.260289823122136,392.822658234374
2026-05-16 01:13:29.027650,True,40.03531013145259,393.2912112321034
2026-05-16 01:14:29.027650,True,39.51212077464389,393.44720874559727
2026-05-16 01:15:29.027650,True,40.475873754910054,396.80922267129796
2026-05-16 01:16:29.027650,True,40.45957664432103,394.9271242635582
2026-05-16 01:17:29.027650,True,39.6097361986775,395.28775693384216
2026-05-16 01:18:29.027650,True,39.95437733455996,397.0661424964377
2026-05-16 01:19:29.027650,True,39.598082580784244,394.92944682213067
2026-05-16 01:20:29.027650,True,39.65004866469398,393.94805556134037
2026-05-16 01:21:29.027650,True,40.2373570773878,394.8561087762126
2026-05-16 01:22:29.027650,True,39.87588828514577,394.36685767142023
2026-05-16 01:23:29.027650,True,39.95944676840599,396.71009926302236
2026-05-16 01:24:29.027650,True,40.39208468894024,397.7320081190236
2026-05-16 01:25:29.027650,True,40.2869033862553,393.8924413744881
2026-05-16 01:26:29.027650,True,40.188134706086544,394.62561874433237
2026-05-16 01:27:29.027650,True,39.75467062204605,397.04522947655556
2026-05-16 01:28:29.027650,True,39.538426348962325,397.4105719528125
2026-05-16 01:29:29.027650,True,39.961477464624735,395.82320886084966
2026-05-16 01:30:29.027650,True,40.15935392220578,397.3707064442392
2026-05-16 01:31:29.027650,True,40.13666968216721,395.68360150856034
2026-05-16 01:32:29.027650,True,39.56665204056069,395.1104481316712
2026-05-16 01:33:29.027650,True,39.650169000817044,396.4246026123289
2026-05-16 01:34:29.027650,True,40.01222192081268,396.08136667525014
2026-05-16 01:35:29.027650,True,39.541672900602386,392.5087520962748
2026-05-16 01:36:29.027650,True,40.21632338806268,392.43250601599203
2026-05-16 01:37:29.027650,True,39.57125672776526,392.0726508514093
2026-05-16 01:38:29.027650,True,40.45650139829948,396.425050156754
2026-05-16 01:39:29.027650,True,39.85325140850206,393.77921348772594
2026-05-16 01:40:29.027650,True,39.84970322974585,396.6479211870871
2026-05-16 01:41:29.027650,True,40.16137061107042,393.11117340720483
2026-05-16 01:42:29.027650,True,39.67410933533409,392.5903738982804
2026-05-16 01:43:29.027650,True,40.160302719701335,396.5862359733304
2026-05-16 01:44:29.027650,True,39.76504642832501,392.12566976618547
2026-05-16 01:45:29.027650,True,39.58217166747643,397.80716020907016
2026-05-16 01:46:29.027650,True,39.79544477747742,396.6153388870288
2026-05-16 01:47:29.027650,True,40.12466356885427,394.2916378379174
2026-05-16 01:48:29.027650,True,39.70568726219555,392.7283185089564
2026-05-16 01:49:29.027650,True,40.11501296803887,396.64780268382674
2026-05-16 01:50:29.027650,True,40.14390425354113,395.18181279949494
2026-05-16 01:51:29.027650,True,39.54195122343164,397.8109326655663
2026-05-16 01:52:29.027650,True,40.298714191654575,393.7569322202058
2026-05-16 01:53:29.027650,True,40.47997032935885,395.6112895378179
2026-05-16 01:54:29.027650,True,40.08242265820725,396.4884390765772
2026-05-16 01:55:29.027650,True,40.31176978809014,395.938871643989
2026-05-16 01:56:29.027650,True,39.6280957463662,394.029605035967
2026-05-16 01:57:29.027650,True,40.42808364032605,393.3476936710631
2026-05-16 01:58:29.027650,True,39.87216702383751,394.5924612976652
2026-05-16 01:59:29.027650,True,39.93940498969445,395.67763749496714
2026-05-16 02:00:29.027650,True,40.44307583774471,393.44415627099505
2026-05-16 02:01:29.027650,True,39.62150137630092,393.18482293915963
2026-05-16 02:02:29.027650,True,40.38692490020927,395.8748648759312
2026-05-16 02:03:29.027650,True,39.785906789239164,396.8956816338117
2026-05-16 02:04:29.027650,True,40.361369996363436,397.0790860321417
2026-05-16 02:05:29.027650,True,40.41892653363956,393.51344612104015
2026-05-16 02:06:29.027650,True,40.25504192874628,394.76323698364484
2026-05-16 02:07:29.027650,True,40.34199855289006,396.37094406296967
2026-05-16 02:08:29.027650,True,40.27644744649972,395.93697102608644
2026-05-16 02:09:29.027650,True,39.67742876946971,395.27016151338165
2026-05-16 02:10:29.027650,True,40.484669739524506,397.6243283989827
2026-05-16 02:11:29.027650,True,39.54317373579701,392.9888888943766
2026-05-16 02:12:29.027650,True,39.63172877345456,396.35587945991176
2026-05-16 02:13:29.027650,True,40.317785329856946,393.28106819786404
2026-05-16 02:14:29.027650,True,40.00585269295183,397.0442181680672
2026-05-16 02:15:29.027650,True,40.232801544766254,395.2534232329511
2026-05-16 02:16:29.027650,True,40.09034769045877,395.0501632814977
2026-05-16 02:17:29.027650,True,39.79754845131882,395.3901319571541
2026-05-16 02:18:29.027650,True,40.18888530205009,397.23993749516484
2026-05-16 02:19:29.027650,True,40.136291353979246,396.56672922225897
2026-05-16 02:20:29.027650,True,39.660071634954576,394.7693448465187
2026-05-16 02:21:29.027650,True,39.509331619827094,393.48007318712973
2026-05-16 02:22:29.027650,True,40.226461715113004,397.9508597080962
2026-05-16 02:23:29.027650,True,39.59917809958721,394.40896589516774
2026-05-16 02:24:29.027650,True,40.30007096869916,393.22421380777337
2026-05-16 02:25:29.027650,True,40.055084949302284,396.39842777617804
2026-05-16 02:26:29.027650,True,40.115985450260176,393.1281484076925
2026-05-16 02:27:29.027650,True,39.85538456868574,396.7027507069124
2026-05-16 02:28:29.027650,True,40.05422651413202,392.0313776812575
2026-05-16 02:29:29.027650,True,40.26099076002809,392.21186812964146
2026-05-16 02:30:29.027650,True,40.24573378273123,393.21488336099145
2026-05-16 02:31:29.027650,True,40.45807348011938,394.2076445078125
2026-05-16 02:32:29.027650,True,39.82693161633808,392.89332830199464
2026-05-16 02:33:29.027650,True,39.80560421549021,397.2599045709692
2026-05-16 02:34:29.027650,True,40.496334337627246,394.2098571830411
2026-05-16 02:35:29.027650,True,39.94861063095454,396.3324256292164
2026-05-16 02:36:29.027650,True,40.38619578046507,395.5582660051207
2026-05-16 02:37:29.027650,True,39.89152569817783,394.4757310450917
2026-05-16 02:38:29.027650,True,40.195618146496805,392.0193095816257
2026-05-16 02:39:29.027650,True,40.11958933745984,394.13295806264813
2026-05-16 02:40:29.027650,True,40.29419733127708,392.5579438389388
2026-05-16 02:41:29.027650,True,40.08820226694839,394.88583733931677
2026-05-16 02:42:29.027650,True,40.14232552590523,392.3891215668978
2026-05-16 02:43:29.027650,True,40.079983787428134,395.36890752775713
2026-05-16 02:44:29.027650,True,40.06066009441617,395.62092599957873
2026-05-16 02:45:29.027650,True,40.17646793722636,396.82993399808464
2026-05-16 02:46:29.027650,True,39.769820720128216,396.95029646108037
2026-05-16 02:47:29.027650,True,39.998255682263455,392.462349674806
2026-05-16 02:48:29.027650,True,39.55855092924398,394.00542991217634
2026-05-16 02:49:29.027650,True,40.284896977111465,396.24608560844547
2026-05-16 02:50:29.027650,True,40.288614964672405,395.10361433864966
2026-05-16 02:51:29.027650,True,39.94019899795549,392.8847151602377
2026-05-16 02:52:29.027650,True,39.828192753609315,394.60411619704325
2026-05-16 02:53:29.027650,True,39.588600429679616,393.32367171626726
2026-05-16 02:54:29.027650,True,40.09822529406374,396.41397868543515
2026-05-16 02:55:29.027650,True,40.49834751139295,397.59867998806135
2026-05-16 02:56:29.027650,True,40.14256519953519,394.5274883197644
2026-05-16 02:57:29.027650,True,40.13617736470823,396.71390970848137
2026-05-16 02:58:29.027650,True,39.61833619092339,394.45942933817776
2026-05-16 02:59:29.027650,True,40.33980228563562,394.30299771159827
2026-05-16 03:00:29.027650,True,40.071872271227186,395.5266161651732
2026-05-16 03:01:29.027650,True,39.68447625313364,394.17341264991376
2026-05-16 03:02:29.027650,True,39.83451128874193,392.1571802511924
2026-05-16 03:03:29.027650,True,39.52419176389135,396.99018226205465
2026-05-16 03:04:29.027650,True,39.773070809972815,395.10847259743286
2026-05-16 03:05:29.027650,True,39.798725573588776,397.64407547069203
2026-05-16 03:06:29.027650,True,39.75929675886577,394.5779408764336
2026-05-16 03:07:29.027650,True,40.3727302504846,397.0516014007508
2026-05-16 03:08:29.027650,True,39.686101417846274,396.8158598587743
2026-05-16 03:09:29.027650,True,39.95818688673789,394.89781323251214
2026-05-16 03:10:29.027650,True,39.63347997241594,392.4836090825427
2026-05-16 03:11:29.027650,True,40.22793930697377,394.9787669141318
2026-05-16 03:12:29.027650,True,39.93685070261518,396.3770493719144
2026-05-16 03:13:29.027650,True,40.26551289899111,392.9534490060161
2026-05-16 03:14:29.027650,True,40.11022514947764,392.8121244936661
2026-05-16 03:15:29.027650,True,40.25137508602904,395.9417309376028
2026-05-16 03:16:29.027650,True,40.45661462108346,392.4137480981385
2026-05-16 03:17:29.027650,True,39.55705472115125,393.6931224481592
2026-05-16 03:18:29.027650,True,39.761705683735904,393.481872794432
2026-05-16 03:19:29.027650,True,40.406254580521036,393.497277199097
2026-05-16 03:20:29.027650,True,39.77194972612863,396.55638957450776
2026-05-16 03:21:29.027650,True,39.94973984245054,396.6602633417311
2026-05-16 03:22:29.027650,True,39.565366157564384,394.9254271620403
2026-05-16 03:23:29.027650,True,39.53361360018328,392.3759192207321
2026-05-16 03:24:29.027650,True,40.40643745334441,392.8354722267056
2026-05-16 03:25:29.027650,True,40.032420682275216,394.46657361560426
2026-05-16 03:26:29.027650,True,39.847343326258844,397.39900007412365
2026-05-16 03:27:29.027650,True,39.52182339677549,395.98273811705354
2026-05-16 03:28:29.027650,True,40.46339443421355,395.36100910077107
2026-05-16 03:29:29.027650,True,40.43682246203309,392.31354727571613
2026-05-16 03:30:29.027650,True,39.91879331907416,393.5609467457723
2026-05-16 03:31:29.027650,True,40.23082096498073,397.8877825429835
2026-05-16 03:32:29.027650,True,39.75653006244425,395.92504760884447
2026-05-16 03:33:29.027650,True,39.69809763275974,395.39198152742966
2026-05-16 03:34:29.027650,True,39.963932486688336,397.8320319777892
2026-05-16 03:35:29.027650,True,40.10852727269646,394.0970382325209
2026-05-16 03:36:29.027650,True,39.61409578488794,392.9074809724096
2026-05-16 03:37:29.027650,True,39.725316929951234,393.5057999680418
2026-05-16 03:38:29.027650,True,40.35061605784114,395.3673367296951
2026-05-16 03:39:29.027650,True,40.023390911374364,392.6886132312153
2026-05-16 03:40:29.027650,True,40.36013969334944,396.3368858192509
2026-05-16 03:41:29.027650,True,39.567668361900004,396.2470105833786
2026-05-16 03:42:29.027650,True,40.04353821734264,392.49035207448065
2026-05-16 03:43:29.027650,True,39.95830064152866,394.9081777227803
2026-05-16 03:44:29.027650,True,39.66577454016328,397.6741888820017
2026-05-16 03:45:29.027650,True,40.34997537148066,396.01413402397463
2026-05-16 03:46:29.027650,True,39.96229556100061,394.47059324950703
2026-05-16 03:47:29.027650,True,40.150973467150955,395.2725912164414
2026-05-16 03:48:29.027650,True,39.562273105881886,395.075015892622
2026-05-16 03:49:29.027650,True,40.30640361723284,394.75543926558174
2026-05-16 03:50:29.027650,True,39.55195657755427,396.7176691963042
2026-05-16 03:51:29.027650,True,39.70136378213597,393.5517250093282
2026-05-16 03:52:29.027650,True,39.664706353432294,393.981290389229
2026-05-16 03:53:29.027650,True,40.256751505688634,395.1163151570236
2026-05-16 03:54:29.027650,True,39.704881274150715,397.26698046891227
2026-05-16 03:55:29.027650,True,40.37958185495153,397.22347055027603
2026-05-16 03:56:29.027650,True,39.73879621138154,394.7074360650859
2026-05-16 03:57:29.027650,True,40.484989656140876,396.63207485785995
2026-05-16 03:58:29.027650,True,39.52716742122556,392.39122754756295
2026-05-16 03:59:29.027650,True,39.96393137681233,397.4553212351694
2026-05-16 04:00:29.027650,True,40.03870179795271,394.9868750482057
2026-05-16 04:01:29.027650,True,39.60547369995663,395.9406806283458
2026-05-16 04:02:29.027650,True,40.32210316060023,394.2825200450454
2026-05-16 04:03:29.027650,True,40.27561185092533,397.78685992340485
2026-05-16 04:04:29.027650,True,39.70376645912769,395.13997778716845
2026-05-16 04:05:29.027650,True,39.78713795808458,396.75712651420304
2026-05-16 04:06:29.027650,True,40.07759336588116,395.8074945053018
2026-05-16 04:07:29.027650,True,40.29791415961589,394.3758228359747
2026-05-16 04:08:29.027650,True,40.415090068407046,395.1981732034768
2026-05-16 04:09:29.027650,True,39.65795482283535,396.17539470901283
2026-05-16 04:10:29.027650,True,40.29326135043826,393.90057006240517
2026-05-16 04:11:29.027650,True,40.357179256998755,397.4368595285946
2026-05-16 04:12:29.027650,True,39.776904487377806,397.9011288362913
2026-05-16 04:13:29.027650,True,39.64071152804876,393.21209401041494
2026-05-16 04:14:29.027650,True,39.68422483923803,397.36393826004723
2026-05-16 04:15:29.027650,True,40.15429255232496,392.91262569933366
2026-05-16 04:16:29.027650,True,39.94032341836835,395.6917881504188
2026-05-16 04:17:29.027650,True,39.58346408498938,397.29449821044403
2026-05-16 04:18:29.027650,True,40.30360353544153,395.0312406414598
2026-05-16 04:19:29.027650,True,40.46712661525917,394.5065658756506
2026-05-16 04:20:29.027650,True,40.484110319036496,396.00751999282176
2026-05-16 04:21:29.027650,True,40.13467127325394,392.9957293717747
2026-05-16 04:22:29.027650,True,40.38192775830464,394.5649381275237
2026-05-16 04:23:29.027650,True,39.66223340578248,392.0756451198545
2026-05-16 04:24:29.027650,True,40.059755683638386,395.16439773273606
2026-05-16 04:25:29.027650,True,40.219353622369155,397.3415483181068
2026-05-16 04:26:29.027650,True,39.57940658464303,396.3889789420422
2026-05-16 04:27:29.027650,True,39.68741194409758,397.149062318943
2026-05-16 04:28:29.027650,True,40.31906351386166,395.24476252991326
2026-05-16 04:29:29.027650,True,40.21024279862331,393.88610067910247
2026-05-16 04:30:29.027650,True,39.97116789893281,396.9298213862628
2026-05-16 04:31:29.027650,True,39.95926519717322,394.14678959195265
2026-05-16 04:32:29.027650,True,39.9942124472503,396.9694955146233
2026-05-16 04:33:29.027650,True,39.83520804737087,393.0425695588145
2026-05-16 04:34:29.027650,True,40.212014020330784,396.9558692762485
2026-05-16 04:35:29.027650,True,39.60063747852353,393.4392446765357
2026-05-16 04:36:29.027650,True,39.641971989761,394.087648469493
2026-05-16 04:37:29.027650,True,39.95035097890541,396.4929580217798
2026-05-16 04:38:29.027650,True,40.15114758488168,395.7255714048706
2026-05-16 04:39:29.027650,True,39.85237494660966,397.04868531850855
2026-05-16 04:40:29.027650,True,39.97128716739817,397.87462962809093
2026-05-16 04:41:29.027650,True,40.134142138295736,392.757588449387
2026-05-16 04:42:29.027650,True,40.17617756207543,393.9506240925902
2026-05-16 04:43:29.027650,True,40.1863271966861,392.41784688897445
2026-05-16 04:44:29.027650,True,39.67488143717596,397.1344235534347
2026-05-16 04:45:29.027650,True,39.72717955702352,397.02224675145766
2026-05-16 04:46:29.027650,True,39.77927608845441,395.85729146035226
2026-05-16 04:47:29.027650,True,40.19415057350983,395.07592851887034
2026-05-16 04:48:29.027650,True,39.805310676696735,393.2758662582266
2026-05-16 04:49:29.027650,True,39.533189354562424,393.82367840744433
2026-05-16 04:50:29.027650,True,40.15316279053128,397.6298289106909
2026-05-16 04:51:29.027650,True,40.37120448226305,396.5963886592118
2026-05-16 04:52:29.027650,True,40.288447343253296,395.98990942085595
2026-05-16 04:53:29.027650,True,39.760286857566,397.443170184235
2026-05-16 04:54:29.027650,True,40.17073231190584,395.36264378588265
2026-05-16 04:55:29.027650,True,39.61098946921348,394.68233326283854
2026-05-16 04:56:29.027650,True,39.960358271201926,397.18738165713603
2026-05-16 04:57:29.027650,True,40.04664822018779,394.2824032938225
2026-05-16 04:58:29.027650,True,40.476800328510656,392.6643235599579
2026-05-16 04:59:29.027650,True,39.92254842831194,392.2521480510284
2026-05-16 05:00:29.027650,True,40.23990412076693,397.5084593131949
2026-05-16 05:01:29.027650,True,39.78003732955049,397.15005006079474
2026-05-16 05:02:29.027650,True,39.7922182304619,397.4646209698635
2026-05-16 05:03:29.027650,True,40.25396190359678,396.82944066104864
2026-05-16 05:04:29.027650,True,39.51800655560046,397.77686214244414
2026-05-16 05:05:29.027650,True,40.226670992070325,393.8285065723168
2026-05-16 05:06:29.027650,True,40.329394664858846,393.68912719048956
2026-05-16 05:07:29.027650,True,40.37275383956613,392.67548234247164
2026-05-16 05:08:29.027650,True,40.20368597746079,395.24419085986943
2026-05-16 05:09:29.027650,True,39.596534470195444,393.45136296955303
2026-05-16 05:10:29.027650,True,39.51240403627732,394.81260779278705
2026-05-16 05:11:29.027650,True,39.80126526076,395.59014490578653
2026-05-16 05:12:29.027650,True,39.79723780770862,393.7995146690419
2026-05-16 05:13:29.027650,True,40.2431931987316,392.2888570158701
2026-05-16 05:14:29.027650,True,40.402894995191986,397.1135832463471
2026-05-16 05:15:29.027650,True,40.16780468322641,395.5593294206443
2026-05-16 05:16:29.027650,True,40.39230249813965,393.1119810771723
2026-05-16 05:17:29.027650,True,39.57896916219083,393.43706101945725
2026-05-16 05:18:29.027650,True,40.29457827870019,392.2080216003589
2026-05-16 05:19:29.027650,True,40.08280683508349,397.97262509714784
2026-05-16 05:20:29.027650,True,40.35569609383754,395.12867413426153
2026-05-16 05:21:29.027650,True,39.56364090928664,396.98824108631425
2026-05-16 05:22:29.027650,True,40.09897850817721,392.6895979823574
2026-05-16 05:23:29.027650,True,39.59385728482336,397.4577609166196
2026-05-16 05:24:29.027650,True,40.16920026293808,396.97572079590054
2026-05-16 05:25:29.027650,True,40.37897890028227,395.4306341122899
2026-05-16 05:26:29.027650,True,40.01744635175504,394.5825644619259
2026-05-16 05:27:29.027650,True,39.81694658779112,394.60757576515226
2026-05-16 05:28:29.027650,True,40.273879655730155,395.61154058609077
2026-05-16 05:29:29.027650,True,40.392523289954845,394.6602800862751
2026-05-16 05:30:29.027650,True,40.10708957871876,395.78784531855194
2026-05-16 05:31:29.027650,True,40.091697162306325,396.2158026385131
2026-05-16 05:32:29.027650,True,39.7374334683748,395.07418266527475
2026-05-16 05:33:29.027650,True,39.604224802808346,394.3070679658689
2026-05-16 05:34:29.027650,True,39.98766706862126,395.91334555727286
2026-05-16 05:35:29.027650,True,40.4505310525862,395.6039063992901
2026-05-16 05:36:29.027650,True,40.24359391617656,395.0375963569712
2026-05-16 05:37:29.027650,True,40.13410403137633,392.4255932968026
2026-05-16 05:38:29.027650,True,39.75439158084185,394.1711185592308
2026-05-16 05:39:29.027650,True,39.97249335500651,392.2738924730143
2026-05-16 05:40:29.027650,True,39.640024097553315,393.6608858467478
2026-05-16 05:41:29.027650,True,40.47153269090105,393.9880820426183
2026-05-16 05:42:29.027650,True,39.98204105811208,393.1765862764304
2026-05-16 05:43:29.027650,True,40.110780071075766,393.68409929309587
2026-05-16 05:44:29.027650,True,39.706992578438424,395.0994357706759
2026-05-16 05:45:29.027650,True,39.50550579916042,392.04598419589536
2026-05-16 05:46:29.027650,True,39.719068809101856,392.2203281750049
2026-05-16 05:47:29.027650,True,39.60802575413069,394.03316389603253
2026-05-16 05:48:29.027650,True,40.30258567957981,395.4322918602158
2026-05-16 05:49:29.027650,True,40.01266772595642,393.76093293924873
2026-05-16 05:50:29.027650,True,40.43175371943282,394.38209024742315
2026-05-16 05:51:29.027650,True,39.58709276679577,395.7023990967068
2026-05-16 05:52:29.027650,True,39.6138383934766,394.07133885681014
2026-05-16 05:53:29.027650,True,40.00741193871781,397.24533514811105
2026-05-16 05:54:29.027650,True,39.993546580340116,396.21355259618997
2026-05-16 05:55:29.027650,True,40.49281683899907,392.7889347193879
2026-05-16 05:56:29.027650,True,39.77473152551952,394.3674564535859
2026-05-16 05:57:29.027650,True,39.92182817853883,394.46612645159325
2026-05-16 05:58:29.027650,True,40.40761100255656,396.28419586680116
2026-05-16 05:59:29.027650,True,40.10790521409071,393.8562363071767
2026-05-16 06:00:29.027650,True,40.3237903842213,397.7303630689099
2026-05-16 06:01:29.027650,True,40.32119828255023,392.00939063114885
2026-05-16 06:02:29.027650,True,40.13640137018341,392.3068122886526
2026-05-16 06:03:29.027650,True,39.757607220333725,392.35714820208665
2026-05-16 06:04:29.027650,True,40.103795452949385,396.11953948095567
2026-05-16 06:05:29.027650,True,39.6144876380659,394.3030332982699
2026-05-16 06:06:29.027650,True,39.95623650895554,394.2143181305655
2026-05-16 06:07:29.027650,True,39.62102500048519,394.51368674112484
2026-05-16 06:08:29.027650,True,40.251178047808416,392.42604598719953
2026-05-16 06:09:29.027650,True,39.580180014081904,394.1286277510159
2026-05-16 06:10:29.027650,True,40.44172571161892,396.0114358803375
2026-05-16 06:11:29.027650,True,40.178669956672564,394.17151994502717
2026-05-16 06:12:29.027650,True,40.093660791208535,392.0607871041665
2026-05-16 06:13:29.027650,True,40.13609604640954,397.47972168545743
2026-05-16 06:14:29.027650,True,40.11257346834482,397.24219156079806
2026-05-16 06:15:29.027650,True,40.2239730554661,392.7233504984221
2026-05-16 06:16:29.027650,True,40.40245330728584,392.39866306613465
2026-05-16 06:17:29.027650,True,40.033967472547765,392.85282274276074
2026-05-16 06:18:29.027650,True,39.511706610730904,394.5322055607658
2026-05-16 06:19:29.027650,True,39.79504070765416,394.9160029627856
2026-05-16 06:20:29.027650,True,40.07719988673455,392.2624344338537
2026-05-16 06:21:29.027650,True,39.623003295123745,395.35185437870257
2026-05-16 06:22:29.027650,True,39.84316735317266,396.3750409252967
2026-05-16 06:23:29.027650,True,40.15229164859194,397.07362617793945
2026-05-16 06:24:29.027650,True,40.19249282666922,394.5795864643409
2026-05-16 06:25:29.027650,True,40.17296662239443,393.6522870455325
2026-05-16 06:26:29.027650,True,39.80631349877821,396.73391095952474
2026-05-16 06:27:29.027650,True,39.94641951640158,396.7902820431101
2026-05-16 06:28:29.027650,True,40.32242237366828,397.1453740259677
2026-05-16 06:29:29.027650,True,40.416635235841206,394.58591132307976
2026-05-16 06:30:29.027650,True,39.81886681832114,395.4931924795647
2026-05-16 06:31:29.027650,True,39.87117242343763,395.6064450008014
2026-05-16 06:32:29.027650,True,40.20558586264382,396.13043011095283
2026-05-16 06:33:29.027650,True,39.87455288702012,393.0011612101925
2026-05-16 06:34:29.027650,True,39.93052933846221,392.85556486449144
2026-05-16 06:35:29.027650,True,40.39009703518381,394.0752647644271
2026-05-16 06:36:29.027650,True,39.65445974722332,392.1526865594345
2026-05-16 06:37:29.027650,True,40.14582238628648,395.82141390472844
2026-05-16 06:38:29.027650,True,39.840604166581294,392.4302713330859
2026-05-16 06:39:29.027650,True,39.909628894895235,393.86730497038036
2026-05-16 06:40:29.027650,True,40.17712063973501,395.63467549671617
2026-05-16 06:41:29.027650,True,39.86459372819754,393.30735532552995
2026-05-16 06:42:29.027650,True,40.48803596615559,394.7240097271767
2026-05-16 06:43:29.027650,True,40.188274235780234,392.8433178054702
2026-05-16 06:44:29.027650,True,39.9855896996594,392.1652203192168
2026-05-16 06:45:29.027650,True,40.00545511791045,397.7841044427062
2026-05-16 06:46:29.027650,True,39.8842067129858,392.23397607544945
2026-05-16 06:47:29.027650,True,39.53095579091934,394.3279205596812
2026-05-16 06:48:29.027650,True,39.660024936463195,392.1401125779691
2026-05-16 06:49:29.027650,True,40.25621361395018,394.75113805329136
2026-05-16 06:50:29.027650,True,39.789244771972655,397.40049909809886
2026-05-16 06:51:29.027650,True,39.61613896020052,397.73551297373194
2026-05-16 06:52:29.027650,True,39.813966717377355,397.3304220338521
2026-05-16 06:53:29.027650,True,40.10294287647946,396.9602441584489
2026-05-16 06:54:29.027650,True,40.48401316321046,393.7304326269125
2026-05-16 06:55:29.027650,True,40.461135485407596,394.3368913694145
2026-05-16 06:56:29.027650,True,39.88551190473692,394.04232262552705
2026-05-16 06:57:29.027650,True,40.04140760734759,392.92487025907093
2026-05-16 06:58:29.027650,True,40.05371148535801,395.25022887446005
2026-05-16 06:59:29.027650,True,40.26190181260487,397.0018997716255
2026-05-16 07:00:29.027650,True,39.940441350312426,393.813999496109
2026-05-16 07:01:29.027650,True,39.759334897317096,393.16774302022924
2026-05-16 07:02:29.027650,True,39.557647582199024,394.0546878730083
2026-05-16 07:03:29.027650,True,39.77024769213078,397.79850431519844
2026-05-16 07:04:29.027650,True,40.05770882625004,394.08366223418307
2026-05-16 07:05:29.027650,True,40.08046760099369,392.8351802080742
2026-05-16 07:06:29.027650,True,39.9440437492022,395.7574059285264
2026-05-16 07:07:29.027650,True,39.98889783179245,394.41067280392593
2026-05-16 07:08:29.027650,True,40.4938483888997,397.28188857289354
2026-05-16 07:09:29.027650,True,40.12340595815944,395.4162641670937
2026-05-16 07:10:29.027650,True,40.120660479824586,393.2078726469346
2026-05-16 07:11:29.027650,True,39.89513774326432,392.2367571973454
2026-05-16 07:12:29.027650,True,39.97554603748683,395.258147503746
2026-05-16 07:13:29.027650,True,39.727749736103206,397.7841730829931
2026-05-16 07:14:29.027650,True,40.40945461093724,396.33285941273544
2026-05-16 07:15:29.027650,True,40.03338662876536,397.2198149578861
2026-05-16 07:16:29.027650,True,39.63065234382346,396.7430587656493
2026-05-16 07:17:29.027650,True,39.62482081396685,396.7652639752964
2026-05-16 07:18:29.027650,True,39.775767568251354,397.2625434861091
2026-05-16 07:19:29.027650,True,40.444042093825395,392.8927758164307
2026-05-16 07:20:29.027650,True,39.96267560506539,397.8859242689761
2026-05-16 07:21:29.027650,True,39.98340743597315,397.18128513508725
2026-05-16 07:22:29.027650,True,40.08873152213132,394.2519794475176
2026-05-16 07:23:29.027650,True,39.78578355552587,393.2193385465165
2026-05-16 07:24:29.027650,True,40.2617981913777,394.31924304093815
2026-05-16 07:25:29.027650,True,40.01127546220075,394.9539528800071
2026-05-16 07:26:29.027650,True,40.07727902923313,397.1934628737473
2026-05-16 07:27:29.027650,True,40.48073934358343,394.4455052514429
2026-05-16 07:28:29.027650,True,40.3275189221063,396.5871667679283
2026-05-16 07:29:29.027650,True,40.07352895145557,397.7362828616716
2026-05-16 07:30:29.027650,True,39.700474515528406,392.6555852618577
2026-05-16 07:31:29.027650,True,40.353961966955424,394.63489889980247
2026-05-16 07:32:29.027650,True,40.34696885420706,397.35854123117247
2026-05-16 07:33:29.027650,True,39.56245759361907,397.30078857791636
2026-05-16 07:34:29.027650,True,39.948319055369424,395.0625949340254
2026-05-16 07:35:29.027650,True,40.12659251109321,397.5582956403805
2026-05-16 07:36:29.027650,True,39.51911609442976,394.8610608099069
2026-05-16 07:37:29.027650,True,40.18772204243056,396.3362417461894
2026-05-16 07:38:29.027650,True,40.19253243153711,392.80661077644874
2026-05-16 07:39:29.027650,True,39.79939558837168,394.15229315250207
2026-05-16 07:40:29.027650,True,40.304437207679506,393.6725592344873
2026-05-16 07:41:29.027650,True,39.7107049638672,397.74468811422855
2026-05-16 07:42:29.027650,True,39.50886328511347,397.98692513409185
2026-05-16 07:43:29.027650,True,40.1768212988574,396.9708157966947
2026-05-16 07:44:29.027650,True,39.79461939634619,392.08589166600234
2026-05-16 07:45:29.027650,True,40.23786951856153,397.00486758200407
2026-05-16 07:46:29.027650,True,40.24047613195352,392.85710172380504
2026-05-16 07:47:29.027650,True,40.25342792225697,396.6135366926458
2026-05-16 07:48:29.027650,True,40.158540515670055,396.59669559677354
2026-05-16 07:49:29.027650,True,40.34592143967773,395.68162468542477
2026-05-16 07:50:29.027650,True,39.58860471396968,394.92576685800327
2026-05-16 07:51:29.027650,True,39.577649334671605,394.44525818619456
2026-05-16 07:52:29.027650,True,39.907106489125624,392.39605906484144
2026-05-16 07:53:29.027650,True,39.84882053396948,392.6659885927479
2026-05-16 07:54:29.027650,True,40.30823521000922,397.68612815578683
2026-05-16 07:55:29.027650,True,39.572316475257935,397.7306912437502
2026-05-16 07:56:29.027650,True,40.022576599336745,393.79739406772325
2026-05-16 07:57:29.027650,True,39.57686207527616,395.0037456084225
2026-05-16 07:58:29.027650,True,40.29451554449075,396.2425188636002
2026-05-16 07:59:29.027650,True,39.55022601146398,392.4374110122074
2026-05-16 08:00:29.027650,True,39.90287328263264,393.7717429642877
2026-05-16 08:01:29.027650,True,39.732384323056046,393.6860269934523
2026-05-16 08:02:29.027650,True,40.30348274329688,397.57536832179113
2026-05-16 08:03:29.027650,True,39.905102694527564,397.436666012795
2026-05-16 08:04:29.027650,True,39.82149570124788,394.85862191806274
2026-05-16 08:05:29.027650,True,39.726028997816,395.84285625305506
2026-05-16 08:06:29.027650,True,40.47898111517481,395.62095857626025
2026-05-16 08:07:29.027650,True,39.85781408411355,395.8869046759432
2026-05-16 08:08:29.027650,True,39.62292067846539,397.3319544815924
2026-05-16 08:09:29.027650,True,40.00308395077984,394.69609845223783
2026-05-16 08:10:29.027650,True,40.08586478845352,395.7487031767364
2026-05-16 08:11:29.027650,True,39.57177580622651,396.0957033273404
2026-05-16 08:12:29.027650,True,39.74193168031553,396.28371579503954
2026-05-16 08:13:29.027650,True,40.3225347943842,396.82375104531513
2026-05-16 08:14:29.027650,True,40.05250096740789,395.1210193538645
2026-05-16 08:15:29.027650,True,39.64287596133941,396.6520769024188
2026-05-16 08:16:29.027650,True,39.77140938044671,394.9801725369077
2026-05-16 08:17:29.027650,True,39.78427409292752,392.80297017799813
2026-05-16 08:18:29.027650,True,40.12955769689174,392.3259922089374
2026-05-16 08:19:29.027650,True,40.2486452341262,393.9055207715667
2026-05-16 08:20:29.027650,True,39.50013469300448,395.06677483542336
2026-05-16 08:21:29.027650,True,39.5468519085276,393.6570173469254
2026-05-16 08:22:29.027650,True,40.20697648745572,392.37613772973117
2026-05-16 08:23:29.027650,True,40.339338492356,392.0229195359515
2026-05-16 08:24:29.027650,True,39.746823869201904,396.4454243369124
2026-05-16 08:25:29.027650,True,39.816270149729306,392.6113543283961
2026-05-16 08:26:29.027650,True,39.860233918800425,393.62235971830717
2026-05-16 08:27:29.027650,True,40.34271190216055,393.88008750551086
2026-05-16 08:28:29.027650,True,40.28893247177601,397.35123286886443
2026-05-16 08:29:29.027650,True,39.93381741957653,397.4596588631264
2026-05-16 08:30:29.027650,True,39.877318053963194,397.78447049894066
2026-05-16 08:31:29.027650,True,39.589289524525576,396.1221155990195
2026-05-16 08:32:29.027650,True,39.993814040456925,394.32589283273387
2026-05-16 08:33:29.027650,True,40.1327118787486,396.22314254980597
2026-05-16 08:34:29.027650,True,39.50436326965031,393.0017185324832
2026-05-16 08:35:29.027650,True,40.21304605063432,395.9983124814692
2026-05-16 08:36:29.027650,True,40.46604750512868,396.5662267415047
2026-05-16 08:37:29.027650,True,40.45077270773134,396.21524300920885
2026-05-16 08:38:29.027650,True,39.79805220863944,392.63218953350514
2026-05-16 08:39:29.027650,True,40.28182386334493,395.8648953288555
2026-05-16 08:40:29.027650,True,39.548186012393295,394.16030279540587
2026-05-16 08:41:29.027650,True,40.45679981548429,395.0024068742612
2026-05-16 08:42:29.027650,True,39.9327291360197,394.74619763095575
2026-05-16 08:43:29.027650,True,39.708882724005164,394.2122430251888
2026-05-16 08:44:29.027650,True,39.869813255987175,392.31413012112483
2026-05-16 08:45:29.027650,True,40.26756762851792,394.4990265914233
2026-05-16 08:46:29.027650,True,40.32217988681642,397.1020880067194
2026-05-16 08:47:29.027650,True,39.71199405469866,395.9441208930208
2026-05-16 08:48:29.027650,True,39.97228180416298,397.2809404275289
2026-05-16 08:49:29.027650,True,39.715740679176456,396.0668792018603
2026-05-16 08:50:29.027650,True,40.10775212225272,393.771808865431
2026-05-16 08:51:29.027650,True,39.63660090365117,395.9098385628637
2026-05-16 08:52:29.027650,True,40.23859745813233,393.8937640625801
2026-05-16 08:53:29.027650,True,40.14483260402231,394.370785445669
2026-05-16 08:54:29.027650,True,40.213206883282616,393.1952916493643
2026-05-16 08:55:29.027650,True,40.390215002636175,393.7244575787935
2026-05-16 08:56:29.027650,True,39.86778598775615,392.3485517124821
2026-05-16 08:57:29.027650,True,39.61151221232127,395.09517141627396
2026-05-16 08:58:29.027650,True,39.76759267672797,397.01288135445316
2026-05-16 08:59:29.027650,True,39.514693388654955,394.27456429203164
2026-05-16 09:00:29.027650,True,39.83734554676909,392.1159657855056
2026-05-16 09:01:29.027650,True,39.62436839900051,394.4818560495118
2026-05-16 09:02:29.027650,True,39.992864584447446,394.4257384835292
2026-05-16 09:03:29.027650,True,40.030937678412094,395.5707900494341
2026-05-16 09:04:29.027650,True,39.509923821127835,394.78457095672104
2026-05-16 09:05:29.027650,True,40.463499240887586,395.1141936807773
2026-05-16 09:06:29.027650,True,40.17754226745895,393.8711831475013
2026-05-16 09:07:29.027650,True,40.273991378152765,396.6375288912567
2026-05-16 09:08:29.027650,True,40.02129604765414,397.8560829396753
2026-05-16 09:09:29.027650,True,39.625550214762654,392.1016859893375
2026-05-16 09:10:29.027650,True,40.2701582117571,396.8429332241893
2026-05-16 09:11:29.027650,True,39.620207229120574,393.59349699775163
2026-05-16 09:12:29.027650,True,39.517552363366626,393.75985166468337
2026-05-16 09:13:29.027650,True,40.273141873918675,395.10776316627545
2026-05-16 09:14:29.027650,True,39.84809559316829,394.230435769438
2026-05-16 09:15:29.027650,True,39.50135362571547,393.7988031653914
2026-05-16 09:16:29.027650,True,40.14645874163793,397.8451666628981
2026-05-16 09:17:29.027650,True,40.3470608269839,392.14156978787315
2026-05-16 09:18:29.027650,True,40.39856060467484,396.69919047979175
2026-05-16 09:19:29.027650,True,40.28037612357098,394.7479745540214
2026-05-16 09:20:29.027650,True,39.8980052929545,393.81749437299914
2026-05-16 09:21:29.027650,True,39.565694858954366,393.3694121809622
2026-05-16 09:22:29.027650,True,39.74660363497802,394.90446241826123
2026-05-16 09:23:29.027650,True,40.24744440659669,394.8428589703877
2026-05-16 09:24:29.027650,True,39.55784444944716,397.7467388059292
2026-05-16 09:25:29.027650,True,40.44272431909411,396.71113725889046
2026-05-16 09:26:29.027650,True,40.49132790156422,395.26689399680157
2026-05-16 09:27:29.027650,True,40.46276835025321,392.4536302437005
2026-05-16 09:28:29.027650,True,39.86568074826137,393.35228760804057
2026-05-16 09:29:29.027650,True,39.69583308413427,392.84481769335605
2026-05-16 09:30:29.027650,True,40.122413641566,396.68793113448385
2026-05-16 09:31:29.027650,True,40.07829839942036,392.8817762575293
2026-05-16 09:32:29.027650,True,40.311123769933474,395.81572824298235
2026-05-16 09:33:29.027650,True,39.888165706127,396.04478177321636
2026-05-16 09:34:29.027650,True,39.75990497924283,394.07115325096527
2026-05-16 09:35:29.027650,True,40.41748584313199,393.7430270340285
2026-05-16 09:36:29.027650,True,39.969988268157934,397.3408468243761
2026-05-16 09:37:29.027650,True,40.207721350267526,392.3732193569882
2026-05-16 09:38:29.027650,True,39.64730304427897,392.0470495446315
2026-05-16 09:39:29.027650,True,40.130921790229166,394.6860405524625
2026-05-16 09:40:29.027650,True,39.63427485090227,397.7476047263406
2026-05-16 09:41:29.027650,True,40.02965972394562,393.45135976467736
2026-05-16 09:42:29.027650,True,40.000603571154706,396.0777219964107
2026-05-16 09:43:29.027650,True,39.576239217973566,393.64822289028734
2026-05-16 09:44:29.027650,True,40.306965490884,394.757989222416
2026-05-16 09:45:29.027650,True,40.0465771420323,394.5968960132568
2026-05-16 09:46:29.027650,True,39.54389994264301,392.99449867892093
2026-05-16 09:47:29.027650,True,39.945541638741894,393.25511279244756
2026-05-16 09:48:29.027650,True,39.54997902865968,397.0618979843109
2026-05-16 09:49:29.027650,True,40.48119252916412,396.75885724398046
2026-05-16 09:50:29.027650,True,40.353784921704666,393.45186278190226
2026-05-16 09:51:29.027650,True,40.4606269755132,393.18155422672055
2026-05-16 09:52:29.027650,True,40.45142981036183,397.96891576379574
2026-05-16 09:53:29.027650,True,40.21172280574605,397.88686239075093
2026-05-16 09:54:29.027650,True,40.0695397795671,393.55725069905657
2026-05-16 09:55:29.027650,True,39.936995885665624,395.5613656122727
2026-05-16 09:56:29.027650,True,39.57308156202701,395.7340595877035
2026-05-16 09:57:29.027650,True,40.48117783676229,393.14064589870236
2026-05-16 09:58:29.027650,True,40.29259511628838,397.44739276267774
2026-05-16 09:59:29.027650,True,40.44370159282022,397.7608136264327
2026-05-16 10:00:29.027650,True,40.021459638721474,397.863847447949
2026-05-16 10:01:29.027650,True,40.25731020713444,392.97002861742175
2026-05-16 10:02:29.027650,True,39.97690010646797,396.30998705223203
2026-05-16 10:03:29.027650,True,39.74734031581908,395.8436911012933
2026-05-16 10:04:29.027650,True,40.16660047904662,392.9761984628514
2026-05-16 10:05:29.027650,True,40.06508531245276,396.62976146587164
2026-05-16 10:06:29.027650,True,39.998895664535944,392.0726187006566
2026-05-16 10:07:29.027650,True,39.50903846907929,394.14217606382005
2026-05-16 10:08:29.027650,True,40.42619406843178,393.3720606776217
2026-05-16 10:09:29.027650,True,40.13436368887169,393.3324552241599
2026-05-16 10:10:29.027650,True,39.82166998965955,397.0882525376089
2026-05-16 10:11:29.027650,True,40.228861442269945,392.57239566387926
2026-05-16 10:12:29.027650,True,39.928702020986435,392.1750185818716
2026-05-16 10:13:29.027650,True,39.98089014660301,395.9746040702064
2026-05-16 10:14:29.027650,True,39.618502623598154,393.733309633455
2026-05-16 10:15:29.027650,True,39.89783662550216,397.5171861479363
2026-05-16 10:16:29.027650,True,40.49325501542297,392.2694677939737
2026-05-16 10:17:29.027650,True,40.26100792349539,394.23034439841405
2026-05-16 10:18:29.027650,True,39.89245818622948,396.52558984008215
2026-05-16 10:19:29.027650,True,40.41842643214541,397.7055715670153
2026-05-16 10:20:29.027650,True,40.07712258603832,394.142726955803
2026-05-16 10:21:29.027650,True,40.28754908585878,393.5060082995738
2026-05-16 10:22:29.027650,True,40.06407402883352,394.1514707691492
2026-05-16 10:23:29.027650,True,40.15663107370788,393.44239347736107
2026-05-16 10:24:29.027650,True,39.691592945734826,397.50943452005265
2026-05-16 10:25:29.027650,True,39.60180368294954,395.0357474464096
2026-05-16 10:26:29.027650,True,39.72085278296301,392.233579779954
2026-05-16 10:27:29.027650,True,39.536018818291424,393.051330632635
2026-05-16 10:28:29.027650,True,40.366770354506,393.69487246386217
2026-05-16 10:29:29.027650,True,40.45045917057529,395.48973375793514
2026-05-16 10:30:29.027650,True,39.93661418976877,395.4805330080167
2026-05-16 10:31:29.027650,True,40.01669838522627,396.55265752254394
2026-05-16 10:32:29.027650,True,39.78249606597285,394.11830234960183
2026-05-16 10:33:29.027650,True,40.39409430253325,397.6787390789024
2026-05-16 10:34:29.027650,True,40.392558227486475,394.5166879637439
2026-05-16 10:35:29.027650,True,40.280365503006884,394.8580143998066
2026-05-16 10:36:29.027650,True,39.997539852146105,393.2280806543437
2026-05-16 10:37:29.027650,True,40.09113030325852,393.1168153865201
2026-05-16 10:38:29.027650,True,39.831564699067194,397.13018120971964
2026-05-16 10:39:29.027650,True,39.707075809210856,392.4269497110406
2026-05-16 10:40:29.027650,True,39.56900759261281,397.64470712301863
2026-05-16 10:41:29.027650,True,40.00692043796183,394.4564724309021
2026-05-16 10:42:29.027650,True,40.31087858100792,397.0149555674631
2026-05-16 10:43:29.027650,True,39.832191033115606,396.1617083448428
2026-05-16 10:44:29.027650,True,40.27112281585189,395.92790412119575
2026-05-16 10:45:29.027650,True,39.6515950748001,397.25529850110235
2026-05-16 10:46:29.027650,True,40.03909455273601,393.69483455822
2026-05-16 10:47:29.027650,True,39.925228185437696,392.22542654239345
2026-05-16 10:48:29.027650,True,39.62786680122242,396.5932805030952
2026-05-16 10:49:29.027650,True,39.50001163475537,394.4993949708938
2026-05-16 10:50:29.027650,True,40.022510181085586,392.3278065200058
2026-05-16 10:51:29.027650,True,40.473078162972335,393.35675198749806
2026-05-16 10:52:29.027650,True,39.80419871963628,393.8236550735302
2026-05-16 10:53:29.027650,True,39.73041666211735,392.0088429325179
2026-05-16 10:54:29.027650,True,40.22934479408799,397.8010729987957
2026-05-16 10:55:29.027650,True,39.724293483285045,395.9782831508205
2026-05-16 10:56:29.027650,True,40.24189632695872,397.09055227454314
2026-05-16 10:57:29.027650,True,39.922629197013606,393.81758543384257
2026-05-16 10:58:29.027650,True,39.82529513402303,396.2757279985911
2026-05-16 10:59:29.027650,True,40.316779466505636,393.0896838065396
2026-05-16 11:00:29.027650,True,39.870941008157764,397.4116411804949
2026-05-16 11:01:29.027650,True,40.30669351969474,397.90915041657485
2026-05-16 11:02:29.027650,True,40.25424825968208,394.35917120616756
2026-05-16 11:03:29.027650,True,40.090637833994634,395.96608552548395
2026-05-16 11:04:29.027650,True,39.578455816317124,395.2669817546232
2026-05-16 11:05:29.027650,True,40.20932082847261,393.0039278240064
2026-05-16 11:06:29.027650,True,40.28063171742556,395.5026366830847
2026-05-16 11:07:29.027650,True,40.452221785697596,392.25453378924135
2026-05-16 11:08:29.027650,True,39.76532613755547,395.60932327579894
2026-05-16 11:09:29.027650,True,39.79655991220593,396.28654498442745
2026-05-16 11:10:29.027650,True,40.25900528252193,392.6150957843989
2026-05-16 11:11:29.027650,True,40.013854464206766,395.0533433335463
2026-05-16 11:12:29.027650,True,39.86928077021554,397.597549175418
2026-05-16 11:13:29.027650,True,40.32750631987322,396.18325629145784
2026-05-16 11:14:29.027650,True,40.214326635735,394.7702968628787
2026-05-16 11:15:29.027650,True,40.420994521096574,396.1675725635197
2026-05-16 11:16:29.027650,True,40.228981061655816,397.1701454227241
2026-05-16 11:17:29.027650,True,39.77407158934219,396.8424254232002
2026-05-16 11:18:29.027650,True,39.695240602956495,394.0720517134693
2026-05-16 11:19:29.027650,True,39.83561045426984,397.8711528103348
2026-05-16 11:20:29.027650,True,40.35653722374793,396.2070191695416
2026-05-16 11:21:29.027650,True,40.22705676161539,395.37243676641543
2026-05-16 11:22:29.027650,True,40.44709066710852,394.97755251729416
2026-05-16 11:23:29.027650,True,39.88051770986989,392.97821202158957
2026-05-16 11:24:29.027650,True,40.28620565226106,396.4066635924535
2026-05-16 11:25:29.027650,True,39.884355038524134,392.15116048375535
2026-05-16 11:26:29.027650,True,40.33899732771801,392.06850790072446
2026-05-16 11:27:29.027650,True,40.20369977962905,397.82154265835635
2026-05-16 11:28:29.027650,True,39.9376613281482,393.4098404299757
2026-05-16 11:29:29.027650,True,40.204871010043384,396.9027688520935
2026-05-16 11:30:29.027650,True,40.046430316077846,397.8022116515369
2026-05-16 11:31:29.027650,True,39.55166872165796,395.02877358982715
2026-05-16 11:32:29.027650,True,40.21845394732255,397.17584282689506
2026-05-16 11:33:29.027650,True,39.67925561190779,396.80002089058206
2026-05-16 11:34:29.027650,True,40.052707075718544,394.3793220919398
2026-05-16 11:35:29.027650,True,39.631715028579094,397.19177455345346
2026-05-16 11:36:29.027650,True,39.65727320817972,393.8587271552546
2026-05-16 11:37:29.027650,True,39.790045531962434,397.22848420514515
2026-05-16 11:38:29.027650,True,40.1727029942089,396.7800883831482
2026-05-16 11:39:29.027650,True,39.7504678987925,395.749244597642
2026-05-16 11:40:29.027650,True,40.07174598314375,396.9969822607296
2026-05-16 11:41:29.027650,True,40.40608706048126,392.07294062886433
2026-05-16 11:42:29.027650,True,40.17401991905879,392.31101479471835
2026-05-16 11:43:29.027650,True,40.048858665077354,393.7257963742621
2026-05-16 11:44:29.027650,True,39.80677659952214,394.11775102071414
2026-05-16 11:45:29.027650,True,40.12129244904961,394.00429979401264
2026-05-16 11:46:29.027650,True,40.23269905059028,394.4271643134432
2026-05-16 11:47:29.027650,True,39.56835320030996,396.70255905490467
2026-05-16 11:48:29.027650,True,39.785758324592706,394.5966012775956
2026-05-16 11:49:29.027650,True,40.1854438832219,393.99473694289225
2026-05-16 11:50:29.027650,True,39.556585656146716,394.24352628207686
2026-05-16 11:51:29.027650,True,40.44444858269431,395.8504063837913
2026-05-16 11:52:29.027650,True,40.17147914866721,395.7936929218258
2026-05-16 11:53:29.027650,True,39.69899213895944,394.5100031846137
2026-05-16 11:54:29.027650,True,40.25093979836332,392.60823738531894
2026-05-16 11:55:29.027650,True,39.77785277608971,393.65791465079514
2026-05-16 11:56:29.027650,True,39.932018927594505,397.8822124456531
2026-05-16 11:57:29.027650,True,39.56750254668382,395.11220596628357
2026-05-16 11:58:29.027650,True,39.67936468201221,397.82405927245844
2026-05-16 11:59:29.027650,True,39.61330350472746,394.4216060141695
2026-05-16 12:00:29.027650,True,40.23788498483461,396.2273265681647
2026-05-16 12:01:29.027650,True,39.92272863689393,394.0791450077163
2026-05-16 12:02:29.027650,True,39.89761237855287,393.58565757895184
2026-05-16 12:03:29.027650,True,39.7053329387068,394.89823818535336
2026-05-16 12:04:29.027650,True,39.768533756067605,393.7247699893835
2026-05-16 12:05:29.027650,True,40.15675606347456,397.8112239901994
2026-05-16 12:06:29.027650,True,40.103637200559376,392.4618768023898
2026-05-16 12:07:29.027650,True,39.575583613854064,397.7085393250734
2026-05-16 12:08:29.027650,True,39.797290790307336,392.55240191649483
2026-05-16 12:09:29.027650,True,40.09904458715038,395.7418926697416
2026-05-16 12:10:29.027650,True,40.14850482011869,393.60441216714526
2026-05-16 12:11:29.027650,True,39.51511068421448,397.7900922167268
2026-05-16 12:12:29.027650,True,39.7508930456911,396.05615772831527
2026-05-16 12:13:29.027650,True,40.20662986987871,395.6600445024769
2026-05-16 12:14:29.027650,True,39.812907394213646,393.6265775225844
2026-05-16 12:15:29.027650,True,40.097668282702706,397.1965738016701
2026-05-16 12:16:29.027650,True,40.4467337289234,392.63543482642257
2026-05-16 12:17:29.027650,True,39.65482861259772,397.6684175526985
2026-05-16 12:18:29.027650,True,40.236535228334795,397.29796294897864
2026-05-16 12:19:29.027650,True,39.70263263413534,395.5255152266564
2026-05-16 12:20:29.027650,True,40.20113959441748,396.08067131268183
2026-05-16 12:21:29.027650,True,39.908151690866696,392.09236935014786
2026-05-16 12:22:29.027650,True,40.08292605680426,393.51860923507763
2026-05-16 12:23:29.027650,True,39.95025424614289,397.7454860905029
2026-05-16 12:24:29.027650,True,39.899035317642436,397.03880963998654
2026-05-16 12:25:29.027650,True,39.68854060574925,396.0347629881502
2026-05-16 12:26:29.027650,True,40.47700695443894,392.6113586052376
2026-05-16 12:27:29.027650,True,39.50831994222719,394.60149675579567
2026-05-16 12:28:29.027650,True,39.592625483051364,396.4903060980574
2026-05-16 12:29:29.027650,True,40.41454866384856,394.60412583625254
2026-05-16 12:30:29.027650,True,39.75871164215544,394.60641991403963
2026-05-16 12:31:29.027650,True,40.22344781785,392.05432496948225
2026-05-16 12:32:29.027650,True,40.089453989484696,395.6797501093243
2026-05-16 12:33:29.027650,True,40.137688246895934,393.4521324798853
2026-05-16 12:34:29.027650,True,40.214052723378124,392.54834891799067
2026-05-16 12:35:29.027650,True,39.6992703364668,397.2648202799269
2026-05-16 12:36:29.027650,True,40.238723150726564,392.0824733240681
2026-05-16 12:37:29.027650,True,39.7483762603698,393.286438897959
2026-05-16 12:38:29.027650,True,39.770806328036976,393.4853586216793
2026-05-16 12:39:29.027650,True,39.56252629574285,394.7536430995809
2026-05-16 12:40:29.027650,True,40.232733474786166,395.6403903483046
2026-05-16 12:41:29.027650,True,40.17287166859808,392.4868950712174
2026-05-16 12:42:29.027650,True,40.451490710176785,397.03095100305814
2026-05-16 12:43:29.027650,True,40.305090318495665,396.9379028302506
2026-05-16 12:44:29.027650,True,40.432710508132764,395.2655237966822
2026-05-16 12:45:29.027650,True,39.70028201786763,395.70070164711524
2026-05-16 12:46:29.027650,True,40.24288149366794,396.42750436012415
2026-05-16 12:47:29.027650,True,40.02144902416688,392.4107523160015
2026-05-16 12:48:29.027650,True,39.87111293843013,397.52459965078015
2026-05-16 12:49:29.027650,True,40.08444890975743,395.2299916595343
2026-05-16 12:50:29.027650,True,39.768853514382194,394.2106935194995
2026-05-16 12:51:29.027650,True,40.39534608915317,395.998778285161
2026-05-16 12:52:29.027650,True,40.287387026752334,394.72607253840596
2026-05-16 12:53:29.027650,True,40.13024721945616,393.49030165245927
2026-05-16 12:54:29.027650,True,40.205460830283485,394.56560800222
2026-05-16 12:55:29.027650,True,39.942545514814746,395.8959339474613
2026-05-16 12:56:29.027650,True,40.436280621468924,392.3840380796517
2026-05-16 12:57:29.027650,True,40.32474323734701,393.75429866247316
2026-05-16 12:58:29.027650,True,39.94391945450638,392.13147997265
2026-05-16 12:59:29.027650,True,39.801046077834314,395.0157874557808
2026-05-16 13:00:29.027650,True,39.55617607734744,394.946574376299
2026-05-16 13:01:29.027650,True,40.42711062885843,392.6323593086468
2026-05-16 13:02:29.027650,True,40.264440728075506,394.45802632025595
2026-05-16 13:03:29.027650,True,40.15517371452434,393.56141958791136
2026-05-16 13:04:29.027650,True,39.659492262541356,392.9627756856274
2026-05-16 13:05:29.027650,True,39.57049194564314,393.11388022940747
2026-05-16 13:06:29.027650,True,40.16421938498897,397.29014367106106
2026-05-16 13:07:29.027650,True,40.314125685591165,396.1108058592469
2026-05-16 13:08:29.027650,True,39.6104318634111,393.7351246777757
2026-05-16 13:09:29.027650,True,39.80980687532247,393.4997416783857
2026-05-16 13:10:29.027650,True,40.01500565970972,395.21332288927806
2026-05-16 13:11:29.027650,True,39.85688597517111,394.1227349524186
2026-05-16 13:12:29.027650,True,40.32855559790608,396.73575708991814
2026-05-16 13:13:29.027650,True,39.80779583168074,397.4827306632396
2026-05-16 13:14:29.027650,True,40.45281501700251,393.9604552521802
2026-05-16 13:15:29.027650,True,39.85442494879305,395.03380492053174
2026-05-16 13:16:29.027650,True,40.441120812533676,397.25791659885385
2026-05-16 13:17:29.027650,True,39.60256796258359,394.3563844596285
2026-05-16 13:18:29.027650,True,40.053371189749775,395.0187948353092
2026-05-16 13:19:29.027650,True,39.693863067936896,397.15290062700893
2026-05-16 13:20:29.027650,True,40.17694078299684,397.0274502491108
2026-05-16 13:21:29.027650,True,40.35876427934947,396.49013512199446
2026-05-16 13:22:29.027650,True,39.93921060124972,395.66328053009255
2026-05-16 13:23:29.027650,True,39.660365406119745,396.04187250484944
2026-05-16 13:24:29.027650,True,39.67925325573928,396.16369754306095
2026-05-16 13:25:29.027650,True,39.729598160753966,392.7053078009013
2026-05-16 13:26:29.027650,True,39.66528449014296,392.0119528113144
2026-05-16 13:27:29.027650,True,40.21873961785353,396.3944062943503
2026-05-16 13:28:29.027650,True,40.01493334991326,392.9681768063323
2026-05-16 13:29:29.027650,True,39.58355433751069,392.11477379862373
2026-05-16 13:30:29.027650,True,39.665748176965224,397.3451332098989
2026-05-16 13:31:29.027650,True,39.74153684170168,394.1256279633033
2026-05-16 13:32:29.027650,True,39.60534548448133,393.334167828489
2026-05-16 13:33:29.027650,True,40.0192245707802,395.6465160985739
2026-05-16 13:34:29.027650,True,39.74535231416621,392.3463929553507
2026-05-16 13:35:29.027650,True,39.8910328691274,393.405220225558
2026-05-16 13:36:29.027650,True,39.7195539232298,397.7591768162807
2026-05-16 13:37:29.027650,True,40.11630048592573,395.3412706590326
2026-05-16 13:38:29.027650,True,39.91577510352332,394.5736660005809
2026-05-16 13:39:29.027650,True,40.040905003838084,396.17857884221667
2026-05-16 13:40:29.027650,True,40.20214609618183,393.0301634462327
2026-05-16 13:41:29.027650,True,40.000112752076625,394.4717485702046
2026-05-16 13:42:29.027650,True,40.37052696626938,395.7885135273103
2026-05-16 13:43:29.027650,True,40.03250406641598,392.6923678530735
2026-05-16 13:44:29.027650,True,40.10563788932341,392.7032234340814
2026-05-16 13:45:29.027650,True,39.83720657556575,392.857051788886
2026-05-16 13:46:29.027650,True,40.19207364702437,393.2375126830169
2026-05-16 13:47:29.027650,True,39.891859373188026,397.3740486657127
2026-05-16 13:48:29.027650,True,39.70431638339897,395.04683038375265
2026-05-16 13:49:29.027650,True,39.91927166116602,392.1087442462744
2026-05-16 13:50:29.027650,True,40.292758113572816,392.4142754378876
2026-05-16 13:51:29.027650,True,39.974255020976955,395.3640697696337
2026-05-16 13:52:29.027650,True,40.128426456614584,396.13178977584727
2026-05-16 13:53:29.027650,True,39.75327238352271,392.0598726599507
2026-05-16 13:54:29.027650,True,40.22344366235491,395.2139395960855
2026-05-16 13:55:29.027650,True,40.33611770320725,396.9283301774042
2026-05-16 13:56:29.027650,True,40.343326167787886,394.91056795987726
2026-05-16 13:57:29.027650,True,39.83362839583687,396.7493492155482
2026-05-16 13:58:29.027650,True,39.951294113029256,393.1006531784206
2026-05-16 13:59:29.027650,True,40.354974019561475,397.2953592606341
2026-05-16 14:00:29.027650,True,39.96630975614017,392.4541983638587
2026-05-16 14:01:29.027650,True,39.88782608991693,396.8212259567756
2026-05-16 14:02:29.027650,True,40.40177402854623,393.2208364549856
2026-05-16 14:03:29.027650,True,39.56697361202527,397.264102718797
2026-05-16 14:04:29.027650,True,39.88940493897888,395.2505657856054
2026-05-16 14:05:29.027650,True,40.46806581205076,392.39938836748536
2026-05-16 14:06:29.027650,True,40.1483180074521,392.4446325354492
2026-05-16 14:07:29.027650,True,39.8754689284665,396.82288727116065
2026-05-16 14:08:29.027650,True,39.93347223275563,397.9830941234177
2026-05-16 14:09:29.027650,True,40.0590592849466,393.9269729158157
2026-05-16 14:10:29.027650,True,39.72011132590475,394.103123205717
2026-05-16 14:11:29.027650,True,39.87253327375955,392.4122820663438
2026-05-16 14:12:29.027650,True,39.86957419942677,394.7854311184353
2026-05-16 14:13:29.027650,True,40.22273775223881,395.94037690832965
2026-05-16 14:14:29.027650,True,40.20876565522916,392.05018209126115
2026-05-16 14:15:29.027650,True,39.717667399580534,395.97010573039915
2026-05-16 14:16:29.027650,True,39.98398936817975,392.03188085401007
2026-05-16 14:17:29.027650,True,40.30449464243182,396.636857439742
2026-05-16 14:18:29.027650,True,40.04841916299356,392.39877995465764
2026-05-16 14:19:29.027650,True,40.266515049532586,395.5022815263882
2026-05-16 14:20:29.027650,True,40.28195997715796,396.51048195437505
2026-05-16 14:21:29.027650,True,40.303002071957835,395.10804839842774
2026-05-16 14:22:29.027650,True,39.640324518193516,396.02694484027813
2026-05-16 14:23:29.027650,True,40.12047378505197,396.4535191231945
2026-05-16 14:24:29.027650,True,39.66988100605074,393.16985119940176
2026-05-16 14:25:29.027650,True,40.390409517219325,396.4998667907124
2026-05-16 14:26:29.027650,True,40.408228488700324,396.5522919269835
2026-05-16 14:27:29.027650,True,40.0971553059903,395.9247964221672
2026-05-16 14:28:29.027650,True,40.38912792394001,395.47284052707164
2026-05-16 14:29:29.027650,True,40.13239132432839,392.93886029602163
2026-05-16 14:30:29.027650,True,39.973921220116104,396.2983826717486
2026-05-16 14:31:29.027650,True,39.77094269831637,393.2135250831472
2026-05-16 14:32:29.027650,True,39.81382680822441,393.449003767957
2026-05-16 14:33:29.027650,True,39.7149126370364,394.5491050572085
2026-05-16 14:34:29.027650,True,40.40783851388353,395.0423578804323
2026-05-16 14:35:29.027650,True,39.68792038081532,392.46183001628526
2026-05-16 14:36:29.027650,True,40.19615614513793,394.2967925866183
2026-05-16 14:37:29.027650,True,40.32183094658536,395.9570646118446
2026-05-16 14:38:29.027650,True,40.296241450541366,393.6316762365107
2026-05-16 14:39:29.027650,True,40.19235892246106,393.5843719081623
2026-05-16 14:40:29.027650,True,40.43906847945029,395.81824568920024
2026-05-16 14:41:29.027650,True,39.824511800175344,393.61707117375363
2026-05-16 14:42:29.027650,True,39.690926585071644,396.16784575336237
2026-05-16 14:43:29.027650,True,39.718715612997926,395.57181959556493
2026-05-16 14:44:29.027650,True,39.764635026925355,395.9718136687632
2026-05-16 14:45:29.027650,True,40.31493972854054,396.6681514588679
2026-05-16 14:46:29.027650,True,40.260851330930784,393.12633443415353
2026-05-16 14:47:29.027650,True,39.58838494698452,396.1936929709243
2026-05-16 14:48:29.027650,True,39.86834721379435,394.59407735842007
2026-05-16 14:49:29.027650,True,39.53114909279339,393.55745869565027
2026-05-16 14:50:29.027650,True,39.533676403874466,397.2751146356075
2026-05-16 14:51:29.027650,True,39.74339668321853,395.3440230174381
2026-05-16 14:52:29.027650,True,39.53897932066113,396.00108434783397
2026-05-16 14:53:29.027650,True,39.82302734575409,397.387515121746
2026-05-16 14:54:29.027650,True,40.38811818893404,393.9517437101705
2026-05-16 14:55:29.027650,True,40.40096089569047,397.9769460409927
2026-05-16 14:56:29.027650,True,40.325415664123945,397.0692280865314
2026-05-16 14:57:29.027650,True,39.74900873610909,395.46021439314654
2026-05-16 14:58:29.027650,True,39.567255913967365,392.56950762093004
2026-05-16 14:59:29.027650,True,40.49889261203329,393.95983549655546
2026-05-16 15:00:29.027650,True,40.248183912048844,396.8399903181609
2026-05-16 15:01:29.027650,True,40.35802327100723,397.9857697844129
2026-05-16 15:02:29.027650,True,39.74149648525687,392.2421049611582
2026-05-16 15:03:29.027650,True,39.91119151799459,392.7804840189737
2026-05-16 15:04:29.027650,True,39.52242588916206,394.16256096284894
2026-05-16 15:05:29.027650,True,40.283738251075235,395.3970841473504
2026-05-16 15:06:29.027650,True,39.81277798921035,395.9260520329563
2026-05-16 15:07:29.027650,True,39.73201818030881,392.0862886764325
2026-05-16 15:08:29.027650,True,40.264353386436426,395.7424585091841
2026-05-16 15:09:29.027650,True,40.26230262450096,392.233628100126
2026-05-16 15:10:29.027650,True,40.33711962783065,395.7171572002178
2026-05-16 15:11:29.027650,True,40.06339535071264,395.7476842886872
2026-05-16 15:12:29.027650,True,40.364433246868366,395.5216190393534
2026-05-16 15:13:29.027650,True,40.08095037988818,397.9440749423946
2026-05-16 15:14:29.027650,True,40.25673016706857,394.65376283270683
2026-05-16 15:15:29.027650,True,40.20739700003293,394.3353828301507
2026-05-16 15:16:29.027650,True,39.7288754624835,395.58111126132655
2026-05-16 15:17:29.027650,True,40.42818209811395,397.57483712009275
2026-05-16 15:18:29.027650,True,39.84190527810549,395.1660647973302
2026-05-16 15:19:29.027650,True,39.71163589856986,397.9737866569933
2026-05-16 15:20:29.027650,True,40.48111790786793,395.8970535782447
2026-05-16 15:21:29.027650,True,40.30441405967748,396.2906009677022
2026-05-16 15:22:29.027650,True,40.093158219039466,392.3200879819334
2026-05-16 15:23:29.027650,True,39.954764342552664,396.0487178130045
2026-05-16 15:24:29.027650,True,40.17753161388369,394.2387357105343
2026-05-16 15:25:29.027650,True,40.44169198665803,393.0041421934207
2026-05-16 15:26:29.027650,True,40.00035944621556,396.14530385930493
2026-05-16 15:27:29.027650,True,40.19713580589181,395.89183374061287
2026-05-16 15:28:29.027650,True,39.77528821345186,392.9372394121197
2026-05-16 15:29:29.027650,True,40.13594032682671,395.5958126968366
2026-05-16 15:30:29.027650,True,39.67935601028924,396.23083487342336
2026-05-16 15:31:29.027650,True,39.95517199173366,396.00656354961893
2026-05-16 15:32:29.027650,True,40.337367079770154,393.01837057146156
2026-05-16 15:33:29.027650,True,39.519144867996836,396.6746155183747
2026-05-16 15:34:29.027650,True,40.10969742515262,396.1978374177327
2026-05-16 15:35:29.027650,True,40.33815497498864,396.816865608947
2026-05-16 15:36:29.027650,True,40.46092014692883,395.2156104731127
2026-05-16 15:37:29.027650,True,39.988495632659905,394.4113231993444
2026-05-16 15:38:29.027650,True,39.6536910428442,395.43564339729215
2026-05-16 15:39:29.027650,True,39.777012524325976,397.52784507327783
2026-05-16 15:40:29.027650,True,40.083190804277095,395.55704108304866
2026-05-16 15:41:29.027650,True,39.85492466087701,392.31193611186626
2026-05-16 15:42:29.027650,True,39.53174376537299,394.54001086491917
2026-05-16 15:43:29.027650,True,39.58456537809724,395.6410817332408
2026-05-16 15:44:29.027650,True,40.38097300563966,397.29748889911235
2026-05-16 15:45:29.027650,True,40.15904541013223,393.2673909888376
2026-05-16 15:46:29.027650,True,40.36299683135887,397.31656061187925
2026-05-16 15:47:29.027650,True,39.69665358495296,396.42455651462404
2026-05-16 15:48:29.027650,True,39.786519548927124,396.81584187411755
2026-05-16 15:49:29.027650,True,40.4972378999036,392.18015603197637
2026-05-16 15:50:29.027650,True,40.39736586579093,395.73578320159197
2026-05-16 15:51:29.027650,True,40.47338261916482,394.79005710515855
2026-05-16 15:52:29.027650,True,40.34738793057137,392.3743644115897
2026-05-16 15:53:29.027650,True,39.8352790500783,392.40209922650723
2026-05-16 15:54:29.027650,True,40.47534313347907,396.90184344363104
2026-05-16 15:55:29.027650,True,40.35254742124597,397.6277913886034
2026-05-16 15:56:29.027650,True,39.585103486119785,394.31358555508
2026-05-16 15:57:29.027650,True,39.571034889044,393.26475860930015
2026-05-16 15:58:29.027650,True,39.72936577703767,394.8146432662855
2026-05-16 15:59:29.027650,True,39.768562167453645,392.6058686409066
2026-05-16 16:00:29.027650,True,39.667491089094106,392.88365338131257
2026-05-16 16:01:29.027650,True,40.4730767979123,396.55575504151085
2026-05-16 16:02:29.027650,True,40.46776146526956,394.63844291904746
2026-05-16 16:03:29.027650,True,39.77836848166265,396.7897591832551
2026-05-16 16:04:29.027650,True,39.82625391804115,393.79630024223206
2026-05-16 16:05:29.027650,True,39.732505992207834,392.7780738693454
2026-05-16 16:06:29.027650,True,39.75646306101677,394.1319184908433
2026-05-16 16:07:29.027650,True,40.17399420814573,392.3753890533167
2026-05-16 16:08:29.027650,True,39.71050693966534,396.85414184175005
2026-05-16 16:09:29.027650,True,39.64692192358377,394.0558708791351
2026-05-16 16:10:29.027650,True,40.36465892185814,392.92955186686066
2026-05-16 16:11:29.027650,True,39.58273683561819,394.90722797048005
2026-05-16 16:12:29.027650,True,39.802419511278536,395.38045018690315
2026-05-16 16:13:29.027650,True,40.30380489048348,392.8228909289165
2026-05-16 16:14:29.027650,True,40.08069908455428,395.0330525623392
2026-05-16 16:15:29.027650,True,39.644078786013196,395.7439909131739
2026-05-16 16:16:29.027650,True,39.77364041786077,394.9270059112641
2026-05-16 16:17:29.027650,True,39.58227232427706,394.75750434328177
2026-05-16 16:18:29.027650,True,39.80646346804282,396.93428726711215
2026-05-16 16:19:29.027650,True,39.55697872699737,394.51164364951
2026-05-16 16:20:29.027650,True,39.95843142413144,396.3500364577947
2026-05-16 16:21:29.027650,True,40.07428757509021,396.0032740231651
2026-05-16 16:22:29.027650,True,40.277049285651756,397.1732178419491
2026-05-16 16:23:29.027650,True,39.81387549672247,395.22813623218343
2026-05-16 16:24:29.027650,True,40.3401080784392,397.93670678579036
2026-05-16 16:25:29.027650,True,40.38951931104376,394.22880357574627
2026-05-16 16:26:29.027650,True,39.69516651721865,394.9363552244395
2026-05-16 16:27:29.027650,True,40.241641451836045,394.9554144245198
2026-05-16 16:28:29.027650,True,39.98318086331367,397.0293825264908
2026-05-16 16:29:29.027650,True,39.86140377906719,397.1587680488699
2026-05-16 16:30:29.027650,True,39.906804800951726,393.96939863407005
2026-05-16 16:31:29.027650,True,39.9539899111997,396.57468175204923
2026-05-16 16:32:29.027650,True,39.626002027864,393.1785152952321
2026-05-16 16:33:29.027650,True,40.45144482566309,393.05294976428814
2026-05-16 16:34:29.027650,True,40.06772731793105,395.47588679997165
2026-05-16 16:35:29.027650,True,39.989624462050244,395.8684714914609
2026-05-16 16:36:29.027650,True,39.729826725797615,395.31597360666046
2026-05-16 16:37:29.027650,True,39.8721732552469,395.97000355777516
2026-05-16 16:38:29.027650,True,39.64122354337315,395.42526450103685
2026-05-16 16:39:29.027650,True,39.685270355383324,393.6718583786902
2026-05-16 16:40:29.027650,True,39.71870980032358,393.0970266792129
2026-05-16 16:41:29.027650,True,40.325710951560666,393.71424540596536
2026-05-16 16:42:29.027650,True,40.42712378186445,397.8195591520711
2026-05-16 16:43:29.027650,True,40.071260469937094,392.85800673599437
2026-05-16 16:44:29.027650,True,39.87454824337958,396.7863935800893
2026-05-16 16:45:29.027650,True,39.86739072869707,392.5221033098167
2026-05-16 16:46:29.027650,True,40.05678491092819,397.0707251089762
2026-05-16 16:47:29.027650,True,40.2959263871435,393.0507388407821
2026-05-16 16:48:29.027650,True,40.172764614412465,393.3230255806139
2026-05-16 16:49:29.027650,True,39.71820753455217,397.24443063983114
2026-05-16 16:50:29.027650,True,39.74966895274023,393.57948407910806
2026-05-16 16:51:29.027650,True,39.5006533907613,397.22401420475313
2026-05-16 16:52:29.027650,True,40.292594813209135,395.76397361054404
2026-05-16 16:53:29.027650,True,40.25026576393884,392.912291404547
2026-05-16 16:54:29.027650,True,39.958323594587576,394.10731632409266
2026-05-16 16:55:29.027650,True,39.59377652625702,394.91678291128954
2026-05-16 16:56:29.027650,True,40.42073965034263,392.24035471430415
2026-05-16 16:57:29.027650,True,39.79146091349379,393.2452456172342
2026-05-16 16:58:29.027650,True,39.738146653665694,397.45060731127626
2026-05-16 16:59:29.027650,True,39.96806905423429,394.79779647763894
2026-05-16 17:00:29.027650,True,40.26057564245528,392.92695322402955
2026-05-16 17:01:29.027650,True,39.98726535410005,394.57991128472634
2026-05-16 17:02:29.027650,True,40.09691069054666,397.9973462195026
2026-05-16 17:03:29.027650,True,40.269448894082046,394.3871942181046
2026-05-16 17:04:29.027650,True,40.32755305227405,393.02425017987485
2026-05-16 17:05:29.027650,True,39.53046368630896,393.2266902347856
2026-05-16 17:06:29.027650,True,39.84041155611426,395.0634845447574
2026-05-16 17:07:29.027650,True,40.1151291405412,397.46363430328654
2026-05-16 17:08:29.027650,True,40.00985400955046,395.00765386775436
2026-05-16 17:09:29.027650,True,39.550243009822985,392.2094693159373
2026-05-16 17:10:29.027650,True,40.05115996191637,394.62907167949004
2026-05-16 17:11:29.027650,True,40.339180394980296,392.9640775082711
2026-05-16 17:12:29.027650,True,39.524971662117046,394.6942326075808
2026-05-16 17:13:29.027650,True,39.73747855675226,392.29768624003304
2026-05-16 17:14:29.027650,True,40.22459828684763,392.66955799974346
2026-05-16 17:15:29.027650,True,40.108319500007774,393.6862985010013
2026-05-16 17:16:29.027650,True,39.67349605035502,394.2785091375159
2026-05-16 17:17:29.027650,True,40.301445776222955,394.35256146142746
2026-05-16 17:18:29.027650,True,40.25076964921106,392.7529177807949
2026-05-16 17:19:29.027650,True,40.27277141966508,393.4215999494399
2026-05-16 17:20:29.027650,True,40.17739312988887,395.394689329046
2026-05-16 17:21:29.027650,True,40.429144717211685,394.32393510785187
2026-05-16 17:22:29.027650,True,39.56616518883444,392.11493291330754
2026-05-16 17:23:29.027650,True,40.32685856097275,395.1484138259686
2026-05-16 17:24:29.027650,True,40.275244051834946,393.40655360006906
2026-05-16 17:25:29.027650,True,39.845083745513236,392.1806232332679
2026-05-16 17:26:29.027650,True,40.46149232457411,396.00720744020487
2026-05-16 17:27:29.027650,True,40.433205087759305,393.59297844457444
2026-05-16 17:28:29.027650,True,40.11146361122566,396.07099980975585
2026-05-16 17:29:29.027650,True,39.81754970025759,397.0886554100938
2026-05-16 17:30:29.027650,True,40.44716146290025,397.309130706176
2026-05-16 17:31:29.027650,True,40.23906697593937,393.6647880783497
2026-05-16 17:32:29.027650,True,39.78161604210563,397.7801619226762
2026-05-16 17:33:29.027650,True,39.51028449593569,396.29629983945284
2026-05-16 17:34:29.027650,True,40.20624616255526,395.7361372456988
2026-05-16 17:35:29.027650,True,40.49010884608687,393.87127661458237
2026-05-16 17:36:29.027650,True,39.839971863793245,392.47363641767936
2026-05-16 17:37:29.027650,True,39.942798136543736,393.56629115740907
2026-05-16 17:38:29.027650,True,39.843386702177646,397.00743074153377
2026-05-16 17:39:29.027650,True,40.4354845135275,393.1143984320311
2026-05-16 17:40:29.027650,True,39.87250893155347,397.5717833726924
2026-05-16 17:41:29.027650,True,39.56180846068922,392.55416316866825
2026-05-16 17:42:29.027650,True,39.66279098920623,395.57127700476127
2026-05-16 17:43:29.027650,True,39.650472271005995,397.8084582887044
2026-05-16 17:44:29.027650,True,39.94671452725852,395.009107762101
2026-05-16 17:45:29.027650,True,39.74665861580541,394.8257615146084
2026-05-16 17:46:29.027650,True,40.16191363263701,396.5070628217243
2026-05-16 17:47:29.027650,True,40.253868082709914,395.46734667616454
2026-05-16 17:48:29.027650,True,40.40435977499386,396.90444708383666
2026-05-16 17:49:29.027650,True,40.25704811469863,392.3336331300828
2026-05-16 17:50:29.027650,True,39.50687796221965,393.2746836631728
2026-05-16 17:51:29.027650,True,40.16352359391345,394.4671849332953
2026-05-16 17:52:29.027650,True,39.90240625929931,397.30752132937766
2026-05-16 17:53:29.027650,True,40.39556284813184,397.4550515843215
2026-05-16 17:54:29.027650,True,39.813878076515024,396.14633487643556
2026-05-16 17:55:29.027650,True,39.77163318127437,393.1436589984467
2026-05-16 17:56:29.027650,True,39.68463245734737,394.05264572518155
2026-05-16 17:57:29.027650,True,39.92995761977982,396.9856950263304
2026-05-16 17:58:29.027650,True,39.61989109347271,396.40955508436934
2026-05-16 17:59:29.027650,True,40.031454914189304,393.72767205605595
2026-05-16 18:00:29.027650,True,39.992819584532825,393.79965241866216
2026-05-16 18:01:29.027650,True,40.096081955238304,394.60306353713145
2026-05-16 18:02:29.027650,True,39.66440552907888,392.6994984473342
2026-05-16 18:03:29.027650,True,40.046695682072134,397.4144781997166
2026-05-16 18:04:29.027650,True,39.84395768655769,396.39800064333576
2026-05-16 18:05:29.027650,True,40.15866135493977,397.58932948585687
2026-05-16 18:06:29.027650,True,40.32098101729914,395.39963155343276
2026-05-16 18:07:29.027650,True,40.15703049823411,397.3903187995042
2026-05-16 18:08:29.027650,True,39.89951878458694,393.96076823514665
2026-05-16 18:09:29.027650,True,39.5108110836352,396.9593064451488
2026-05-16 18:10:29.027650,True,40.300980700403365,392.6267271086009
2026-05-16 18:11:29.027650,True,40.0768573811327,394.78389018900134
2026-05-16 18:12:29.027650,True,39.61870909550911,397.8834093623643
2026-05-16 18:13:29.027650,True,39.71469588746336,392.4034050805434
2026-05-16 18:14:29.027650,True,40.09484737950191,396.4332000627982
2026-05-16 18:15:29.027650,True,39.53244344604719,395.95230583236213
2026-05-16 18:16:29.027650,True,40.03229187595146,392.6195900532503
2026-05-16 18:17:29.027650,True,39.672523876946364,395.4078457838965
2026-05-16 18:18:29.027650,True,39.79635761351329,397.6298943719079
2026-05-16 18:19:29.027650,True,40.31874022948405,397.90140323908196
2026-05-16 18:20:29.027650,True,39.75967083895041,397.8183417967879
2026-05-16 18:21:29.027650,True,39.931233869791555,394.0851127718825
2026-05-16 18:22:29.027650,True,39.550349526969356,392.3165915471576
2026-05-16 18:23:29.027650,True,40.19201125594665,394.7475739666042
2026-05-16 18:24:29.027650,True,39.7265216260361,395.68382183795137
2026-05-16 18:25:29.027650,True,39.75285811825011,395.46579052606654
2026-05-16 18:26:29.027650,True,39.85920874698269,396.9413133596709
2026-05-16 18:27:29.027650,True,40.32069616076678,394.8641023887344
2026-05-16 18:28:29.027650,True,39.85081910933501,394.17535877935455
2026-05-16 18:29:29.027650,True,40.305714525668215,393.9690768967857
2026-05-16 18:30:29.027650,True,39.70905937370684,392.50813005125184
2026-05-16 18:31:29.027650,True,39.96669312088441,394.89279259351906
2026-05-16 18:32:29.027650,True,40.34090871040291,393.32743217867636
2026-05-16 18:33:29.027650,True,39.8809912736684,396.8504344333621
2026-05-16 18:34:29.027650,True,40.323623610748974,394.3076664558726
2026-05-16 18:35:29.027650,True,39.959124023286684,393.8197153450957
2026-05-16 18:36:29.027650,True,40.43255487841931,392.7118625944495
2026-05-16 18:37:29.027650,True,40.43374942300147,396.10319871101206
2026-05-16 18:38:29.027650,True,40.03157215268673,392.19595436470695
2026-05-16 18:39:29.027650,True,39.97559619182201,394.4464886300164
2026-05-16 18:40:29.027650,True,39.661218811975125,395.9384576210039
2026-05-16 18:41:29.027650,True,40.47115090736828,395.37313286638715
2026-05-16 18:42:29.027650,True,40.21475327644394,392.4107027153961
2026-05-16 18:43:29.027650,True,39.917666995816994,392.69815091098695
2026-05-16 18:44:29.027650,True,40.11279583553651,397.63089294928494
2026-05-16 18:45:29.027650,True,40.16177773247164,392.4608182898865
2026-05-16 18:46:29.027650,True,39.85466620498508,395.3039802766451
2026-05-16 18:47:29.027650,True,39.903207756133256,397.00186406285104
2026-05-16 18:48:29.027650,True,40.314671004709986,395.6709861206193
2026-05-16 18:49:29.027650,True,39.87345794513271,393.53201824257945
2026-05-16 18:50:29.027650,True,39.60587431821313,394.1293861009193
2026-05-16 18:51:29.027650,True,39.91317251720772,396.05493755062446
2026-05-16 18:52:29.027650,True,40.15815982429757,392.4206488378475
2026-05-16 18:53:29.027650,True,39.895259315431154,393.09067320330416
2026-05-16 18:54:29.027650,True,39.6568127053168,396.9638128984235
2026-05-16 18:55:29.027650,True,39.541915216716255,394.51509725541274
2026-05-16 18:56:29.027650,True,39.66820365576652,397.27598129407085
2026-05-16 18:57:29.027650,True,40.057040513275034,393.3882838182611
2026-05-16 18:58:29.027650,True,40.00242728716638,396.3889181582187
2026-05-16 18:59:29.027650,True,40.458118008919435,393.3226760254725
2026-05-16 19:00:29.027650,True,40.38618177212935,397.60582468500496
2026-05-16 19:01:29.027650,True,40.416420544532066,395.81248614117146
2026-05-16 19:02:29.027650,True,40.12982065443471,394.41926379910296
2026-05-16 19:03:29.027650,True,40.25239788230379,395.1877641101056
2026-05-16 19:04:29.027650,True,40.177438071228295,394.57074742309277
2026-05-16 19:05:29.027650,True,40.23149646404314,396.9468291056273
2026-05-16 19:06:29.027650,True,39.64643625660282,396.9975782934454
2026-05-16 19:07:29.027650,True,40.040296531790304,397.06799545454135
2026-05-16 19:08:29.027650,True,39.93130170634102,394.27424291229823
2026-05-16 19:09:29.027650,True,40.41506073251722,393.5070156052904
2026-05-16 19:10:29.027650,True,40.34421232528614,394.9041234350564
2026-05-16 19:11:29.027650,True,40.01409544255126,393.8508096889369
2026-05-16 19:12:29.027650,True,40.073042200619014,393.95126717765726
2026-05-16 19:13:29.027650,True,39.53926941424165,393.63199163206616
2026-05-16 19:14:29.027650,True,39.50637904340659,397.8701287223411
2026-05-16 19:15:29.027650,True,40.465747209819746,394.37093178483383
2026-05-16 19:16:29.027650,True,40.228370854339644,394.07483659046255
2026-05-16 19:17:29.027650,True,40.17109315708598,396.83258025827587
2026-05-16 19:18:29.027650,True,40.44675624469224,394.401273655098
2026-05-16 19:19:29.027650,True,40.28329798295605,393.5955707037927
2026-05-16 19:20:29.027650,True,40.49033230379365,392.15461759258613
2026-05-16 19:21:29.027650,True,40.103528806501124,395.95703588990796
2026-05-16 19:22:29.027650,True,40.188045557074126,392.72232547273455
2026-05-16 19:23:29.027650,True,40.43852978347313,393.0870996743005
2026-05-16 19:24:29.027650,True,40.12275340323984,393.3360564747385
2026-05-16 19:25:29.027650,True,39.80721641702127,395.27875125036877
2026-05-16 19:26:29.027650,True,39.91719341856458,392.961353605859
2026-05-16 19:27:29.027650,True,39.67093640242085,394.5088687289768
2026-05-16 19:28:29.027650,True,40.2572829782755,397.38778788108675
2026-05-16 19:29:29.027650,True,39.584127662259384,394.3586234453564
2026-05-16 19:30:29.027650,True,39.60024556372288,392.0995548837956
2026-05-16 19:31:29.027650,True,40.16171868264396,395.61469665179953
2026-05-16 19:32:29.027650,True,39.66301911381488,393.4028769985584
2026-05-16 19:33:29.027650,True,39.523707753644516,397.0096832341664
2026-05-16 19:34:29.027650,True,40.47469059604855,392.81275722076816
2026-05-16 19:35:29.027650,True,39.7314752137653,397.2104571436816
2026-05-16 19:36:29.027650,True,40.42646379795619,394.5177642968409
2026-05-16 19:37:29.027650,True,39.550622472269076,392.23635100215694
2026-05-16 19:38:29.027650,True,40.07394986606901,394.35737065335906
2026-05-16 19:39:29.027650,True,39.528652427577654,395.4995143538753
2026-05-16 19:40:29.027650,True,39.51130253658902,396.72423174889565
2026-05-16 19:41:29.027650,True,39.80643282270337,392.24154801805537
2026-05-16 19:42:29.027650,True,40.088352220983154,394.38610648659835
2026-05-16 19:43:29.027650,True,40.47380041335715,395.2651919750222
2026-05-16 19:44:29.027650,True,39.77523918103701,396.25663318780386
2026-05-16 19:45:29.027650,True,39.771492002542715,397.4254597484454
2026-05-16 19:46:29.027650,True,39.87472197050737,395.29921137665724
2026-05-16 19:47:29.027650,True,39.55057310382423,394.5567274277134
2026-05-16 19:48:29.027650,True,40.332363539660996,396.83389283218
2026-05-16 19:49:29.027650,True,39.724318558853525,393.35647442606336
2026-05-16 19:50:29.027650,True,40.317305312213236,397.58239052101595
2026-05-16 19:51:29.027650,True,39.595360921273006,394.70035183655733
2026-05-16 19:52:29.027650,True,39.83745427896423,397.22413073274464
2026-05-16 19:53:29.027650,True,39.58352491468002,393.2667556553482
2026-05-16 19:54:29.027650,True,40.25246833758649,392.3077630938873
2026-05-16 19:55:29.027650,True,39.99253538071429,394.6526422080783
2026-05-16 19:56:29.027650,True,39.83440117898875,394.36743389191355
2026-05-16 19:57:29.027650,True,40.02994058693023,392.9682041503303
