timestamp,incineration_on,steam_flow,steam_temperature
2026-05-15 10:38:29.027650,True,32.071995878283595,317.8325939757999
2026-05-15 10:39:29.027650,True,32.26016092979016,313.92339942816267
2026-05-15 10:40:29.027650,True,31.649249469741473,314.6090462064695
2026-05-15 10:41:29.027650,True,31.861074726341037,315.4507334884509
2026-05-15 10:42:29.027650,True,32.17969721683335,313.34008259299503
2026-05-15 10:43:29.027650,True,31.534672704226068,315.35146337766344
2026-05-15 10:44:29.027650,True,32.19716369213798,314.1606120577389
2026-05-15 10:45:29.027650,True,32.14150448125625,314.5589688276418
2026-05-15 10:46:29.027650,True,32.386086108813515,318.3741396655997
2026-05-15 10:47:29.027650,True,31.797287204281325,314.37996252377945
2026-05-15 10:48:29.027650,True,31.911303972066232,314.4431895110809
2026-05-15 10:49:29.027650,True,32.172383843291705,317.95638810728974
2026-05-15 10:50:29.027650,True,32.173092130911215,317.9461026834961
2026-05-15 10:51:29.027650,True,31.896992162207475,313.9379018242532
2026-05-15 10:52:29.027650,True,32.23795094739759,315.1628470308493
2026-05-15 10:53:29.027650,True,32.17127082522913,314.6238636518906
2026-05-15 10:54:29.027650,True,31.58122963480667,318.95549077292657
2026-05-15 10:55:29.027650,True,31.6562015079306,318.9305259637809
2026-05-15 10:56:29.027650,True,32.47727993256645,317.76290862344825
2026-05-15 10:57:29.027650,True,32.159422962082,316.4668423015065
2026-05-15 10:58:29.027650,True,32.36610154537784,314.73663712971694
2026-05-15 10:59:29.027650,True,31.967681212484877,316.716339816199
2026-05-15 11:00:29.027650,True,31.911190475869493,315.5649187245416
2026-05-15 11:01:29.027650,True,31.830284667502085,316.3853909001072
2026-05-15 11:02:29.027650,True,32.350574528015116,314.2091702680379
2026-05-15 11:03:29.027650,True,32.43443303875344,317.1345259224894
2026-05-15 11:04:29.027650,True,32.32327321268003,316.3371441557801
2026-05-15 11:05:29.027650,True,32.279516701424065,313.0972023840368
2026-05-15 11:06:29.027650,True,32.318380424779534,313.2408331545122
2026-05-15 11:07:29.027650,True,32.38991337636286,318.95177648343184
2026-05-15 11:08:29.027650,True,31.794067462176777,314.26191133771476
2026-05-15 11:09:29.027650,True,32.26536336385804,314.51815804552155
2026-05-15 11:10:29.027650,True,32.365562383172204,313.61705555294486
2026-05-15 11:11:29.027650,True,31.62595519637936,318.8749093306037
2026-05-15 11:12:29.027650,True,32.173838898270006,318.0813233465737
2026-05-15 11:13:29.027650,True,31.824329377351518,317.05890249712365
2026-05-15 11:14:29.027650,True,32.0942418273086,316.61890072073766
2026-05-15 11:15:29.027650,True,32.18253245953772,316.4521550387746
2026-05-15 11:16:29.027650,True,31.929062369302667,314.6555361662833
2026-05-15 11:17:29.027650,True,32.2685813309132,314.3576345800191
2026-05-15 11:18:29.027650,True,32.192354306154414,314.39999693589596
2026-05-15 11:19:29.027650,True,32.12533016995445,317.4824696027742
2026-05-15 11:20:29.027650,True,31.71871388890654,313.35965980516784
2026-05-15 11:21:29.027650,True,31.630973742994176,316.6359818036262
2026-05-15 11:22:29.027650,True,32.34944640622574,313.2699809274125
2026-05-15 11:23:29.027650,True,32.234151259041646,315.0479118757003
2026-05-15 11:24:29.027650,True,31.978528369919523,318.5731572990734
2026-05-15 11:25:29.027650,True,31.831971504735847,315.7920216036369
2026-05-15 11:26:29.027650,True,31.51368241476068,313.48959232002903
2026-05-15 11:27:29.027650,True,31.758591591134785,313.16711344492643
2026-05-15 11:28:29.027650,True,32.13137532604825,315.55839014080976
2026-05-15 11:29:29.027650,True,32.04814520272802,314.047883115378
2026-05-15 11:30:29.027650,True,31.795932029436617,316.98294684911633
2026-05-15 11:31:29.027650,True,32.4653027236304,313.3025006416133
2026-05-15 11:32:29.027650,True,32.39038432085527,316.46128720786726
2026-05-15 11:33:29.027650,True,32.06391956675562,316.00167121124656
2026-05-15 11:34:29.027650,True,31.569394085904182,313.539261110417
2026-05-15 11:35:29.027650,True,32.10091200565908,315.04575142861336
2026-05-15 11:36:29.027650,True,32.417268066577684,315.4395432241568
2026-05-15 11:37:29.027650,True,31.643281458702642,317.2883130010122
2026-05-15 11:38:29.027650,True,31.79335342144101,316.15282184413536
2026-05-15 11:39:29.027650,True,32.19783278550517,318.40158466721243
2026-05-15 11:40:29.027650,True,32.292191194801674,317.05816640723634
2026-05-15 11:41:29.027650,True,32.17963318239514,318.67554786419254
2026-05-15 11:42:29.027650,True,31.795824097496535,313.0066725651771
2026-05-15 11:43:29.027650,True,31.7719545593982,314.30734827776047
2026-05-15 11:44:29.027650,True,32.161834585114,316.80226959859317
2026-05-15 11:45:29.027650,True,32.093461382704724,313.09746065925674
2026-05-15 11:46:29.027650,True,32.22877805445065,314.9411824749129
2026-05-15 11:47:29.027650,True,32.16505598900663,316.3394705710129
2026-05-15 11:48:29.027650,True,31.842730925427908,313.80745760262465
2026-05-15 11:49:29.027650,True,31.594418897660482,317.9891099986733
2026-05-15 11:50:29.027650,True,32.41839754208156,316.8987282805858
2026-05-15 11:51:29.027650,True,31.603434114860484,315.41216330132943
2026-05-15 11:52:29.027650,True,32.22893920010516,317.6789253040604
2026-05-15 11:53:29.027650,True,31.61821862229109,313.0001843130723
2026-05-15 11:54:29.027650,True,32.2121370458806,315.13957705591724
2026-05-15 11:55:29.027650,True,31.754481331618262,313.07738481873713
2026-05-15 11:56:29.027650,True,32.0402994067615,318.1069044125559
2026-05-15 11:57:29.027650,True,32.45763164627259,316.39446970367976
2026-05-15 11:58:29.027650,True,32.014461327739895,313.51033831293546
2026-05-15 11:59:29.027650,True,32.0488728015426,315.27987447379235
2026-05-15 12:00:29.027650,True,32.107135280883575,315.3323580872593
2026-05-15 12:01:29.027650,True,31.740299123450367,313.5697916513703
2026-05-15 12:02:29.027650,True,31.814918444588894,313.5798690057265
2026-05-15 12:03:29.027650,True,31.676896950823984,318.92401695147726
2026-05-15 12:04:29.027650,True,31.94410355690662,316.1912305990301
2026-05-15 12:05:29.027650,True,32.37361852873722,318.9734134029441
2026-05-15 12:06:29.027650,True,32.08271444934468,317.87484292626505
2026-05-15 12:07:29.027650,True,31.826941024336676,314.8344637446838
2026-05-15 12:08:29.027650,True,31.90270372099456,317.0350435760419
2026-05-15 12:09:29.027650,True,32.1821916892551,314.8914366078967
2026-05-15 12:10:29.027650,True,31.63320992413663,316.79437753879307
2026-05-15 12:11:29.027650,True,31.628325862188763,316.47095504937596
2026-05-15 12:12:29.027650,True,32.19342212805631,317.2036689783667
2026-05-15 12:13:29.027650,True,32.253472110659594,318.237156529394
2026-05-15 12:14:29.027650,True,31.99995899196479,317.3814951371774
2026-05-15 12:15:29.027650,True,32.11917273536584,314.1198396387861
2026-05-15 12:16:29.027650,True,31.52568964486941,314.7072483140616
2026-05-15 12:17:29.027650,True,31.94303370633762,316.70263566657195
2026-05-15 12:18:29.027650,True,32.349959330503204,314.177474300237
2026-05-15 12:19:29.027650,True,31.62554978989848,318.78087968484596
2026-05-15 12:20:29.027650,True,31.608044559376406,315.8709464206431
2026-05-15 12:21:29.027650,True,32.0855637287933,316.24824652544464
2026-05-15 12:22:29.027650,True,31.586032157032943,313.34216148402174
2026-05-15 12:23:29.027650,True,31.605483427461035,316.5135261032357
2026-05-15 12:24:29.027650,True,32.044344887634324,314.40244475222045
2026-05-15 12:25:29.027650,True,32.13777414184559,317.9204050123339
2026-05-15 12:26:29.027650,True,31.541578959846593,315.9887796612883
2026-05-15 12:27:29.027650,True,32.18931041210269,314.5138715624181
2026-05-15 12:28:29.027650,True,31.80777090529315,316.6818274179363
2026-05-15 12:29:29.027650,True,32.39793529344374,317.8595465218174
2026-05-15 12:30:29.027650,True,32.08313021909959,317.3813303065435
2026-05-15 12:31:29.027650,True,31.8648224702078,316.84579316859254
2026-05-15 12:32:29.027650,True,31.966181591127558,314.13961681874537
2026-05-15 12:33:29.027650,True,32.201738273877254,316.33878782409295
2026-05-15 12:34:29.027650,True,31.858621581953592,318.4680351404718
2026-05-15 12:35:29.027650,True,31.520934117826734,314.894638907497
2026-05-15 12:36:29.027650,True,31.556881397777648,317.5991638973298
2026-05-15 12:37:29.027650,True,32.20210745411379,314.9881133124179
2026-05-15 12:38:29.027650,True,32.17566290220707,315.3756233571757
2026-05-15 12:39:29.027650,True,32.25625379142244,315.72510197642026
2026-05-15 12:40:29.027650,True,31.912279727831667,318.6083794929298
2026-05-15 12:41:29.027650,True,31.7508790998907,313.7226840399794
2026-05-15 12:42:29.027650,True,32.08454311325946,318.8159308737051
2026-05-15 12:43:29.027650,True,31.877839213727185,313.3722205817727
2026-05-15 12:44:29.027650,True,31.839305267309566,316.03558992591735
2026-05-15 12:45:29.027650,True,31.661923006632215,316.94861330833896
2026-05-15 12:46:29.027650,True,32.4977493890102,315.71043685588864
2026-05-15 12:47:29.027650,True,31.854728556730212,315.4042250010068
2026-05-15 12:48:29.027650,True,31.6151461783952,318.29964160855735
2026-05-15 12:49:29.027650,True,31.91482565552135,315.32364646854904
2026-05-15 12:50:29.027650,True,32.159690272930476,315.65220052558675
2026-05-15 12:51:29.027650,True,32.148233468807845,313.36867774078473
2026-05-15 12:52:29.027650,True,32.31372334372223,318.64302371727644
2026-05-15 12:53:29.027650,True,32.14876538615938,318.7273955731529
2026-05-15 12:54:29.027650,True,31.651432314369963,315.8644971368821
2026-05-15 12:55:29.027650,True,32.101806733945445,316.4904198845271
2026-05-15 12:56:29.027650,True,31.901461779089043,315.0285064561976
2026-05-15 12:57:29.027650,True,31.62682402255042,315.35045470337366
2026-05-15 12:58:29.027650,True,31.662660815105486,317.4061940589533
2026-05-15 12:59:29.027650,True,31.70883093549459,313.3513918317072
2026-05-15 13:00:29.027650,True,32.05236613781724,316.5713783963164
2026-05-15 13:01:29.027650,True,32.37191306128051,316.4618896745061
2026-05-15 13:02:29.027650,True,31.845480853723444,317.8180712891579
2026-05-15 13:03:29.027650,True,32.04027889318742,313.47568170778715
2026-05-15 13:04:29.027650,True,32.065850560313244,318.44811127252996
2026-05-15 13:05:29.027650,True,31.896312625498222,314.7779548113988
2026-05-15 13:06:29.027650,True,31.64346945701802,313.90867313161215
2026-05-15 13:07:29.027650,True,31.93277148434182,316.5740789449692
2026-05-15 13:08:29.027650,True,31.580615405169603,318.637411534151
2026-05-15 13:09:29.027650,True,32.255133617445196,316.519743509702
2026-05-15 13:10:29.027650,True,32.32843867093899,313.48112054087267
2026-05-15 13:11:29.027650,True,31.976838877733126,316.78055876116997
2026-05-15 13:12:29.027650,True,32.328652906118286,317.7008173602956
2026-05-15 13:13:29.027650,True,31.7770692497134,318.6452810173552
2026-05-15 13:14:29.027650,True,31.62434584143087,318.2508017117269
2026-05-15 13:15:29.027650,True,32.47094024960462,314.06292113933574
2026-05-15 13:16:29.027650,True,32.22206606420379,313.241713112668
2026-05-15 13:17:29.027650,True,31.905422825139155,316.09769979518603
2026-05-15 13:18:29.027650,True,32.080645225909635,318.6156234894914
2026-05-15 13:19:29.027650,True,32.172250687294195,315.8876677073154
2026-05-15 13:20:29.027650,True,32.30967503626589,318.70319692572644
2026-05-15 13:21:29.027650,True,31.522066148682292,318.8951276335362
2026-05-15 13:22:29.027650,True,31.58613213906368,317.8863206756126
2026-05-15 13:23:29.027650,True,31.78033475255141,313.7930779465232
2026-05-15 13:24:29.027650,True,31.939855639713834,316.8637394766857
2026-05-15 13:25:29.027650,True,31.880951845023475,313.3273924496962
2026-05-15 13:26:29.027650,True,32.099461139658715,318.41441965666405
2026-05-15 13:27:29.027650,True,31.88321536594725,314.297996665785
2026-05-15 13:28:29.027650,True,31.942577345932815,313.2901762662927
2026-05-15 13:29:29.027650,True,32.320487584480276,317.95804486570114
2026-05-15 13:30:29.027650,True,32.08800046342963,315.1186173336303
2026-05-15 13:31:29.027650,True,32.29978336444578,316.3281221487302
2026-05-15 13:32:29.027650,True,32.325932308550016,316.78875275549814
2026-05-15 13:33:29.027650,True,32.2844054732128,316.59137795930656
2026-05-15 13:34:29.027650,True,31.914141068215667,318.7476751595568
2026-05-15 13:35:29.027650,True,32.04111382487884,316.63053711124326
2026-05-15 13:36:29.027650,True,31.72048763941475,316.75390473656364
2026-05-15 13:37:29.027650,True,32.07160764948294,314.10903038768214
2026-05-15 13:38:29.027650,True,31.559587097353145,316.62615591828865
2026-05-15 13:39:29.027650,True,32.26369226935032,316.14040822553204
2026-05-15 13:40:29.027650,True,31.726772625319647,316.99913186015823
2026-05-15 13:41:29.027650,True,31.580105726609602,315.6510022288117
2026-05-15 13:42:29.027650,True,31.66336675839842,314.1067543063593
2026-05-15 13:43:29.027650,True,31.702293949158204,315.3202423422639
2026-05-15 13:44:29.027650,True,31.5511502056204,315.3867606455746
2026-05-15 13:45:29.027650,True,32.0117074471147,315.899765709798
2026-05-15 13:46:29.027650,True,31.88278410040304,318.0348796484245
2026-05-15 13:47:29.027650,True,31.645326692420504,316.03418046268825
2026-05-15 13:48:29.027650,True,31.562041416956554,313.42693407326743
2026-05-15 13:49:29.027650,True,32.0738658496771,316.3961105493269
2026-05-15 13:50:29.027650,True,32.37803351284445,316.34724205396043
2026-05-15 13:51:29.027650,True,32.45979102040485,313.29216909039957
2026-05-15 13:52:29.027650,True,31.59800768478074,313.2643951694223
2026-05-15 13:53:29.027650,True,31.68527685033354,316.24762066565006
2026-05-15 13:54:29.027650,True,32.145572181427426,313.273510947692
2026-05-15 13:55:29.027650,True,32.4459708898456,318.0529922599023
2026-05-15 13:56:29.027650,True,31.796612482157094,313.4631251813588
2026-05-15 13:57:29.027650,True,31.66988707321906,313.76166648252985
2026-05-15 13:58:29.027650,True,31.623283779298948,316.1113701319944
2026-05-15 13:59:29.027650,True,31.7458474424934,315.1488382991749
2026-05-15 14:00:29.027650,True,32.48950533338432,317.1058854935521
2026-05-15 14:01:29.027650,True,32.448980667047,313.8553393301987
2026-05-15 14:02:29.027650,True,31.88213947483257,316.3283908196941
2026-05-15 14:03:29.027650,True,31.57675806188874,313.02512466176773
2026-05-15 14:04:29.027650,True,32.17043433379692,316.8509171008086
2026-05-15 14:05:29.027650,True,31.910788809999612,315.9378644561922
2026-05-15 14:06:29.027650,True,31.915443000592088,313.14403026906933
2026-05-15 14:07:29.027650,True,31.835371606217464,314.0624935323837
2026-05-15 14:08:29.027650,True,31.59842418910137,318.7403226033361
2026-05-15 14:09:29.027650,True,32.09935972504216,317.3719377054196
2026-05-15 14:10:29.027650,True,31.81536374326612,315.3588827769641
2026-05-15 14:11:29.027650,True,31.736923993896724,313.58179402579253
2026-05-15 14:12:29.027650,True,31.679031637441582,317.78508427177894
2026-05-15 14:13:29.027650,True,32.177545805183776,316.28157325591286
2026-05-15 14:14:29.027650,True,31.975089872866768,318.53460570193675
2026-05-15 14:15:29.027650,True,31.572734947778667,314.6836048794275
2026-05-15 14:16:29.027650,True,31.849937853570715,317.69455487327673
2026-05-15 14:17:29.027650,True,32.49251462016197,314.4440230885429
2026-05-15 14:18:29.027650,True,32.37430733413708,317.98373656259076
2026-05-15 14:19:29.027650,True,31.724657397641767,315.3959954811953
2026-05-15 14:20:29.027650,True,31.909672869292518,318.86932401115934
2026-05-15 14:21:29.027650,True,31.6808919013789,317.7949478266287
2026-05-15 14:22:29.027650,True,31.83419271417311,317.38522207465695
2026-05-15 14:23:29.027650,True,31.920011004295663,316.4701585786992
2026-05-15 14:24:29.027650,True,32.33261177332613,317.8249933899033
2026-05-15 14:25:29.027650,True,32.3664231835397,313.35770395206794
2026-05-15 14:26:29.027650,True,32.19205055303974,313.8399242603306
2026-05-15 14:27:29.027650,True,31.915818568018413,316.2915304903281
2026-05-15 14:28:29.027650,True,31.90273948474683,316.11767005481806
2026-05-15 14:29:29.027650,True,32.49652630879862,313.8113038822771
2026-05-15 14:30:29.027650,True,32.175456045336425,315.3760057983137
2026-05-15 14:31:29.027650,True,31.633009798907327,313.95242058024587
2026-05-15 14:32:29.027650,True,32.44927310624562,318.2776089802706
2026-05-15 14:33:29.027650,True,32.40704196041502,318.94919665496434
2026-05-15 14:34:29.027650,True,31.70831539000852,315.13263602418436
2026-05-15 14:35:29.027650,True,32.16921902992487,315.9028152391639
2026-05-15 14:36:29.027650,True,31.918389533378335,315.14686749601356
2026-05-15 14:37:29.027650,True,32.09378063194345,316.4535605718405
2026-05-15 14:38:29.027650,True,31.66145783406424,315.83043902511065
2026-05-15 14:39:29.027650,True,32.05347177620985,316.42172163238837
2026-05-15 14:40:29.027650,True,31.710107192912353,317.4536283535137
2026-05-15 14:41:29.027650,True,31.52519909482107,315.128991133259
2026-05-15 14:42:29.027650,True,32.28021264853563,316.3833575263324
2026-05-15 14:43:29.027650,True,31.76116243251086,317.1697187160583
2026-05-15 14:44:29.027650,True,32.067390944156074,317.7774616567383
2026-05-15 14:45:29.027650,True,32.23502518618982,316.6606475322174
2026-05-15 14:46:29.027650,True,31.988177675310816,313.79909275400513
2026-05-15 14:47:29.027650,True,31.761333017885384,315.5145968375025
2026-05-15 14:48:29.027650,True,32.09929928700639,316.0822471312918
2026-05-15 14:49:29.027650,True,31.78818452595953,313.0387861467383
2026-05-15 14:50:29.027650,True,31.996239221900815,314.71375593137344
2026-05-15 14:51:29.027650,True,32.23460830071053,313.1436775916229
2026-05-15 14:52:29.027650,True,32.08482781130579,318.64884542503637
2026-05-15 14:53:29.027650,True,31.6744092671115,315.82989694450356
2026-05-15 14:54:29.027650,True,31.59142199181714,316.7540914735681
2026-05-15 14:55:29.027650,True,32.05053168059622,315.444193145277
2026-05-15 14:56:29.027650,True,32.02137702147374,318.37944795081404
2026-05-15 14:57:29.027650,True,31.696294302311067,313.13538707023207
2026-05-15 14:58:29.027650,True,32.3616648846991,316.46270249432746
2026-05-15 14:59:29.027650,True,32.39065845546184,316.58167134047903
2026-05-15 15:00:29.027650,True,32.3101610899597,315.57804018013087
2026-05-15 15:01:29.027650,True,32.24985993128827,318.47824880133913
2026-05-15 15:02:29.027650,True,32.07212296372221,314.0847109033743
2026-05-15 15:03:29.027650,True,31.7687976150302,314.19186746138445
2026-05-15 15:04:29.027650,True,31.746857027595734,314.83849269610624
2026-05-15 15:05:29.027650,True,32.05513378675319,316.527949776783
2026-05-15 15:06:29.027650,True,31.926499747241863,316.692524678925
2026-05-15 15:07:29.027650,True,31.581574925611367,313.526729422349
2026-05-15 15:08:29.027650,True,31.671829460357657,316.1084649882421
2026-05-15 15:09:29.027650,True,31.713994678698313,314.69970642095547
2026-05-15 15:10:29.027650,True,31.900312836172994,317.8711967440623
2026-05-15 15:11:29.027650,True,31.51386213591286,316.8962729214197
2026-05-15 15:12:29.027650,True,32.16887653104069,317.7919346821398
2026-05-15 15:13:29.027650,True,32.432752939060315,313.12082709369577
2026-05-15 15:14:29.027650,True,31.653783705513217,318.31702776433593
2026-05-15 15:15:29.027650,True,31.958518562187017,316.3875438336008
2026-05-15 15:16:29.027650,True,32.163027203723146,317.07439962697384
2026-05-15 15:17:29.027650,True,32.43174040331651,318.98169650447
2026-05-15 15:18:29.027650,True,32.22015746093094,314.7233272552309
2026-05-15 15:19:29.027650,True,32.37975240229434,313.29532548724455
2026-05-15 15:20:29.027650,True,31.731080852874495,318.38431430478227
2026-05-15 15:21:29.027650,True,31.756191514439355,314.3239063577305
2026-05-15 15:22:29.027650,True,31.63812529314025,318.1546705458815
2026-05-15 15:23:29.027650,True,32.000058259191086,317.0493592183249
2026-05-15 15:24:29.027650,True,31.73906638407503,317.5482425260673
2026-05-15 15:25:29.027650,True,32.2600055449621,314.8755881494498
2026-05-15 15:26:29.027650,True,31.910682633010282,314.2581416645812
2026-05-15 15:27:29.027650,True,32.4765610233229,316.8736154623505
2026-05-15 15:28:29.027650,True,32.434543880715516,314.8203132617748
2026-05-15 15:29:29.027650,True,32.28189091299689,317.59515186330844
2026-05-15 15:30:29.027650,True,32.19165565186654,318.7938338516008
2026-05-15 15:31:29.027650,True,31.893555336106317,313.78430394153855
2026-05-15 15:32:29.027650,True,32.17170885924406,317.37585880286326
2026-05-15 15:33:29.027650,True,32.07506057345881,314.24090735880037
2026-05-15 15:34:29.027650,True,32.004455941669356,314.8731384194148
2026-05-15 15:35:29.027650,True,31.92746652816669,316.871311455068
2026-05-15 15:36:29.027650,True,32.245214742690834,314.3933481454081
2026-05-15 15:37:29.027650,True,31.905325360646952,314.61496942594977
2026-05-15 15:38:29.027650,True,31.69863161386187,317.70032331997504
2026-05-15 15:39:29.027650,True,32.409252694436994,315.22139311410746
2026-05-15 15:40:29.027650,True,32.251278924373764,318.3819717361865
2026-05-15 15:41:29.027650,True,32.346124210530235,314.09688033123535
2026-05-15 15:42:29.027650,True,32.45629188151336,315.2600586425768
2026-05-15 15:43:29.027650,True,31.839240661173836,313.37458796366667
2026-05-15 15:44:29.027650,True,31.98617365410488,313.65408169384557
2026-05-15 15:45:29.027650,True,31.748539820927427,314.9016557306037
2026-05-15 15:46:29.027650,True,32.30882632349169,318.2529319023754
2026-05-15 15:47:29.027650,True,31.80246631746147,318.15218872746743
2026-05-15 15:48:29.027650,True,32.35723093736979,317.58790570230923
2026-05-15 15:49:29.027650,True,31.64669511401518,317.14193708140436
2026-05-15 15:50:29.027650,True,32.44502406458057,317.09524287260297
2026-05-15 15:51:29.027650,True,31.831616849107835,316.003475904585
2026-05-15 15:52:29.027650,True,32.14572504335106,316.063422452371
2026-05-15 15:53:29.027650,True,31.61995294173097,314.87238426791214
2026-05-15 15:54:29.027650,True,32.30239603055363,318.1685082765731
2026-05-15 15:55:29.027650,True,31.63730003271557,318.71432051439234
2026-05-15 15:56:29.027650,True,31.82882261784861,316.9738824323843
2026-05-15 15:57:29.027650,True,32.25182514595668,317.8716774078273
2026-05-15 15:58:29.027650,True,32.44574970222593,314.87751728817295
2026-05-15 15:59:29.027650,True,32.35850645455155,313.79012142061725
2026-05-15 16:00:29.027650,True,32.205040906353595,317.4518663770839
2026-05-15 16:01:29.027650,True,32.17772324120132,314.5138884168109
2026-05-15 16:02:29.027650,True,32.3730431470152,314.01315078022236
2026-05-15 16:03:29.027650,True,31.55363479152083,317.3047899436715
2026-05-15 16:04:29.027650,True,31.975475715232733,318.0945881197521
2026-05-15 16:05:29.027650,True,31.88339714105826,314.00967153104625
2026-05-15 16:06:29.027650,True,32.33644219246987,316.29345778984043
2026-05-15 16:07:29.027650,True,31.689195792390354,317.32230399151865
2026-05-15 16:08:29.027650,True,32.0111136384895,316.6258778934419
2026-05-15 16:09:29.027650,True,31.960898338206583,317.97225390290805
2026-05-15 16:10:29.027650,True,32.32956271568305,317.2563329309463
2026-05-15 16:11:29.027650,True,31.60540137739646,318.0331231714244
2026-05-15 16:12:29.027650,True,32.17101298053291,317.1821449960258
2026-05-15 16:13:29.027650,True,31.862982840403873,318.27567733694207
2026-05-15 16:14:29.027650,True,32.22537160023486,313.67554279917516
2026-05-15 16:15:29.027650,True,31.907778034406164,318.31828217176087
2026-05-15 16:16:29.027650,True,31.54719670169738,318.7684997178523
2026-05-15 16:17:29.027650,True,32.17916256831956,316.78825586586026
2026-05-15 16:18:29.027650,True,31.770559256487992,314.49275073243507
2026-05-15 16:19:29.027650,True,32.442058219488594,314.7896347254047
2026-05-15 16:20:29.027650,True,32.275505296719,315.3587307892425
2026-05-15 16:21:29.027650,True,31.639254070784705,313.06429178617213
2026-05-15 16:22:29.027650,True,32.04425733701525,318.8546729112936
2026-05-15 16:23:29.027650,True,31.869136193809204,315.1431540039583
2026-05-15 16:24:29.027650,True,31.844091617849443,316.12326302382917
2026-05-15 16:25:29.027650,True,31.940664883424294,318.2794877603621
2026-05-15 16:26:29.027650,True,32.00552079172349,316.04654702913143
2026-05-15 16:27:29.027650,True,31.638371594720557,318.8964372454623
2026-05-15 16:28:29.027650,True,31.74997289086883,313.4401844047576
2026-05-15 16:29:29.027650,True,32.16314624897521,316.57219822094123
2026-05-15 16:30:29.027650,True,31.915145653992745,315.5331534032841
2026-05-15 16:31:29.027650,True,32.28506392104643,314.1742758405979
2026-05-15 16:32:29.027650,True,32.32025331894489,316.89248268337013
2026-05-15 16:33:29.027650,True,31.918969773779523,315.7481716995032
2026-05-15 16:34:29.027650,True,31.756647207186095,317.51268599618186
2026-05-15 16:35:29.027650,True,32.012874742305264,314.9251272564991
2026-05-15 16:36:29.027650,True,32.09605011576095,318.97440671230794
2026-05-15 16:37:29.027650,True,31.935262279656556,318.52414840467173
2026-05-15 16:38:29.027650,True,31.845016839924565,313.3283962415499
2026-05-15 16:39:29.027650,True,31.70424210636843,315.5121708599661
2026-05-15 16:40:29.027650,True,31.71963492859457,313.0013622293095
2026-05-15 16:41:29.027650,True,32.41500153774753,318.06327646738555
2026-05-15 16:42:29.027650,True,32.24229223148695,314.00688757387616
2026-05-15 16:43:29.027650,True,31.620363576209986,313.4056284968343
2026-05-15 16:44:29.027650,True,32.224029188772924,318.5728477641273
2026-05-15 16:45:29.027650,True,31.930535820913036,313.71484403197627
2026-05-15 16:46:29.027650,True,32.01239282073211,315.09299144475176
2026-05-15 16:47:29.027650,True,31.874824924349998,316.72798374493425
2026-05-15 16:48:29.027650,True,32.218718113262206,313.663621593239
2026-05-15 16:49:29.027650,True,31.535590230806477,318.96598181611427
2026-05-15 16:50:29.027650,True,31.73272834891555,313.32298314945075
2026-05-15 16:51:29.027650,True,31.68987532909592,313.2337470780908
2026-05-15 16:52:29.027650,True,31.891810894617173,317.8144107067079
2026-05-15 16:53:29.027650,True,31.84124444975772,315.6651004412702
2026-05-15 16:54:29.027650,True,32.17558677356744,316.05336442041926
2026-05-15 16:55:29.027650,True,32.36144568602133,318.19621405027453
2026-05-15 16:56:29.027650,True,31.509910695491154,317.6682778388992
2026-05-15 16:57:29.027650,True,31.960733600241674,318.93304324782196
2026-05-15 16:58:29.027650,True,31.983232075875435,318.92137567232976
2026-05-15 16:59:29.027650,True,32.25456936120574,314.49162930767983
2026-05-15 17:00:29.027650,True,32.038394979286956,318.9528138368715
2026-05-15 17:01:29.027650,True,32.357530607751926,313.5842013627473
2026-05-15 17:02:29.027650,True,32.20637199681,315.07347751522485
2026-05-15 17:03:29.027650,True,31.50698226188035,315.420885814162
2026-05-15 17:04:29.027650,True,31.734754421724972,317.9132156231228
2026-05-15 17:05:29.027650,True,31.837330608845765,317.96514216372293
2026-05-15 17:06:29.027650,True,31.500597938834794,314.8469149001567
2026-05-15 17:07:29.027650,True,31.741165214307763,314.4014041664117
2026-05-15 17:08:29.027650,True,31.568186619765463,314.122745622463
2026-05-15 17:09:29.027650,True,32.05554956988562,314.74816643702644
2026-05-15 17:10:29.027650,True,31.917394782329147,315.2612012820831
2026-05-15 17:11:29.027650,True,32.375904924999894,318.43179399406307
2026-05-15 17:12:29.027650,True,31.99295697165586,314.9809357018936
2026-05-15 17:13:29.027650,True,31.606800704002364,318.72041727629255
2026-05-15 17:14:29.027650,True,31.560226944900297,314.7859016654097
2026-05-15 17:15:29.027650,True,31.798066201170005,314.9224077168413
2026-05-15 17:16:29.027650,True,31.66428684327241,317.69896858554216
2026-05-15 17:17:29.027650,True,31.62249786196599,316.80943995491896
2026-05-15 17:18:29.027650,True,31.623846026705817,313.42321382555775
2026-05-15 17:19:29.027650,True,32.40942950368588,314.14077259791225
2026-05-15 17:20:29.027650,True,32.321250154559706,316.2677852266428
2026-05-15 17:21:29.027650,True,31.57785651960877,318.7326891486284
2026-05-15 17:22:29.027650,True,31.74696116699189,318.15787207211565
2026-05-15 17:23:29.027650,True,31.668810005784565,318.12365729285114
2026-05-15 17:24:29.027650,True,31.513228812905293,316.0706827394169
2026-05-15 17:25:29.027650,True,32.26944257942156,318.6087731049567
2026-05-15 17:26:29.027650,True,32.40920213620649,317.91774921728586
2026-05-15 17:27:29.027650,True,32.388191349661305,314.1953181150225
2026-05-15 17:28:29.027650,True,31.78418429571173,314.73381114952633
2026-05-15 17:29:29.027650,True,31.877053931001697,315.35992402231113
2026-05-15 17:30:29.027650,True,32.044555324654674,313.95927858019866
2026-05-15 17:31:29.027650,True,32.19124666378599,314.00539923582704
2026-05-15 17:32:29.027650,True,31.81030848210455,316.0200707836369
2026-05-15 17:33:29.027650,True,32.296440561523475,317.43681539943236
2026-05-15 17:34:29.027650,True,32.14553435641052,313.934639563481
2026-05-15 17:35:29.027650,True,32.04704534561558,313.52467901079933
2026-05-15 17:36:29.027650,True,31.87736317679665,315.48109918173975
2026-05-15 17:37:29.027650,True,31.539811439445753,314.6439285968198
2026-05-15 17:38:29.027650,True,32.45564946726649,318.72179564697814
2026-05-15 17:39:29.027650,True,31.85232705425254,313.25860065368994
2026-05-15 17:40:29.027650,True,31.67909493932818,315.35330676060124
2026-05-15 17:41:29.027650,True,32.44777969796923,313.8471943812231
2026-05-15 17:42:29.027650,True,32.26351584366821,313.65209523624816
2026-05-15 17:43:29.027650,True,32.481257577391276,315.2896989946548
2026-05-15 17:44:29.027650,True,32.275234538899056,315.0555464968668
2026-05-15 17:45:29.027650,True,32.12766887715881,314.1520965084402
2026-05-15 17:46:29.027650,True,31.646021019296963,318.6283848374088
2026-05-15 17:47:29.027650,True,32.417647277904436,318.3248136412773
2026-05-15 17:48:29.027650,True,32.1254334501666,317.8496092672977
2026-05-15 17:49:29.027650,True,31.569036936911374,315.0087342513441
2026-05-15 17:50:29.027650,True,31.813703124757158,316.81387193171565
2026-05-15 17:51:29.027650,True,31.855957773470642,313.8910406898621
2026-05-15 17:52:29.027650,True,32.09646707541354,317.88630352401447
2026-05-15 17:53:29.027650,True,31.88212349445997,313.7936122905909
2026-05-15 17:54:29.027650,True,31.696688197312824,314.4248998310163
2026-05-15 17:55:29.027650,True,31.799897592994537,316.85677042303786
2026-05-15 17:56:29.027650,True,32.10094548453772,317.1764791694022
2026-05-15 17:57:29.027650,True,31.862501984531512,317.94398591127987
2026-05-15 17:58:29.027650,True,31.70408766115576,315.81424448510893
2026-05-15 17:59:29.027650,True,32.30093872154143,314.0809518863957
2026-05-15 18:00:29.027650,True,31.609863113740783,318.30210380612795
2026-05-15 18:01:29.027650,True,31.842929662759197,317.1032207494542
2026-05-15 18:02:29.027650,True,31.52534860426394,317.1402813304567
2026-05-15 18:03:29.027650,True,31.81610131154697,313.33444512152465
2026-05-15 18:04:29.027650,True,32.10981276154812,314.44482289643906
2026-05-15 18:05:29.027650,True,31.88680724205188,313.4834848737191
2026-05-15 18:06:29.027650,True,31.647163251094945,314.78786341297507
2026-05-15 18:07:29.027650,True,31.589759500560156,318.4649575881179
2026-05-15 18:08:29.027650,True,31.50604704318398,315.9031613131859
2026-05-15 18:09:29.027650,True,31.62324745813255,314.8460745368677
2026-05-15 18:10:29.027650,True,32.42605955981826,313.9701673196439
2026-05-15 18:11:29.027650,True,32.46583231971833,314.23476626193656
2026-05-15 18:12:29.027650,True,32.24156610846683,316.2800635893839
2026-05-15 18:13:29.027650,True,32.38447872759676,316.3239595330188
2026-05-15 18:14:29.027650,True,32.03455921915631,314.1727480022104
2026-05-15 18:15:29.027650,True,31.66622936205166,318.4989349066931
2026-05-15 18:16:29.027650,True,31.827838198850035,315.2324935297774
2026-05-15 18:17:29.027650,True,32.25982365842839,315.03294089453686
2026-05-15 18:18:29.027650,True,32.452062446639005,317.4275666139928
2026-05-15 18:19:29.027650,True,32.09742924257342,318.2853709632685
2026-05-15 18:20:29.027650,True,31.549605908349484,314.54237615313525
2026-05-15 18:21:29.027650,True,31.96503633422091,314.36187123682913
2026-05-15 18:22:29.027650,True,32.243905187302154,318.51524818632237
2026-05-15 18:23:29.027650,True,31.923770119930925,315.05279560067135
2026-05-15 18:24:29.027650,True,32.46155073213757,315.66911459696524
2026-05-15 18:25:29.027650,True,31.989048400449285,315.10989923405145
2026-05-15 18:26:29.027650,True,32.40954847301214,316.4137328996911
2026-05-15 18:27:29.027650,True,32.26217458718165,317.87084031010534
2026-05-15 18:28:29.027650,True,31.841849041917257,315.60216598792226
2026-05-15 18:29:29.027650,True,32.34847177440626,315.1795321100549
2026-05-15 18:30:29.027650,True,32.29393513345185,318.64595393544664
2026-05-15 18:31:29.027650,True,32.123210373068005,317.4497637247113
2026-05-15 18:32:29.027650,True,32.305097312041134,318.07023789337984
2026-05-15 18:33:29.027650,True,31.895053337856798,313.307580755056
2026-05-15 18:34:29.027650,True,31.90187627123674,317.04253737870454
2026-05-15 18:35:29.027650,True,31.950350385780794,317.4937789051624
2026-05-15 18:36:29.027650,True,31.856982429468665,316.8084648466242
2026-05-15 18:37:29.027650,True,31.686419804853976,317.49621661986976
2026-05-15 18:38:29.027650,True,32.04569596881303,314.2243863312796
2026-05-15 18:39:29.027650,True,31.79191117349781,317.491652251491
2026-05-15 18:40:29.027650,True,31.98260123566152,314.29618864235846
2026-05-15 18:41:29.027650,True,32.4672711903703,317.2907501189013
2026-05-15 18:42:29.027650,True,32.45713483253979,315.56263027216204
2026-05-15 18:43:29.027650,True,31.97510034069172,318.3877312971101
2026-05-15 18:44:29.027650,True,32.02504934024538,317.243673471434
2026-05-15 18:45:29.027650,True,31.75217287749553,315.68035881221584
2026-05-15 18:46:29.027650,True,31.623449865810354,314.2358802152618
2026-05-15 18:47:29.027650,True,31.50094341526763,313.23559030989196
2026-05-15 18:48:29.027650,True,32.47728382317693,314.4541221708206
2026-05-15 18:49:29.027650,True,32.163310709504,318.03459819279766
2026-05-15 18:50:29.027650,True,32.05066045923657,313.9188670005037
2026-05-15 18:51:29.027650,True,32.22811643733617,316.6015084605975
2026-05-15 18:52:29.027650,True,32.231250589347376,317.61847973714254
2026-05-15 18:53:29.027650,True,32.475410367684745,316.44137968016025
2026-05-15 18:54:29.027650,True,31.841641112690603,316.89078734140145
2026-05-15 18:55:29.027650,True,31.568440709242626,318.3843839099295
2026-05-15 18:56:29.027650,True,31.6193810113382,314.9670570273149
2026-05-15 18:57:29.027650,True,32.31574538062612,316.5838742699843
2026-05-15 18:58:29.027650,True,31.893635520277442,315.84061395625014
2026-05-15 18:59:29.027650,True,32.35454739320218,315.04002631635933
2026-05-15 19:00:29.027650,True,32.369649684812174,313.52880658586014
2026-05-15 19:01:29.027650,True,32.27679843720863,318.0852857983284
2026-05-15 19:02:29.027650,True,31.68181765283734,315.5820791942332
2026-05-15 19:03:29.027650,True,31.665499774663655,317.2396247739653
2026-05-15 19:04:29.027650,True,32.035347768061655,316.81194008024994
2026-05-15 19:05:29.027650,True,31.69648696695621,314.2704751723145
2026-05-15 19:06:29.027650,True,31.541497325509905,314.9324052111744
2026-05-15 19:07:29.027650,True,32.059744661333674,318.14760948398396
2026-05-15 19:08:29.027650,True,32.16692744745868,315.6123779403985
2026-05-15 19:09:29.027650,True,32.45312011439414,317.315471203455
2026-05-15 19:10:29.027650,True,32.43016520286255,316.165527839633
2026-05-15 19:11:29.027650,True,31.75890427479314,313.3169601181883
2026-05-15 19:12:29.027650,True,32.22608485148385,313.7278179880332
2026-05-15 19:13:29.027650,True,31.802775128271968,316.1948254473034
2026-05-15 19:14:29.027650,True,32.064416587779746,316.6034991819228
2026-05-15 19:15:29.027650,True,31.6662553303497,315.2784244289299
2026-05-15 19:16:29.027650,True,32.11719422711697,318.8189131878027
2026-05-15 19:17:29.027650,True,32.22763113769969,318.5356225425638
2026-05-15 19:18:29.027650,True,32.26221205831418,316.5503018133544
2026-05-15 19:19:29.027650,True,31.692023369136344,317.0001139113551
2026-05-15 19:20:29.027650,True,32.12337956595991,316.6148150227436
2026-05-15 19:21:29.027650,True,31.98978586798824,316.17193962393566
2026-05-15 19:22:29.027650,True,31.834442527118103,316.1158761558538
2026-05-15 19:23:29.027650,True,31.697555905678477,317.8310463841623
2026-05-15 19:24:29.027650,True,31.685776954698706,313.5097977393368
2026-05-15 19:25:29.027650,True,31.936246026357157,316.9498446370364
2026-05-15 19:26:29.027650,True,31.937716824933542,314.66052479170787
2026-05-15 19:27:29.027650,True,32.058171183890444,315.0820140124732
2026-05-15 19:28:29.027650,True,32.432867690126635,318.5358708376214
2026-05-15 19:29:29.027650,True,32.0023718199721,314.96730396410953
2026-05-15 19:30:29.027650,True,32.23713241395664,313.2202776608984
2026-05-15 19:31:29.027650,True,31.97476900604365,315.017940365622
2026-05-15 19:32:29.027650,True,32.42053588510255,313.0720181636361
2026-05-15 19:33:29.027650,True,32.05281487571835,317.44398148639976
2026-05-15 19:34:29.027650,True,31.985017987524042,313.51241818097634
2026-05-15 19:35:29.027650,True,32.4724613900279,316.1080625882566
2026-05-15 19:36:29.027650,True,32.114186244319015,314.41965869624505
2026-05-15 19:37:29.027650,True,31.983498085106802,315.5748969517499
2026-05-15 19:38:29.027650,True,31.574895842001983,313.6369621212848
2026-05-15 19:39:29.027650,True,32.33747251961877,314.43891971323956
2026-05-15 19:40:29.027650,True,31.69495827149863,316.0294687075008
2026-05-15 19:41:29.027650,True,32.26874713136251,313.37167911147395
2026-05-15 19:42:29.027650,True,32.076807919638256,313.71526265704347
2026-05-15 19:43:29.027650,True,31.53646105082562,313.3164637129733
2026-05-15 19:44:29.027650,True,32.33416410820844,313.70783490176836
2026-05-15 19:45:29.027650,True,31.54515136441229,315.62739932285746
2026-05-15 19:46:29.027650,True,32.34399347194203,314.5744502589358
2026-05-15 19:47:29.027650,True,31.921712617525916,313.23953519538253
2026-05-15 19:48:29.027650,True,31.949078514134875,316.4656784838228
2026-05-15 19:49:29.027650,True,32.070907053752144,314.99456015304617
2026-05-15 19:50:29.027650,True,31.815533180663135,313.63974171361957
2026-05-15 19:51:29.027650,True,31.866798320646268,313.5969680132378
2026-05-15 19:52:29.027650,True,32.26659594471205,318.7976457864891
2026-05-15 19:53:29.027650,True,32.47007445666671,318.19042659625234
2026-05-15 19:54:29.027650,True,32.10079214933962,317.2051941834633
2026-05-15 19:55:29.027650,True,31.785205802680416,316.7846225210357
2026-05-15 19:56:29.027650,True,31.955649549439876,315.8921040386616
2026-05-15 19:57:29.027650,True,32.257776560375156,314.6915101335835
2026-05-15 19:58:29.027650,True,31.81803961169452,318.5478507467718
2026-05-15 19:59:29.027650,True,31.55622429485097,315.91380579048007
2026-05-15 20:00:29.027650,True,32.412800800407865,316.66217804690893
2026-05-15 20:01:29.027650,True,32.046407074212134,314.49846507537615
2026-05-15 20:02:29.027650,True,31.84327548906445,318.11229049482813
2026-05-15 20:03:29.027650,True,32.05921813176846,316.0884531625407
2026-05-15 20:04:29.027650,True,31.599579713540027,313.0961689387307
2026-05-15 20:05:29.027650,True,32.46368518868705,315.26191700372107
2026-05-15 20:06:29.027650,True,32.103213062099506,313.4782904391237
2026-05-15 20:07:29.027650,True,32.18311428572304,318.5954002522358
2026-05-15 20:08:29.027650,True,32.07566525299742,313.75669193425244
2026-05-15 20:09:29.027650,True,32.081721527473476,317.59808327862794
2026-05-15 20:10:29.027650,True,31.906416536574017,318.2790264876488
2026-05-15 20:11:29.027650,True,32.148682953357365,318.3954935097352
2026-05-15 20:12:29.027650,True,32.123505311247335,313.78772783202896
2026-05-15 20:13:29.027650,True,31.809691711105188,314.21076968951473
2026-05-15 20:14:29.027650,True,32.40882649771686,317.5624004037249
2026-05-15 20:15:29.027650,True,32.17639836891001,314.80579791778973
2026-05-15 20:16:29.027650,True,31.684044772050214,317.53870652793347
2026-05-15 20:17:29.027650,True,31.974157945879078,314.35473731290375
2026-05-15 20:18:29.027650,True,32.11662197816528,313.24200311283073
2026-05-15 20:19:29.027650,True,31.826170254128254,315.8113419675468
2026-05-15 20:20:29.027650,True,31.647958334109404,318.90792686554505
2026-05-15 20:21:29.027650,True,31.709097364589613,313.78211878025957
2026-05-15 20:22:29.027650,True,31.703534873886895,317.6143667989584
2026-05-15 20:23:29.027650,True,31.925505659271842,316.39249563851524
2026-05-15 20:24:29.027650,True,31.52100915698636,313.2065878514399
2026-05-15 20:25:29.027650,True,31.945825549827017,317.89993145920977
2026-05-15 20:26:29.027650,True,32.38523887870757,313.5202394055738
2026-05-15 20:27:29.027650,True,32.03836310210102,318.47937811767565
2026-05-15 20:28:29.027650,True,31.887972754397886,317.9773949885702
2026-05-15 20:29:29.027650,True,31.633695654399435,318.6123669380068
2026-05-15 20:30:29.027650,True,32.251423317531305,318.6480063567214
2026-05-15 20:31:29.027650,True,32.176617233552506,315.18042359199654
2026-05-15 20:32:29.027650,True,32.43818117252472,314.65340065785506
2026-05-15 20:33:29.027650,True,31.832172522061732,317.20485050801045
2026-05-15 20:34:29.027650,True,32.26531629952539,318.5764209030949
2026-05-15 20:35:29.027650,True,31.70480240905621,317.78798821131534
2026-05-15 20:36:29.027650,True,32.238546053396966,313.3827673375216
2026-05-15 20:37:29.027650,True,31.887223141210207,314.69659274236056
2026-05-15 20:38:29.027650,True,31.80449042435403,318.8976812773282
2026-05-15 20:39:29.027650,True,32.14277741347993,317.306056946761
2026-05-15 20:40:29.027650,True,32.47661763731501,315.26321069474585
2026-05-15 20:41:29.027650,True,32.301840168452806,315.607185779827
2026-05-15 20:42:29.027650,True,32.36953367181498,314.0839452478678
2026-05-15 20:43:29.027650,True,32.44768617706428,314.3126302504653
2026-05-15 20:44:29.027650,True,31.82622050698093,317.53715340464066
2026-05-15 20:45:29.027650,True,31.893755141565407,316.64926826059866
2026-05-15 20:46:29.027650,True,31.944573501069428,317.4542196225387
2026-05-15 20:47:29.027650,True,31.728331252368612,313.35074792342124
2026-05-15 20:48:29.027650,True,31.799929397473065,315.8458519892106
2026-05-15 20:49:29.027650,True,31.668020052192677,315.1287837379383
2026-05-15 20:50:29.027650,True,31.899983018293568,313.34435106212965
2026-05-15 20:51:29.027650,True,32.083307248184205,318.3060605678277
2026-05-15 20:52:29.027650,True,31.651742912953054,316.5868480804091
2026-05-15 20:53:29.027650,True,32.164739204910845,315.5160080825157
2026-05-15 20:54:29.027650,True,32.20109758736427,315.46438926094606
2026-05-15 20:55:29.027650,True,32.00463728797744,313.04411826732655
2026-05-15 20:56:29.027650,True,32.19172011413469,316.9680560736683
2026-05-15 20:57:29.027650,True,31.538400877326346,315.2095006443708
2026-05-15 20:58:29.027650,True,32.47903184079167,315.5244193754117
2026-05-15 20:59:29.027650,True,32.00194540513184,318.4595809489583
2026-05-15 21:00:29.027650,True,32.21726187586576,316.49242078674536
2026-05-15 21:01:29.027650,True,32.29780468134107,318.1861975987358
2026-05-15 21:02:29.027650,True,31.956888071737268,315.850650189591
2026-05-15 21:03:29.027650,True,31.886050935651834,318.80023684011076
2026-05-15 21:04:29.027650,True,32.19716625429035,313.49933839724844
2026-05-15 21:05:29.027650,True,32.36295962331302,315.8833596450176
2026-05-15 21:06:29.027650,True,31.568753906422486,316.29830353097987
2026-05-15 21:07:29.027650,True,31.9171642789757,318.26649642917573
2026-05-15 21:08:29.027650,True,31.703994603609388,317.9587876569531
2026-05-15 21:09:29.027650,True,32.057688691185454,313.3276618192808
2026-05-15 21:10:29.027650,True,32.47184530132549,316.0756914646192
2026-05-15 21:11:29.027650,True,31.790876854231584,315.81644105193556
2026-05-15 21:12:29.027650,True,32.35785778351749,314.82941874631035
2026-05-15 21:13:29.027650,True,31.6926763964867,313.7744274815853
2026-05-15 21:14:29.027650,True,31.797859398390212,317.6802885222403
2026-05-15 21:15:29.027650,True,31.971626365195263,314.36488962216123
2026-05-15 21:16:29.027650,True,31.66618499960975,314.99637685906225
2026-05-15 21:17:29.027650,True,32.439924372885706,315.05816027554016
2026-05-15 21:18:29.027650,True,32.48812407595464,315.9113827345921
2026-05-15 21:19:29.027650,True,31.67916391829015,318.34684055076104
2026-05-15 21:20:29.027650,True,31.960355373134828,317.2580280610271
2026-05-15 21:21:29.027650,True,32.48371158320915,313.3010521019198
2026-05-15 21:22:29.027650,True,31.59669455978757,317.3227404487765
2026-05-15 21:23:29.027650,True,31.781825003295474,314.10580838170057
2026-05-15 21:24:29.027650,True,31.53936187981973,313.1310802719172
2026-05-15 21:25:29.027650,True,32.27448560311979,313.8066005642173
2026-05-15 21:26:29.027650,True,31.96772061597115,316.6353808910769
2026-05-15 21:27:29.027650,True,31.928351800568848,313.1626399140174
2026-05-15 21:28:29.027650,True,32.28350150258791,313.0630793472499
2026-05-15 21:29:29.027650,True,32.26188989437748,318.35982696272873
2026-05-15 21:30:29.027650,True,31.932839921057173,316.2132548385868
2026-05-15 21:31:29.027650,True,31.976983392617655,315.3352517117406
2026-05-15 21:32:29.027650,True,32.38742453537036,318.3636010640199
2026-05-15 21:33:29.027650,True,31.835816364641534,316.6904185240882
2026-05-15 21:34:29.027650,True,32.426907562145864,318.7723509936481
2026-05-15 21:35:29.027650,True,32.00895904042205,315.71694883170596
2026-05-15 21:36:29.027650,True,31.778694315928526,318.75323123914245
2026-05-15 21:37:29.027650,True,31.642814304472868,316.4789774562864
2026-05-15 21:38:29.027650,True,31.782550267518637,314.67404974208677
2026-05-15 21:39:29.027650,True,31.90496858737619,318.99275761489395
2026-05-15 21:40:29.027650,True,31.554966306839823,316.47125090922117
2026-05-15 21:41:29.027650,True,31.582572158035276,313.92712497994313
2026-05-15 21:42:29.027650,True,31.9395629417729,316.06276078807866
2026-05-15 21:43:29.027650,True,31.758792408364524,314.8987427852465
2026-05-15 21:44:29.027650,True,31.586967020255933,314.8193187030655
2026-05-15 21:45:29.027650,True,32.46655843938054,318.66824429003486
2026-05-15 21:46:29.027650,True,31.834878290136984,316.42512361767257
2026-05-15 21:47:29.027650,True,32.40959539111095,313.0371029358454
2026-05-15 21:48:29.027650,True,32.310683570337595,318.69021731673354
2026-05-15 21:49:29.027650,True,31.59132573433356,313.96868611619755
2026-05-15 21:50:29.027650,True,32.460746302771355,316.22524086184205
2026-05-15 21:51:29.027650,True,31.514196634471723,314.5457919925812
2026-05-15 21:52:29.027650,True,31.94994367426886,317.1574534661486
2026-05-15 21:53:29.027650,True,32.2331603781368,318.97252907755274
2026-05-15 21:54:29.027650,True,31.787511199383758,316.2293206112108
2026-05-15 21:55:29.027650,True,32.0333235478596,315.4338715566834
2026-05-15 21:56:29.027650,True,31.66916189384242,318.86473937910307
2026-05-15 21:57:29.027650,True,32.35331718666659,315.98999816976544
2026-05-15 21:58:29.027650,True,32.10324542268403,314.36356632135795
2026-05-15 21:59:29.027650,True,32.043787070391744,317.16982079872884
2026-05-15 22:00:29.027650,True,32.015167028386585,318.94171102350964
2026-05-15 22:01:29.027650,True,32.111341656247724,315.225842275553
2026-05-15 22:02:29.027650,True,32.27215202761584,314.02277506948985
2026-05-15 22:03:29.027650,True,31.884515813706265,315.08175370226553
2026-05-15 22:04:29.027650,True,31.93180709510778,317.69067895557237
2026-05-15 22:05:29.027650,True,31.984173032163408,317.7640867015958
2026-05-15 22:06:29.027650,True,32.07648890313987,315.05241660794536
2026-05-15 22:07:29.027650,True,32.30997874368347,314.4297380233186
2026-05-15 22:08:29.027650,True,31.724382979799795,316.027017544329
2026-05-15 22:09:29.027650,True,31.76084924596209,313.0545222097073
2026-05-15 22:10:29.027650,True,32.1482975272988,316.0665629288344
2026-05-15 22:11:29.027650,True,31.94551781449316,318.8018110877099
2026-05-15 22:12:29.027650,True,32.07119918396291,318.1805894667363
2026-05-15 22:13:29.027650,True,31.63945023620516,316.41523877877654
2026-05-15 22:14:29.027650,True,32.3679796267309,316.4986345436794
2026-05-15 22:15:29.027650,True,32.218014178127,315.23226140687325
2026-05-15 22:16:29.027650,True,31.592449517037068,315.74740177076245
2026-05-15 22:17:29.027650,True,31.894479390838857,318.20236109427367
2026-05-15 22:18:29.027650,True,31.743995302352474,318.8004053652106
2026-05-15 22:19:29.027650,True,32.458138119804495,314.48578985842863
2026-05-15 22:20:29.027650,True,31.84805195547732,318.3733344452433
2026-05-15 22:21:29.027650,True,32.466622220896106,315.6606346170163
2026-05-15 22:22:29.027650,True,31.820997045640897,316.1565640795093
2026-05-15 22:23:29.027650,True,32.187769206365736,314.6408470922499
2026-05-15 22:24:29.027650,True,32.23647317461907,313.30994414268787
2026-05-15 22:25:29.027650,True,31.549294492764417,315.3177262308733
2026-05-15 22:26:29.027650,True,31.853473192060722,314.8937992922029
2026-05-15 22:27:29.027650,True,31.99101976266891,314.9244014938694
2026-05-15 22:28:29.027650,True,31.69225791846809,314.8568172945316
2026-05-15 22:29:29.027650,True,32.474904272810235,315.4666805019691
2026-05-15 22:30:29.027650,True,31.944712776858335,316.4592699397068
2026-05-15 22:31:29.027650,True,32.48334076841422,314.4496076586146
2026-05-15 22:32:29.027650,True,32.181282110532436,317.29590816125034
2026-05-15 22:33:29.027650,True,32.10732441679306,313.5314700378199
2026-05-15 22:34:29.027650,True,32.17687227582758,313.38456826621706
2026-05-15 22:35:29.027650,True,32.0961426495499,317.4374870633305
2026-05-15 22:36:29.027650,True,31.71096989061995,318.04973204525663
2026-05-15 22:37:29.027650,True,31.530353805533004,318.06287718194983
2026-05-15 22:38:29.027650,True,31.960329050642766,314.30552763958985
2026-05-15 22:39:29.027650,True,31.63377814499397,318.7198430054942
2026-05-15 22:40:29.027650,True,31.572665587581156,314.19456051961555
2026-05-15 22:41:29.027650,True,31.847822347433045,316.72140909376674
2026-05-15 22:42:29.027650,True,32.0448010852761,313.7538609544739
2026-05-15 22:43:29.027650,True,31.789727983738214,314.43251062651615
2026-05-15 22:44:29.027650,True,31.713542854490342,315.4668660188799
2026-05-15 22:45:29.027650,True,32.20403145259166,314.3047175933034
2026-05-15 22:46:29.027650,True,31.86667887970298,315.345504561047
2026-05-15 22:47:29.027650,True,32.47645652943541,318.72799814127444
2026-05-15 22:48:29.027650,True,32.30013758275208,314.4499535249151
2026-05-15 22:49:29.027650,True,31.56803731409167,314.90142482632376
2026-05-15 22:50:29.027650,True,31.766794549433833,316.03555480087834
2026-05-15 22:51:29.027650,True,32.277727910067796,318.14993763327317
2026-05-15 22:52:29.027650,True,32.34486408541051,315.1580533673384
2026-05-15 22:53:29.027650,True,32.18723434346068,314.8770051851453
2026-05-15 22:54:29.027650,True,31.560905543235183,317.2093915936177
2026-05-15 22:55:29.027650,True,31.50982755256979,315.45509552475096
2026-05-15 22:56:29.027650,True,31.829379269302077,317.1602652311131
2026-05-15 22:57:29.027650,True,32.26624547276038,314.8245678158277
2026-05-15 22:58:29.027650,True,32.31162701444485,314.7635005630296
2026-05-15 22:59:29.027650,True,31.94632635998656,317.36211116208483
2026-05-15 23:00:29.027650,True,32.19292022922479,318.9242108338732
2026-05-15 23:01:29.027650,True,31.725161024215932,316.9739074812375
2026-05-15 23:02:29.027650,True,32.109681908275775,318.4905907269402
2026-05-15 23:03:29.027650,True,31.656362141644877,317.5107889815216
2026-05-15 23:04:29.027650,True,32.06826861626877,314.64799521872743
2026-05-15 23:05:29.027650,True,31.974434914147174,315.0026595824188
2026-05-15 23:06:29.027650,True,32.07931340278846,318.334003664888
2026-05-15 23:07:29.027650,True,32.0693049844122,316.7903345099595
2026-05-15 23:08:29.027650,True,32.01874784711471,313.30699303867283
2026-05-15 23:09:29.027650,True,31.732858556876096,315.9520103765925
2026-05-15 23:10:29.027650,True,31.810235283744706,314.09058158656717
2026-05-15 23:11:29.027650,True,32.00413284191844,314.93685876068713
2026-05-15 23:12:29.027650,True,31.758107643173414,315.7839125046423
2026-05-15 23:13:29.027650,True,31.633284258082174,318.56647439845244
2026-05-15 23:14:29.027650,True,32.36770209791924,317.2457235144432
2026-05-15 23:15:29.027650,True,31.606213827588455,317.65526352681815
2026-05-15 23:16:29.027650,True,32.30795732810902,317.606587706286
2026-05-15 23:17:29.027650,True,31.613965887119242,316.8634477424066
2026-05-15 23:18:29.027650,True,32.334324795749396,316.464120407318
2026-05-15 23:19:29.027650,True,32.14640737522809,315.75018087655786
2026-05-15 23:20:29.027650,True,32.028707319884056,313.2062611501104
2026-05-15 23:21:29.027650,True,32.13896302197328,313.488683277347
2026-05-15 23:22:29.027650,True,31.935014594340224,314.75593058600447
2026-05-15 23:23:29.027650,True,32.04542795021171,313.80049801313925
2026-05-15 23:24:29.027650,True,32.191643401973316,317.77006922157085
2026-05-15 23:25:29.027650,True,31.663354449743156,313.6258785241113
2026-05-15 23:26:29.027650,True,31.64551548278736,318.262765371391
2026-05-15 23:27:29.027650,True,32.02818926175635,315.80356597604504
2026-05-15 23:28:29.027650,True,31.606711819102355,316.89733604054175
2026-05-15 23:29:29.027650,True,32.36799959189509,317.96911521594075
2026-05-15 23:30:29.027650,True,32.1260547089808,313.45167229991006
2026-05-15 23:31:29.027650,True,31.612397027176012,313.2958539226589
2026-05-15 23:32:29.027650,True,31.75747921649247,313.8139688029623
2026-05-15 23:33:29.027650,True,31.760048040252435,315.31034833431374
2026-05-15 23:34:29.027650,True,32.442982784071134,316.6622563586902
2026-05-15 23:35:29.027650,True,32.33497378568296,317.262109004274
2026-05-15 23:36:29.027650,True,31.612503130526633,317.41552243824367
2026-05-15 23:37:29.027650,True,31.775098881559124,316.8346470819682
2026-05-15 23:38:29.027650,True,31.84096197364299,318.98603357958797
2026-05-15 23:39:29.027650,True,31.763551479496776,314.6747828246456
2026-05-15 23:40:29.027650,True,32.4306722555624,313.1478664278179
2026-05-15 23:41:29.027650,True,32.196688987873195,317.35195834441527
2026-05-15 23:42:29.027650,True,32.3363785774104,318.84663586383084
2026-05-15 23:43:29.027650,True,32.47560191915665,313.3916605453988
2026-05-15 23:44:29.027650,True,32.3218393227529,316.8778596019443
2026-05-15 23:45:29.027650,True,32.14734213437309,313.77009955968816
2026-05-15 23:46:29.027650,True,32.150187166445654,318.8948954836075
2026-05-15 23:47:29.027650,True,32.41181856953945,315.6347839648291
2026-05-15 23:48:29.027650,True,31.539947973286093,315.1737609400012
2026-05-15 23:49:29.027650,True,32.326390311600555,317.208994608791
2026-05-15 23:50:29.027650,True,31.959343655593955,313.330609210953
2026-05-15 23:51:29.027650,True,31.926894727823303,315.8141496383073
2026-05-15 23:52:29.027650,True,32.42855553289414,316.846516621493
2026-05-15 23:53:29.027650,True,31.811652916654648,316.15190958670433
2026-05-15 23:54:29.027650,True,31.56605530782216,318.83540941389845
2026-05-15 23:55:29.027650,True,31.860059901930725,315.8672041294788
2026-05-15 23:56:29.027650,True,31.855283974236922,317.0950703806972
2026-05-15 23:57:29.027650,True,32.162232158329594,317.2919338631748
2026-05-15 23:58:29.027650,True,31.768143229611923,314.8940108869844
2026-05-15 23:59:29.027650,True,31.625251231096208,316.93305983107666
2026-05-16 00:00:29.027650,True,31.539797127335653,316.5860940131408
2026-05-16 00:01:29.027650,True,32.36969588485164,318.3449928897378
2026-05-16 00:02:29.027650,True,31.94903776036996,315.75582212927844
2026-05-16 00:03:29.027650,True,31.576969183008018,317.0245901526582
2026-05-16 00:04:29.027650,True,32.32125942037285,314.46793032762827
2026-05-16 00:05:29.027650,True,31.921300881633364,318.0330360205916
2026-05-16 00:06:29.027650,True,32.37712046766229,314.45907988158535
2026-05-16 00:07:29.027650,True,32.050570634541366,314.154958903815
2026-05-16 00:08:29.027650,True,31.601878764139556,318.4667230083517
2026-05-16 00:09:29.027650,True,32.32050750423211,317.560209410819
2026-05-16 00:10:29.027650,True,31.54876631881314,318.06237275626154
2026-05-16 00:11:29.027650,True,31.938044075905385,315.05437073977515
2026-05-16 00:12:29.027650,True,32.04647636102538,313.54811945634134
2026-05-16 00:13:29.027650,True,32.256646549352396,316.4946104613298
2026-05-16 00:14:29.027650,True,31.686590096873168,314.12939319861425
2026-05-16 00:15:29.027650,True,31.684248651572673,313.3420143253116
2026-05-16 00:16:29.027650,True,32.08779844937168,318.04208906553106
2026-05-16 00:17:29.027650,True,31.517498213987388,313.29402786982763
2026-05-16 00:18:29.027650,True,32.072770276686946,317.9169741123163
2026-05-16 00:19:29.027650,True,31.826738890568635,315.09768639284636
2026-05-16 00:20:29.027650,True,32.096346497496775,314.6452773347449
2026-05-16 00:21:29.027650,True,31.526608366077685,317.41137110860956
2026-05-16 00:22:29.027650,True,32.125649912941455,316.48453599433395
2026-05-16 00:23:29.027650,True,32.24168412899182,317.0513850253722
2026-05-16 00:24:29.027650,True,31.70588198817832,315.1148862816601
2026-05-16 00:25:29.027650,True,31.626110141678623,313.7791420805073
2026-05-16 00:26:29.027650,True,32.17619574635654,318.151600641895
2026-05-16 00:27:29.027650,True,32.46273258386114,316.77008270529666
2026-05-16 00:28:29.027650,True,31.684101323360956,313.63390207269356
2026-05-16 00:29:29.027650,True,32.31285097153676,316.47253885816
2026-05-16 00:30:29.027650,True,32.11828502101372,317.6887725325283
2026-05-16 00:31:29.027650,True,32.20327722773245,318.0067495171366
2026-05-16 00:32:29.027650,True,31.556213905459877,317.48512382047903
2026-05-16 00:33:29.027650,True,32.350852757322095,314.7168102547499
2026-05-16 00:34:29.027650,True,32.14044727399325,314.8849723830218
2026-05-16 00:35:29.027650,True,32.45797106648246,313.200541434613
2026-05-16 00:36:29.027650,True,32.079792843832955,313.99902128229706
2026-05-16 00:37:29.027650,True,32.21222020517716,314.055341700512
2026-05-16 00:38:29.027650,True,31.735383261898356,315.96622486627456
2026-05-16 00:39:29.027650,True,32.41483494999688,314.2702862328878
2026-05-16 00:40:29.027650,True,31.644240021118105,317.55386099112417
2026-05-16 00:41:29.027650,True,32.00061953233393,318.4707106742906
2026-05-16 00:42:29.027650,True,31.646614557159843,316.87556735813826
2026-05-16 00:43:29.027650,True,31.732879146151816,313.9405625719098
2026-05-16 00:44:29.027650,True,32.18342941515727,316.5621077194524
2026-05-16 00:45:29.027650,True,32.25482745836233,314.8567754586771
2026-05-16 00:46:29.027650,True,31.94797165638219,315.4328300579825
2026-05-16 00:47:29.027650,True,32.48408946396651,314.75349374043634
2026-05-16 00:48:29.027650,True,31.794817238346766,315.12728925297165
2026-05-16 00:49:29.027650,True,32.06459408129032,314.51393646558245
2026-05-16 00:50:29.027650,True,32.415289940379274,314.59411338919756
2026-05-16 00:51:29.027650,True,32.3958157315602,313.6208503818795
2026-05-16 00:52:29.027650,True,32.156562702399654,318.44191311062946
2026-05-16 00:53:29.027650,True,31.66874943839823,318.8099617605955
2026-05-16 00:54:29.027650,True,31.952883360415512,318.6742906506461
2026-05-16 00:55:29.027650,True,32.176820043630045,314.80952121924133
2026-05-16 00:56:29.027650,True,31.688302524917106,314.82241027735057
2026-05-16 00:57:29.027650,True,31.593017409262675,313.86320779806
2026-05-16 00:58:29.027650,True,31.604660440346482,315.5376612624493
2026-05-16 00:59:29.027650,True,32.29557837625759,313.84830132529805
2026-05-16 01:00:29.027650,True,31.630320433172336,316.860573697104
2026-05-16 01:01:29.027650,True,31.697182981968066,313.5856602286539
2026-05-16 01:02:29.027650,True,31.666848578205578,318.54238837526066
2026-05-16 01:03:29.027650,True,32.32147125277619,315.12438737413055
2026-05-16 01:04:29.027650,True,32.15582076732739,316.2236540420082
2026-05-16 01:05:29.027650,True,32.17712426348256,317.09602691477653
2026-05-16 01:06:29.027650,True,32.12873401505999,314.59660821122384
2026-05-16 01:07:29.027650,True,31.539006420762817,315.73340069194063
2026-05-16 01:08:29.027650,True,32.3909738846907,316.41698355111146
2026-05-16 01:09:29.027650,True,32.33239104170191,318.94974605776736
2026-05-16 01:10:29.027650,True,31.663616204138275,317.1506658348519
2026-05-16 01:11:29.027650,True,32.17429357370003,318.87973268414964
2026-05-16 01:12:29.027650,True,32.4856007339528,317.12007167034477
2026-05-16 01:13:29.027650,True,31.743614791982193,317.7913350287836
2026-05-16 01:14:29.027650,True,31.60702913421104,317.68419582502975
2026-05-16 01:15:29.027650,True,32.4101961241447,315.2970003686106
2026-05-16 01:16:29.027650,True,32.13063529498308,315.580856392581
2026-05-16 01:17:29.027650,True,31.937765054988127,314.8622253346487
2026-05-16 01:18:29.027650,True,32.262129620450324,318.61705938499904
2026-05-16 01:19:29.027650,True,32.44075085923446,314.0486877092496
2026-05-16 01:20:29.027650,True,32.374743649656565,317.42458864856275
2026-05-16 01:21:29.027650,True,31.75283740069029,313.4037076775291
2026-05-16 01:22:29.027650,True,31.76799726688438,318.47324942068917
2026-05-16 01:23:29.027650,True,32.133178674895774,317.32632796538724
2026-05-16 01:24:29.027650,True,31.757152351109095,317.3163289334489
2026-05-16 01:25:29.027650,True,31.528121506277923,315.2519280746381
2026-05-16 01:26:29.027650,True,32.12675334854233,313.87657939324794
2026-05-16 01:27:29.027650,True,32.323003574446936,314.4101877928715
2026-05-16 01:28:29.027650,True,32.15228111281844,315.431182855452
2026-05-16 01:29:29.027650,True,32.096043595477646,313.6447033157734
2026-05-16 01:30:29.027650,True,31.516912799921606,318.4573865642818
2026-05-16 01:31:29.027650,True,31.769630008767184,317.91806201668277
2026-05-16 01:32:29.027650,True,32.4993503004722,314.2685875479935
2026-05-16 01:33:29.027650,True,31.765170741183354,316.977158725808
2026-05-16 01:34:29.027650,True,32.46544863460062,318.4948860891445
2026-05-16 01:35:29.027650,True,32.00287552006559,317.77066169516036
2026-05-16 01:36:29.027650,True,31.635745853099902,318.8646291052241
2026-05-16 01:37:29.027650,True,32.46435323403599,313.982373747275
2026-05-16 01:38:29.027650,True,31.799423124803106,313.6009299850406
2026-05-16 01:39:29.027650,True,31.771717598898178,317.89573473649125
2026-05-16 01:40:29.027650,True,31.87831560716526,313.5303818028805
2026-05-16 01:41:29.027650,True,31.842225524778904,318.88830000544766
2026-05-16 01:42:29.027650,True,32.1296835952592,315.49696567843694
2026-05-16 01:43:29.027650,True,31.66653851349727,318.91706078370214
2026-05-16 01:44:29.027650,True,32.32084900926313,314.68886381470554
2026-05-16 01:45:29.027650,True,31.57006869572119,313.3397533442654
2026-05-16 01:46:29.027650,True,31.620378149505534,316.4846115016865
2026-05-16 01:47:29.027650,True,32.428763421205495,315.9804605680359
2026-05-16 01:48:29.027650,True,32.342945482456194,315.67531971915884
2026-05-16 01:49:29.027650,True,32.20858354576782,317.391236423719
2026-05-16 01:50:29.027650,True,31.67396370590334,315.16729635385485
2026-05-16 01:51:29.027650,True,32.13730215653803,313.4241796491062
2026-05-16 01:52:29.027650,True,31.861540187762955,316.20879679768717
2026-05-16 01:53:29.027650,True,32.496224493044636,315.84720137573464
2026-05-16 01:54:29.027650,True,32.316056757114325,315.5924037103997
2026-05-16 01:55:29.027650,True,32.29639072261971,316.57248880972065
2026-05-16 01:56:29.027650,True,32.3865954415024,315.4656553141007
2026-05-16 01:57:29.027650,True,32.10430441982148,316.780112083713
2026-05-16 01:58:29.027650,True,31.917382941800472,313.86587226212487
2026-05-16 01:59:29.027650,True,31.593559406912334,313.1000293035978
2026-05-16 02:00:29.027650,True,32.373534264245215,314.41884947343215
2026-05-16 02:01:29.027650,True,31.711506749281767,317.41621240255637
2026-05-16 02:02:29.027650,True,31.82001611308739,316.03626815447103
2026-05-16 02:03:29.027650,True,31.662511065297455,318.7584743287718
2026-05-16 02:04:29.027650,True,32.35158140001724,318.18273773779003
2026-05-16 02:05:29.027650,True,31.906773748572004,317.574167282243
2026-05-16 02:06:29.027650,True,31.64387615538978,313.05171401555066
2026-05-16 02:07:29.027650,True,31.51997293257803,316.51961042442736
2026-05-16 02:08:29.027650,True,31.955394905247942,316.1080920934511
2026-05-16 02:09:29.027650,True,31.50746314041722,315.53611971794453
2026-05-16 02:10:29.027650,True,32.21806816120086,315.6561622118046
2026-05-16 02:11:29.027650,True,32.23221920631222,314.39811378638103
2026-05-16 02:12:29.027650,True,32.313142004481726,316.53058744272073
2026-05-16 02:13:29.027650,True,31.710763099429908,314.420322855123
2026-05-16 02:14:29.027650,True,32.128030464569534,317.97963755927464
2026-05-16 02:15:29.027650,True,31.915627782029155,314.5498025747656
2026-05-16 02:16:29.027650,True,32.3670116069106,317.015609750505
2026-05-16 02:17:29.027650,True,31.948085487283077,315.9274011716758
2026-05-16 02:18:29.027650,True,31.704256467936396,316.76081578038907
2026-05-16 02:19:29.027650,True,31.85874251054289,318.9738710600461
2026-05-16 02:20:29.027650,True,31.98018351526189,315.9153136371377
2026-05-16 02:21:29.027650,True,32.06585178741067,318.50053601871247
2026-05-16 02:22:29.027650,True,32.300818099859754,315.70678041878705
2026-05-16 02:23:29.027650,True,32.218699265972795,316.51741299268457
2026-05-16 02:24:29.027650,True,31.992367048701247,314.1538946367061
2026-05-16 02:25:29.027650,True,31.96393626345489,314.47491152213547
2026-05-16 02:26:29.027650,True,32.41484214985165,315.0124408809781
2026-05-16 02:27:29.027650,True,32.45226401453337,316.1983317405683
2026-05-16 02:28:29.027650,True,32.13154437867616,316.25764266693596
2026-05-16 02:29:29.027650,True,31.6293806169667,315.2549273140476
2026-05-16 02:30:29.027650,True,31.599146112277623,316.73772426510027
2026-05-16 02:31:29.027650,True,31.94687419520044,317.66790982942564
2026-05-16 02:32:29.027650,True,31.72047048099937,313.98739635057603
2026-05-16 02:33:29.027650,True,31.906332230963766,318.5595122993103
2026-05-16 02:34:29.027650,True,32.21042181501241,315.5135417487575
2026-05-16 02:35:29.027650,True,32.017272169754314,313.5052780670626
2026-05-16 02:36:29.027650,True,32.484575896376114,316.9984438281695
2026-05-16 02:37:29.027650,True,31.78540406846342,316.51485036529147
2026-05-16 02:38:29.027650,True,31.609482366068995,318.7950200128455
2026-05-16 02:39:29.027650,True,31.674784987883367,316.88818190833126
2026-05-16 02:40:29.027650,True,31.74545446253893,317.30536829589124
2026-05-16 02:41:29.027650,True,32.27682136724028,317.0405183734686
2026-05-16 02:42:29.027650,True,32.11449946025519,318.35481456371207
2026-05-16 02:43:29.027650,True,31.57862671098976,314.98548859468116
2026-05-16 02:44:29.027650,True,31.748287479630847,318.92808377239254
2026-05-16 02:45:29.027650,True,31.889389779666875,317.3956761954424
2026-05-16 02:46:29.027650,True,32.184725163881005,314.27248742486427
2026-05-16 02:47:29.027650,True,31.73899768021155,314.6877073813182
2026-05-16 02:48:29.027650,True,31.91112727825938,314.40595039390314
2026-05-16 02:49:29.027650,True,31.51965148274685,318.27635834084316
2026-05-16 02:50:29.027650,True,32.46560983138088,315.0494223221894
2026-05-16 02:51:29.027650,True,31.838506879425474,313.0425508766462
2026-05-16 02:52:29.027650,True,32.180250688330375,317.95263937449175
2026-05-16 02:53:29.027650,True,31.646608300360004,313.9579980962029
2026-05-16 02:54:29.027650,True,32.29008324997144,316.6977444901249
2026-05-16 02:55:29.027650,True,31.544860557627718,316.73528194277367
2026-05-16 02:56:29.027650,True,31.808917722843766,315.2123509328251
2026-05-16 02:57:29.027650,True,32.26973141829688,317.86561115603564
2026-05-16 02:58:29.027650,True,31.90035662683983,318.68291761603814
2026-05-16 02:59:29.027650,True,31.90646271795207,317.63101621138065
2026-05-16 03:00:29.027650,True,31.98387726456426,318.3851939591325
2026-05-16 03:01:29.027650,True,32.40776124365018,313.5245008472265
2026-05-16 03:02:29.027650,True,32.436493331310224,317.9532090491225
2026-05-16 03:03:29.027650,True,32.291310714312665,314.2054680381131
2026-05-16 03:04:29.027650,True,32.30511920875467,318.1007964081102
2026-05-16 03:05:29.027650,True,31.789150334454153,318.71356047017395
2026-05-16 03:06:29.027650,True,31.549860146399165,313.89945551948284
2026-05-16 03:07:29.027650,True,32.037581138051515,316.45475482673385
2026-05-16 03:08:29.027650,True,32.145150083300905,313.1018147758928
2026-05-16 03:09:29.027650,True,32.46036677462213,313.26752855640484
2026-05-16 03:10:29.027650,True,31.643061952723404,313.08408710515636
2026-05-16 03:11:29.027650,True,32.066858433294094,318.5936013035258
2026-05-16 03:12:29.027650,True,32.165947166080464,317.9359448108826
2026-05-16 03:13:29.027650,True,31.51328120345858,316.25209179087835
2026-05-16 03:14:29.027650,True,31.95956297750552,315.99380766532477
2026-05-16 03:15:29.027650,True,31.572213185335187,317.10661216641586
2026-05-16 03:16:29.027650,True,32.00322041485863,317.5908930991676
2026-05-16 03:17:29.027650,True,31.985290634061716,313.8962898173586
2026-05-16 03:18:29.027650,True,32.14825695407782,314.034318172631
2026-05-16 03:19:29.027650,True,32.37239456335482,316.6786974344154
2026-05-16 03:20:29.027650,True,31.657203883556953,318.77402834488726
2026-05-16 03:21:29.027650,True,32.01836546333532,313.4373907112299
2026-05-16 03:22:29.027650,True,32.12683290441507,314.51919344207687
2026-05-16 03:23:29.027650,True,32.3036934518773,317.90693244139715
2026-05-16 03:24:29.027650,True,32.478947355854665,316.011217186147
2026-05-16 03:25:29.027650,True,31.95495687972774,317.5208536326789
2026-05-16 03:26:29.027650,True,31.632470656341926,316.28149308275874
2026-05-16 03:27:29.027650,True,32.046247600130854,313.5368387368623
2026-05-16 03:28:29.027650,True,31.917984085506912,318.1197087914032
2026-05-16 03:29:29.027650,True,32.35615362199466,313.5954259895181
2026-05-16 03:30:29.027650,True,31.59072088274783,314.5761728620116
2026-05-16 03:31:29.027650,True,32.374766062553995,313.773415510441
2026-05-16 03:32:29.027650,True,32.21999680262745,313.6069937176786
2026-05-16 03:33:29.027650,True,32.12313785374783,315.13640379471485
2026-05-16 03:34:29.027650,True,32.288913962965864,314.40214269295217
2026-05-16 03:35:29.027650,True,32.13920182938996,314.4140952074553
2026-05-16 03:36:29.027650,True,32.213660283112155,318.24206820736447
2026-05-16 03:37:29.027650,True,31.62680179912676,318.199574131573
2026-05-16 03:38:29.027650,True,32.0935752544143,313.7626629452021
2026-05-16 03:39:29.027650,True,31.927541855359713,313.9651617609106
2026-05-16 03:40:29.027650,True,32.20034788886657,317.5532088065077
2026-05-16 03:41:29.027650,True,31.6057965202728,316.03683911616787
2026-05-16 03:42:29.027650,True,32.31462505602592,318.616978249306
2026-05-16 03:43:29.027650,True,32.01351786674177,318.7016753416684
2026-05-16 03:44:29.027650,True,32.03568897045603,315.36514296759947
2026-05-16 03:45:29.027650,True,32.348203128552896,315.95789626274853
2026-05-16 03:46:29.027650,True,31.971902510564522,315.941874936459
2026-05-16 03:47:29.027650,True,32.34678500186975,317.9916492501283
2026-05-16 03:48:29.027650,True,31.903519992440213,314.99979915922313
2026-05-16 03:49:29.027650,True,31.99192802403913,316.43663505842267
2026-05-16 03:50:29.027650,True,31.738337210627996,317.7637305082935
2026-05-16 03:51:29.027650,True,31.986482765732422,315.00427329051973
2026-05-16 03:52:29.027650,True,31.60682099296399,314.43307096242165
2026-05-16 03:53:29.027650,True,32.449281171755985,314.83059812091716
2026-05-16 03:54:29.027650,True,31.668859289367035,315.76403674992997
2026-05-16 03:55:29.027650,True,31.80708774336025,313.21095550162715
2026-05-16 03:56:29.027650,True,31.823145217279418,316.2646517436368
2026-05-16 03:57:29.027650,True,32.05171237201996,315.13935352706136
2026-05-16 03:58:29.027650,True,31.9473027562526,318.79310750940857
2026-05-16 03:59:29.027650,True,31.87734847723031,314.5493608795599
2026-05-16 04:00:29.027650,True,31.74346704406676,315.7465876762248
2026-05-16 04:01:29.027650,True,32.259520148716945,314.2359291051308
2026-05-16 04:02:29.027650,True,32.20929612714077,313.1268989400965
2026-05-16 04:03:29.027650,True,31.918932977983946,317.6551903912167
2026-05-16 04:04:29.027650,True,31.838732955774432,316.3824226086724
2026-05-16 04:05:29.027650,True,31.70497923282591,317.45197234675703
2026-05-16 04:06:29.027650,True,31.55227910326876,318.115255869253
2026-05-16 04:07:29.027650,True,31.698196386421667,318.24638819025
2026-05-16 04:08:29.027650,True,31.852529241300516,317.3361014468469
2026-05-16 04:09:29.027650,True,31.81922529778619,318.43547002740786
2026-05-16 04:10:29.027650,True,31.626637125518375,314.0711187356356
2026-05-16 04:11:29.027650,True,31.993030125158803,313.4916306342289
2026-05-16 04:12:29.027650,True,31.69598018470176,318.6625982932721
2026-05-16 04:13:29.027650,True,32.47648966114789,315.25755597598254
2026-05-16 04:14:29.027650,True,32.423286021013936,316.2689480540406
2026-05-16 04:15:29.027650,True,31.76974246587377,317.2143923264836
2026-05-16 04:16:29.027650,True,32.15890180657486,318.9347519146524
2026-05-16 04:17:29.027650,True,31.765047287409285,317.03235701597043
2026-05-16 04:18:29.027650,True,31.552023755029445,313.68187623218034
2026-05-16 04:19:29.027650,True,31.503918374951095,318.99676408635804
2026-05-16 04:20:29.027650,True,32.30227369714748,317.72033808840126
2026-05-16 04:21:29.027650,True,32.00972607528818,314.80040249743263
2026-05-16 04:22:29.027650,True,31.651264284462677,314.7080484330788
2026-05-16 04:23:29.027650,True,31.875971221929138,317.5378605818818
2026-05-16 04:24:29.027650,True,32.03966178890315,313.4649017593329
2026-05-16 04:25:29.027650,True,31.518029008958912,313.6139930772044
2026-05-16 04:26:29.027650,True,31.91049871369738,318.59915750229413
2026-05-16 04:27:29.027650,True,32.13740248120922,317.8109553992531
2026-05-16 04:28:29.027650,True,31.966374594504547,315.1699964991703
2026-05-16 04:29:29.027650,True,31.608400372716623,318.25559813311725
2026-05-16 04:30:29.027650,True,32.283160029027904,314.00870858558636
2026-05-16 04:31:29.027650,True,32.01226056387626,315.92424884752745
2026-05-16 04:32:29.027650,True,32.12509155268653,318.67712136394755
2026-05-16 04:33:29.027650,True,32.07977144176248,316.2413036006717
2026-05-16 04:34:29.027650,True,31.550322932934662,313.3774448561081
2026-05-16 04:35:29.027650,True,31.68734679132679,313.1948246301505
2026-05-16 04:36:29.027650,True,32.24335289557001,317.3399818239638
2026-05-16 04:37:29.027650,True,31.636056234431642,318.01647340477166
2026-05-16 04:38:29.027650,True,31.65478603484611,314.80705352198413
2026-05-16 04:39:29.027650,True,31.748976899161367,315.2338425914383
2026-05-16 04:40:29.027650,True,31.754663765889962,315.9337055586307
2026-05-16 04:41:29.027650,True,31.907407881354686,318.91941694467596
2026-05-16 04:42:29.027650,True,31.555926350128225,313.85308825832414
2026-05-16 04:43:29.027650,True,31.5528258939086,316.7550471698943
2026-05-16 04:44:29.027650,True,31.554509277413718,318.0186384242567
2026-05-16 04:45:29.027650,True,32.011938630681925,316.1620457474892
2026-05-16 04:46:29.027650,True,32.06159450771219,314.0248822378373
2026-05-16 04:47:29.027650,True,31.697690303114488,314.912903937238
2026-05-16 04:48:29.027650,True,32.09349641582185,314.2607066556413
2026-05-16 04:49:29.027650,True,31.61633172713326,318.8207013185106
2026-05-16 04:50:29.027650,True,31.521981814809624,317.81618443201614
2026-05-16 04:51:29.027650,True,32.28803514957502,314.7832846830706
2026-05-16 04:52:29.027650,True,31.635626616007315,313.87377188023254
2026-05-16 04:53:29.027650,True,32.19743161723719,316.85683954651705
2026-05-16 04:54:29.027650,True,32.28274567425139,318.62488703439465
2026-05-16 04:55:29.027650,True,32.19192736326659,313.9351092193087
2026-05-16 04:56:29.027650,True,31.74344261676541,318.0531623852387
2026-05-16 04:57:29.027650,True,31.70930607583421,313.4351339017269
2026-05-16 04:58:29.027650,True,32.20328005404225,315.41515813294086
2026-05-16 04:59:29.027650,True,32.4200400525459,316.901530426562
2026-05-16 05:00:29.027650,True,31.59041897779166,318.68713940352194
2026-05-16 05:01:29.027650,True,31.758557263640245,315.0232749424377
2026-05-16 05:02:29.027650,True,31.902260413683543,313.3073457784259
2026-05-16 05:03:29.027650,True,31.996515422230605,313.73991094645174
2026-05-16 05:04:29.027650,True,31.900970326688352,315.1042587279525
2026-05-16 05:05:29.027650,True,32.2728400834265,317.8190230697964
2026-05-16 05:06:29.027650,True,31.653412882389087,315.1993071242754
2026-05-16 05:07:29.027650,True,31.873353161031833,313.9084626636165
2026-05-16 05:08:29.027650,True,32.29845350505119,317.24336997001257
2026-05-16 05:09:29.027650,True,31.690381786297035,315.2003314515628
2026-05-16 05:10:29.027650,True,31.605805024856515,316.76923958255827
2026-05-16 05:11:29.027650,True,31.62137192454862,318.9156050117495
2026-05-16 05:12:29.027650,True,32.28068207468786,315.34143129750396
2026-05-16 05:13:29.027650,True,32.07856393227935,318.46805089729844
2026-05-16 05:14:29.027650,True,32.054099280395825,314.04699091838773
2026-05-16 05:15:29.027650,True,31.87870335558116,318.0588691901785
2026-05-16 05:16:29.027650,True,32.14421301598962,316.9043463060028
2026-05-16 05:17:29.027650,True,32.36682148568849,318.36383834477505
2026-05-16 05:18:29.027650,True,32.41979257177944,313.56909515951895
2026-05-16 05:19:29.027650,True,32.0441260019631,317.4430571273099
2026-05-16 05:20:29.027650,True,32.25692684512701,316.64029721182004
2026-05-16 05:21:29.027650,True,31.666787335183674,317.78452332365
2026-05-16 05:22:29.027650,True,32.22011133351494,313.51681462929423
2026-05-16 05:23:29.027650,True,31.963809824674378,314.04386439713085
2026-05-16 05:24:29.027650,True,31.837477045712973,313.1084865532341
2026-05-16 05:25:29.027650,True,31.900329868410758,316.29926152693724
2026-05-16 05:26:29.027650,True,32.119582592827086,316.98094207077224
2026-05-16 05:27:29.027650,True,32.33629131310246,314.29277744365436
2026-05-16 05:28:29.027650,True,31.620481822438467,318.10922303138756
2026-05-16 05:29:29.027650,True,31.65661281489265,318.8485604880172
2026-05-16 05:30:29.027650,True,32.342538229398635,316.0052596353376
2026-05-16 05:31:29.027650,True,32.481421424922026,313.584260374648
2026-05-16 05:32:29.027650,True,31.8030657611751,316.82934649024367
2026-05-16 05:33:29.027650,True,31.85000686847318,318.57023531188474
2026-05-16 05:34:29.027650,True,31.56562608817782,316.2964709923658
2026-05-16 05:35:29.027650,True,32.090866267395114,316.91636874266334
2026-05-16 05:36:29.027650,True,31.755666223331815,315.18739856511917
2026-05-16 05:37:29.027650,True,32.34368052966498,314.16965661382096
2026-05-16 05:38:29.027650,True,32.32686784717336,316.3759325374165
2026-05-16 05:39:29.027650,True,32.262187511194085,317.2816441975808
2026-05-16 05:40:29.027650,True,31.70751149538488,316.4128764186032
2026-05-16 05:41:29.027650,True,32.36772315280509,315.5926974208116
2026-05-16 05:42:29.027650,True,32.46659077022332,315.7132906006103
2026-05-16 05:43:29.027650,True,31.642785636667885,315.336608080466
2026-05-16 05:44:29.027650,True,32.45170240639054,314.9183250960391
2026-05-16 05:45:29.027650,True,32.36809815986706,318.2875040900913
2026-05-16 05:46:29.027650,True,31.85018652433196,313.4995459483038
2026-05-16 05:47:29.027650,True,32.22455790915882,314.86907379408393
2026-05-16 05:48:29.027650,True,32.28292361425757,315.6559290895626
2026-05-16 05:49:29.027650,True,31.98526674234262,317.6674564404912
2026-05-16 05:50:29.027650,True,31.88236333106163,315.65876407193747
2026-05-16 05:51:29.027650,True,31.87619046876962,315.20404309166366
2026-05-16 05:52:29.027650,True,32.02594657690146,317.8527966670069
2026-05-16 05:53:29.027650,True,31.861768311922567,316.1455283232264
2026-05-16 05:54:29.027650,True,32.1707273254426,314.61663667782193
2026-05-16 05:55:29.027650,True,31.777522804902393,318.6004787621407
2026-05-16 05:56:29.027650,True,32.22353457333109,316.46312005733984
2026-05-16 05:57:29.027650,True,32.14772005442061,313.1757966586205
2026-05-16 05:58:29.027650,True,32.1181029655617,316.05705323934524
2026-05-16 05:59:29.027650,True,32.04574967977943,315.1565429609849
2026-05-16 06:00:29.027650,True,31.581473897712943,314.1600354016723
2026-05-16 06:01:29.027650,True,32.45074471321267,315.4521973736256
2026-05-16 06:02:29.027650,True,31.966683155830864,313.31625873912066
2026-05-16 06:03:29.027650,True,31.53756622954398,317.30308868228053
2026-05-16 06:04:29.027650,True,32.03809466412111,316.0522359052976
2026-05-16 06:05:29.027650,True,31.74312453042267,317.4685043897795
2026-05-16 06:06:29.027650,True,31.66823657910849,314.13960846196613
2026-05-16 06:07:29.027650,True,31.960712171348277,314.71767917267164
2026-05-16 06:08:29.027650,True,31.747462981233145,316.87142586732
2026-05-16 06:09:29.027650,True,32.15097174521854,317.9471024187996
2026-05-16 06:10:29.027650,True,31.917708566972976,313.4385105461569
2026-05-16 06:11:29.027650,True,31.77366638492146,318.8800327791809
2026-05-16 06:12:29.027650,True,32.0962585752327,317.2584225088061
2026-05-16 06:13:29.027650,True,31.507357829625416,316.1092343930951
2026-05-16 06:14:29.027650,True,31.5375286575318,316.4153812725487
2026-05-16 06:15:29.027650,True,32.42077084963608,318.8105147830025
2026-05-16 06:16:29.027650,True,32.04055267538892,315.7492288315133
2026-05-16 06:17:29.027650,True,32.44501709424849,317.04165899198017
2026-05-16 06:18:29.027650,True,31.56489927953841,315.79435346600496
2026-05-16 06:19:29.027650,True,31.740245018464304,315.8188259286921
2026-05-16 06:20:29.027650,True,31.95546557200636,316.49286881688846
2026-05-16 06:21:29.027650,True,31.856770490349252,313.98562269673556
2026-05-16 06:22:29.027650,True,32.003719434589954,317.9812173060746
2026-05-16 06:23:29.027650,True,32.164012228067605,315.03020719555127
2026-05-16 06:24:29.027650,True,32.43552302275886,318.4732454274951
2026-05-16 06:25:29.027650,True,31.709348399384098,313.23650551072217
2026-05-16 06:26:29.027650,True,32.241308708350765,317.9656615680949
2026-05-16 06:27:29.027650,True,32.46786456595135,318.33901836452986
2026-05-16 06:28:29.027650,True,32.100534768206415,316.1803140352743
2026-05-16 06:29:29.027650,True,31.527841051262588,314.4799386810687
2026-05-16 06:30:29.027650,True,31.959614751732925,316.7710234005014
2026-05-16 06:31:29.027650,True,32.05725183331841,317.45581593809015
2026-05-16 06:32:29.027650,True,31.779766930887043,316.38971564591486
2026-05-16 06:33:29.027650,True,31.58814224339079,315.48199314149923
2026-05-16 06:34:29.027650,True,32.2501608329546,317.16040512057424
2026-05-16 06:35:29.027650,True,32.49064273717218,314.66734675592653
2026-05-16 06:36:29.027650,True,31.99818929917398,314.97718248264397
2026-05-16 06:37:29.027650,True,31.940603114059176,318.1417007792163
2026-05-16 06:38:29.027650,True,32.184209075188484,318.2946471480855
2026-05-16 06:39:29.027650,True,31.703511108331888,318.2401667070486
2026-05-16 06:40:29.027650,True,31.559762274178386,318.3315956826229
2026-05-16 06:41:29.027650,True,31.829073779460728,314.8875258004844
2026-05-16 06:42:29.027650,True,32.012088576698666,318.6441411263394
2026-05-16 06:43:29.027650,True,31.547781364681406,315.1133858504245
2026-05-16 06:44:29.027650,True,32.356571988683335,315.3763268646128
2026-05-16 06:45:29.027650,True,31.699156897597067,315.54876508798844
2026-05-16 06:46:29.027650,True,31.88555250149167,318.4924972088002
2026-05-16 06:47:29.027650,True,32.261934375743095,316.03069333446405
2026-05-16 06:48:29.027650,True,32.48837056672157,315.79166518765555
2026-05-16 06:49:29.027650,True,31.558237830820275,314.5736459308899
2026-05-16 06:50:29.027650,True,31.936070480219314,313.94141574487674
2026-05-16 06:51:29.027650,True,32.447565126324044,317.60109338690665
2026-05-16 06:52:29.027650,True,31.76828720042777,316.5448272011075
2026-05-16 06:53:29.027650,True,32.221449157109575,318.6476735734408
2026-05-16 06:54:29.027650,True,32.38163534917541,316.0911533568293
2026-05-16 06:55:29.027650,True,32.27465261979302,316.3728685229655
2026-05-16 06:56:29.027650,True,32.05270389004554,313.6884517500292
2026-05-16 06:57:29.027650,True,31.62613765801615,316.1772016901347
2026-05-16 06:58:29.027650,True,31.768861544979007,313.1262214147628
2026-05-16 06:59:29.027650,True,32.222839203900214,313.194919580141
2026-05-16 07:00:29.027650,True,32.09527684110405,316.2351627647639
2026-05-16 07:01:29.027650,True,32.4688146905778,315.90527883608587
2026-05-16 07:02:29.027650,True,31.563601436377798,316.31012780683875
2026-05-16 07:03:29.027650,True,32.341096170616105,318.98109570568863
2026-05-16 07:04:29.027650,True,31.93034317368907,314.92179245498045
2026-05-16 07:05:29.027650,True,32.406653296952,314.1474527744567
2026-05-16 07:06:29.027650,True,32.11542891503293,315.4342865450857
2026-05-16 07:07:29.027650,True,31.541082364955557,315.08373084583417
2026-05-16 07:08:29.027650,True,31.765228522502674,317.1165469236609
2026-05-16 07:09:29.027650,True,32.44879049769192,314.60828312427185
2026-05-16 07:10:29.027650,True,32.31146593915168,313.33215890163046
2026-05-16 07:11:29.027650,True,32.038121010039816,313.42330038225936
2026-05-16 07:12:29.027650,True,32.43403299113064,317.5981076833443
2026-05-16 07:13:29.027650,True,32.15794991120459,317.943378289748
2026-05-16 07:14:29.027650,True,32.14751979557016,318.81366638304576
2026-05-16 07:15:29.027650,True,32.21395794786477,318.54795165749346
2026-05-16 07:16:29.027650,True,32.01713189201064,313.7023864778912
2026-05-16 07:17:29.027650,True,32.02817772142302,313.76123696837857
2026-05-16 07:18:29.027650,True,32.092493479176404,315.894958363166
2026-05-16 07:19:29.027650,True,32.12257539783278,313.060281886329
2026-05-16 07:20:29.027650,True,31.694840491655363,315.9479825914728
2026-05-16 07:21:29.027650,True,32.45050356158914,315.30165424213095
2026-05-16 07:22:29.027650,True,31.924372026053636,317.28817653403974
2026-05-16 07:23:29.027650,True,32.103792757286115,314.79355690059
2026-05-16 07:24:29.027650,True,31.910816395567426,314.3061987931434
2026-05-16 07:25:29.027650,True,32.46602145913021,313.78380628934417
2026-05-16 07:26:29.027650,True,31.87183678456642,313.1550338333201
2026-05-16 07:27:29.027650,True,31.721779491933546,317.68282683028093
2026-05-16 07:28:29.027650,True,31.70117523228888,313.4803804151738
2026-05-16 07:29:29.027650,True,31.974453179844524,313.05981540840713
2026-05-16 07:30:29.027650,True,31.584766154426333,317.84575521737787
2026-05-16 07:31:29.027650,True,32.27147334485961,318.4908329224294
2026-05-16 07:32:29.027650,True,32.35451543591075,317.0990533794389
2026-05-16 07:33:29.027650,True,31.552332857300662,317.6970917079199
2026-05-16 07:34:29.027650,True,32.34551081084056,317.7944928746317
2026-05-16 07:35:29.027650,True,32.00847903530803,314.39741103189687
2026-05-16 07:36:29.027650,True,32.34532997568873,317.36297685844085
2026-05-16 07:37:29.027650,True,32.48076117438885,313.9341555865356
2026-05-16 07:38:29.027650,True,31.725664583052055,314.270788899289
2026-05-16 07:39:29.027650,True,32.292539767621335,314.1214437787007
2026-05-16 07:40:29.027650,True,31.566659829823305,318.9913648395138
2026-05-16 07:41:29.027650,True,31.52481721144515,318.0114643609532
2026-05-16 07:42:29.027650,True,31.865366841550653,318.0496927585469
2026-05-16 07:43:29.027650,True,32.054620491211146,318.4097873769182
2026-05-16 07:44:29.027650,True,32.42619298641463,313.05458908768463
2026-05-16 07:45:29.027650,True,31.57541217599279,314.50215237742515
2026-05-16 07:46:29.027650,True,32.1693154163635,318.32963317906905
2026-05-16 07:47:29.027650,True,31.959941951293963,316.6418386976456
2026-05-16 07:48:29.027650,True,31.688499852795562,317.82980100329013
2026-05-16 07:49:29.027650,True,32.46732811135347,314.61159359748757
2026-05-16 07:50:29.027650,True,31.994825951600546,313.51669666303826
2026-05-16 07:51:29.027650,True,32.05913665646297,316.0167006510801
2026-05-16 07:52:29.027650,True,31.64443648415508,315.65239727870846
2026-05-16 07:53:29.027650,True,31.834104652086562,316.13098525183113
2026-05-16 07:54:29.027650,True,32.0856543354288,313.05097347164326
2026-05-16 07:55:29.027650,True,32.261005982949555,317.27808575117047
2026-05-16 07:56:29.027650,True,31.86628638620652,313.3176156134129
2026-05-16 07:57:29.027650,True,32.25493253978505,318.7310509628688
2026-05-16 07:58:29.027650,True,31.740151596022013,314.94114768242224
2026-05-16 07:59:29.027650,True,31.683812889481814,316.461616740069
2026-05-16 08:00:29.027650,True,31.654841394647455,315.1371636607683
2026-05-16 08:01:29.027650,True,32.19701301393426,316.36069589805606
2026-05-16 08:02:29.027650,True,31.886462564327935,315.52149761084524
2026-05-16 08:03:29.027650,True,32.06211088262323,313.035188367323
2026-05-16 08:04:29.027650,True,31.578509868453608,318.2875484065781
2026-05-16 08:05:29.027650,True,31.57787898909129,317.24082157726303
2026-05-16 08:06:29.027650,True,32.42003816410905,314.6241016258104
2026-05-16 08:07:29.027650,True,31.870491437059513,316.4135284350683
2026-05-16 08:08:29.027650,True,32.38170896963859,318.6514335235625
2026-05-16 08:09:29.027650,True,32.23956324811127,313.5197185651282
2026-05-16 08:10:29.027650,True,32.16915415553485,315.46182233123596
2026-05-16 08:11:29.027650,True,31.97070099949106,313.2948903420711
2026-05-16 08:12:29.027650,True,31.691062139346357,317.74308164520187
2026-05-16 08:13:29.027650,True,31.95395883304786,314.80997344978687
2026-05-16 08:14:29.027650,True,31.884019073964957,318.1263970799541
2026-05-16 08:15:29.027650,True,32.248999017404955,314.6338923830865
2026-05-16 08:16:29.027650,True,31.617501840212373,314.51198932986443
2026-05-16 08:17:29.027650,True,32.420756451054736,316.48953302709856
2026-05-16 08:18:29.027650,True,32.033480208744784,316.57836159815474
2026-05-16 08:19:29.027650,True,31.866028265746515,317.8426421219171
2026-05-16 08:20:29.027650,True,32.02328624930025,313.70048741661276
2026-05-16 08:21:29.027650,True,31.62906512482906,316.2211548790157
2026-05-16 08:22:29.027650,True,32.43657021807084,314.8501127300572
2026-05-16 08:23:29.027650,True,32.36954116885922,317.5845735194733
2026-05-16 08:24:29.027650,True,31.747812442906906,313.21804448989747
2026-05-16 08:25:29.027650,True,31.601847265142382,317.37096360308465
2026-05-16 08:26:29.027650,True,31.699669738040647,315.2276255230324
2026-05-16 08:27:29.027650,True,32.001699166006425,317.352809010701
2026-05-16 08:28:29.027650,True,31.613231223259124,315.4381984316648
2026-05-16 08:29:29.027650,True,31.985072909142694,316.24496238382926
2026-05-16 08:30:29.027650,True,32.318360641395216,314.0300691702593
2026-05-16 08:31:29.027650,True,32.30783145182662,317.15727056617993
2026-05-16 08:32:29.027650,True,32.05587081419896,317.19716722241543
2026-05-16 08:33:29.027650,True,31.912017738951658,313.83038551580876
2026-05-16 08:34:29.027650,True,32.165765240265365,316.1480338401137
2026-05-16 08:35:29.027650,True,32.139374800542775,315.02799268617093
2026-05-16 08:36:29.027650,True,32.406866577339834,316.52421921145344
2026-05-16 08:37:29.027650,True,31.585402484290874,315.69882394422655
2026-05-16 08:38:29.027650,True,32.256356054743634,317.7648073703936
2026-05-16 08:39:29.027650,True,31.99459705276376,318.3684854249878
2026-05-16 08:40:29.027650,True,31.7676684371943,315.4635921834296
2026-05-16 08:41:29.027650,True,32.39859691056897,318.37754029882944
2026-05-16 08:42:29.027650,True,32.18571276882468,318.1538832827333
2026-05-16 08:43:29.027650,True,31.58877326695623,318.18996985724664
2026-05-16 08:44:29.027650,True,31.820619906550228,314.0699890745693
2026-05-16 08:45:29.027650,True,31.739369836342046,315.50781104808334
2026-05-16 08:46:29.027650,True,31.751192004604466,314.92340551609897
2026-05-16 08:47:29.027650,True,31.634978486071642,314.777060593354
2026-05-16 08:48:29.027650,True,32.072283814542004,315.65112224854636
2026-05-16 08:49:29.027650,True,31.846718761235913,317.47871277314266
2026-05-16 08:50:29.027650,True,32.39350997139332,317.5407353374144
2026-05-16 08:51:29.027650,True,31.83200070211768,317.46665300702534
2026-05-16 08:52:29.027650,True,31.651980182474052,313.78190792854775
2026-05-16 08:53:29.027650,True,31.84562703703616,317.84621421426436
2026-05-16 08:54:29.027650,True,31.746348247242302,313.3795204533921
2026-05-16 08:55:29.027650,True,31.631709535206355,318.15246981117747
2026-05-16 08:56:29.027650,True,32.13378328474729,314.51920698021985
2026-05-16 08:57:29.027650,True,32.05529582532818,316.1654777345521
2026-05-16 08:58:29.027650,True,32.155435978440664,314.3991253265297
2026-05-16 08:59:29.027650,True,32.364402987194396,314.85621137248006
2026-05-16 09:00:29.027650,True,32.194131653976235,313.0967478782333
2026-05-16 09:01:29.027650,True,31.872657129894147,315.11025890775284
2026-05-16 09:02:29.027650,True,32.043484428583014,313.4364175706632
2026-05-16 09:03:29.027650,True,32.290131373726105,314.3066848106054
2026-05-16 09:04:29.027650,True,32.17703781488201,317.81927273946457
2026-05-16 09:05:29.027650,True,32.06187695624151,317.4452992403319
2026-05-16 09:06:29.027650,True,32.161860312215005,315.13317878291207
2026-05-16 09:07:29.027650,True,32.308858539033565,314.7682082193132
2026-05-16 09:08:29.027650,True,32.07121291775152,317.4723864348492
2026-05-16 09:09:29.027650,True,31.878955909812507,314.81660564570456
2026-05-16 09:10:29.027650,True,31.959346010172823,317.90778096609495
2026-05-16 09:11:29.027650,True,32.429921763145664,316.2705004771593
2026-05-16 09:12:29.027650,True,32.16146620532365,318.4196417334335
2026-05-16 09:13:29.027650,True,31.59854685141294,314.39247146719697
2026-05-16 09:14:29.027650,True,32.20890000625158,317.9424667714738
2026-05-16 09:15:29.027650,True,32.35702902833058,315.4906430611296
2026-05-16 09:16:29.027650,True,31.58933990229187,315.6266888637977
2026-05-16 09:17:29.027650,True,31.730734590207053,314.74717872997974
2026-05-16 09:18:29.027650,True,32.272267556837505,313.4531625161553
2026-05-16 09:19:29.027650,True,32.3275812174807,315.56601451494504
2026-05-16 09:20:29.027650,True,32.096063931100595,313.53791338741405
2026-05-16 09:21:29.027650,True,31.83735907835728,313.5382055140891
2026-05-16 09:22:29.027650,True,32.46154372288111,317.8435698959575
2026-05-16 09:23:29.027650,True,31.95963275435646,314.341615289942
2026-05-16 09:24:29.027650,True,32.433455105249855,315.06757957436184
2026-05-16 09:25:29.027650,True,31.660984431687375,316.3789863307237
2026-05-16 09:26:29.027650,True,32.44377412034481,313.02298174300194
2026-05-16 09:27:29.027650,True,31.738124843254,318.63068584246247
2026-05-16 09:28:29.027650,True,31.671085966857163,313.6794607098389
2026-05-16 09:29:29.027650,True,32.070187215799805,318.171062939769
2026-05-16 09:30:29.027650,True,31.977109817693925,318.96738554010716
2026-05-16 09:31:29.027650,True,32.179171699537996,313.44444944326267
2026-05-16 09:32:29.027650,True,32.49283213168197,315.44736542068114
2026-05-16 09:33:29.027650,True,31.787402533845484,316.3472751014673
2026-05-16 09:34:29.027650,True,31.804307591820866,313.5187450427209
2026-05-16 09:35:29.027650,True,31.501428343079176,315.6975001175216
2026-05-16 09:36:29.027650,True,32.33686342222659,316.4338911137805
2026-05-16 09:37:29.027650,True,32.49920729894344,314.7210798738832
2026-05-16 09:38:29.027650,True,31.780455064760055,313.95849676140364
2026-05-16 09:39:29.027650,True,31.664063588265336,314.7111195760603
2026-05-16 09:40:29.027650,True,32.29284004527353,318.4345407438187
2026-05-16 09:41:29.027650,True,32.475087169707685,314.3937379245787
2026-05-16 09:42:29.027650,True,32.38129754561409,314.96953053566403
2026-05-16 09:43:29.027650,True,31.612840544516885,318.220149553121
2026-05-16 09:44:29.027650,True,32.13610563464362,313.98838537648635
2026-05-16 09:45:29.027650,True,31.929831257513,314.7235461692624
2026-05-16 09:46:29.027650,True,32.236794568710195,315.7204973837456
2026-05-16 09:47:29.027650,True,32.48927994510638,313.32846989355755
2026-05-16 09:48:29.027650,True,31.855015266136245,315.89140100265985
2026-05-16 09:49:29.027650,True,32.00313355474832,314.8956149343138
2026-05-16 09:50:29.027650,True,32.229240249097565,318.24848244093386
2026-05-16 09:51:29.027650,True,32.43871930197786,317.83056026079714
2026-05-16 09:52:29.027650,True,32.3505801973066,316.30327180371995
2026-05-16 09:53:29.027650,True,32.32588822642681,314.8210234548877
2026-05-16 09:54:29.027650,True,31.898478762109214,314.90147808291124
2026-05-16 09:55:29.027650,True,31.967387335447924,314.7134776974318
2026-05-16 09:56:29.027650,True,32.461611442254444,314.877067768034
2026-05-16 09:57:29.027650,True,31.59804453811094,316.16090299630247
2026-05-16 09:58:29.027650,True,31.557099078445177,313.66325899785147
2026-05-16 09:59:29.027650,True,31.719389389196245,315.78610149929284
2026-05-16 10:00:29.027650,True,31.93325093230903,317.79815117201673
2026-05-16 10:01:29.027650,True,32.239474653884116,315.5579097639442
2026-05-16 10:02:29.027650,True,31.83370420757563,314.898812704369
2026-05-16 10:03:29.027650,True,32.27399508729401,313.3124344373276
2026-05-16 10:04:29.027650,True,31.512821649510606,317.77326635155987
2026-05-16 10:05:29.027650,True,31.97714637598905,313.78528683132146
2026-05-16 10:06:29.027650,True,31.7355659345945,318.5950237185843
2026-05-16 10:07:29.027650,True,32.3595029756249,317.25871030134385
2026-05-16 10:08:29.027650,True,31.982225230337328,316.1219417571483
2026-05-16 10:09:29.027650,True,32.475244535283956,318.79462266330574
2026-05-16 10:10:29.027650,True,31.715269045785835,317.8666273978319
2026-05-16 10:11:29.027650,True,31.697242666167018,314.2812248673037
2026-05-16 10:12:29.027650,True,32.17609303416458,315.4300065915253
2026-05-16 10:13:29.027650,True,32.43154440710652,313.53405840937603
2026-05-16 10:14:29.027650,True,32.011525640809495,318.51112918265875
2026-05-16 10:15:29.027650,True,32.4041136604795,313.93917528049445
2026-05-16 10:16:29.027650,True,31.866637700096458,316.7147284002802
2026-05-16 10:17:29.027650,True,31.6593948847714,318.80813303227444
2026-05-16 10:18:29.027650,True,32.41474932872766,314.00170107420684
2026-05-16 10:19:29.027650,True,31.621155461260987,313.5124508968496
2026-05-16 10:20:29.027650,True,32.40944366403663,314.16174285877275
2026-05-16 10:21:29.027650,True,31.916284928544354,315.693108193912
2026-05-16 10:22:29.027650,True,32.09901104421357,313.43041206248455
2026-05-16 10:23:29.027650,True,31.726758617400517,318.58894232151357
2026-05-16 10:24:29.027650,True,32.40841010726857,317.68774388443416
2026-05-16 10:25:29.027650,True,31.519401245618216,314.9620406109766
2026-05-16 10:26:29.027650,True,32.12795873534291,314.65114127064084
2026-05-16 10:27:29.027650,True,32.409586695053775,316.80333677099463
2026-05-16 10:28:29.027650,True,31.571906717316445,318.45403353301424
2026-05-16 10:29:29.027650,True,32.457766658176226,313.46627451035033
2026-05-16 10:30:29.027650,True,32.032360234861315,314.820185693285
2026-05-16 10:31:29.027650,True,31.8928390764814,314.07790730773206
2026-05-16 10:32:29.027650,True,32.07807210201241,318.74787611949336
2026-05-16 10:33:29.027650,True,32.00307260027161,313.4974874883669
2026-05-16 10:34:29.027650,True,32.12000133347741,315.04133796670754
2026-05-16 10:35:29.027650,True,32.3559251895913,315.60806888989885
2026-05-16 10:36:29.027650,True,31.692839608942247,314.1466337361469
2026-05-16 10:37:29.027650,True,32.26876418072116,314.59352558984415
2026-05-16 10:38:29.027650,True,32.26723339415922,314.2353238645996
2026-05-16 10:39:29.027650,True,31.82168636870131,315.7929218346382
2026-05-16 10:40:29.027650,True,32.44319584969345,318.5903885485229
2026-05-16 10:41:29.027650,True,31.706871875422287,315.14931424745845
2026-05-16 10:42:29.027650,True,31.649399388453773,316.059910475881
2026-05-16 10:43:29.027650,True,31.960582550694667,318.4045609747044
2026-05-16 10:44:29.027650,True,32.430005377791076,315.30140434604374
2026-05-16 10:45:29.027650,True,31.99173794301899,318.3774174948768
2026-05-16 10:46:29.027650,True,32.30670780774506,313.0219378680679
2026-05-16 10:47:29.027650,True,31.820059564183584,315.53064545161675
2026-05-16 10:48:29.027650,True,31.72971628368323,314.19742969537566
2026-05-16 10:49:29.027650,True,31.53778450659568,316.86021835041856
2026-05-16 10:50:29.027650,True,31.762510290483167,313.31408307058786
2026-05-16 10:51:29.027650,True,31.730979310528063,317.81148371701676
2026-05-16 10:52:29.027650,True,32.35148918164655,315.8983974711598
2026-05-16 10:53:29.027650,True,31.916070670408686,318.8671221610107
2026-05-16 10:54:29.027650,True,31.70056465958807,314.29215569712767
2026-05-16 10:55:29.027650,True,31.7918671770364,314.03654390968654
2026-05-16 10:56:29.027650,True,31.87936559820419,318.46500536193855
2026-05-16 10:57:29.027650,True,32.11534784062857,315.4716792916736
2026-05-16 10:58:29.027650,True,32.434410794571214,313.29078539485494
2026-05-16 10:59:29.027650,True,31.71027617790186,316.39533163061054
2026-05-16 11:00:29.027650,True,32.11555262319318,313.23734503937567
2026-05-16 11:01:29.027650,True,31.903038757907133,316.89492378898524
2026-05-16 11:02:29.027650,True,32.1980705464034,316.8288394150976
2026-05-16 11:03:29.027650,True,31.820563224360924,313.56112074158744
2026-05-16 11:04:29.027650,True,31.927112446419333,313.77252662420835
2026-05-16 11:05:29.027650,True,32.44762365852067,315.85102519613577
2026-05-16 11:06:29.027650,True,31.817259174356867,317.5978244267134
2026-05-16 11:07:29.027650,True,31.997948592582265,314.8602041440747
2026-05-16 11:08:29.027650,True,32.3119677423908,318.20291290600676
2026-05-16 11:09:29.027650,True,32.173008166288675,313.281786534446
2026-05-16 11:10:29.027650,True,32.06632288016653,317.5797694719837
2026-05-16 11:11:29.027650,True,31.636503012083583,314.3720245083076
2026-05-16 11:12:29.027650,True,32.38249510506814,313.12073033111847
2026-05-16 11:13:29.027650,True,32.25272713782598,315.84263975508657
2026-05-16 11:14:29.027650,True,31.946772158839607,313.04257919496933
2026-05-16 11:15:29.027650,True,32.31939823096649,315.1589494038194
2026-05-16 11:16:29.027650,True,32.040765631300545,317.06380411801393
2026-05-16 11:17:29.027650,True,32.202629576437914,318.7358803529564
2026-05-16 11:18:29.027650,True,32.03133995323661,315.39831730584655
2026-05-16 11:19:29.027650,True,32.45370362649171,316.85266141015313
2026-05-16 11:20:29.027650,True,31.798150356276555,313.75878547242144
2026-05-16 11:21:29.027650,True,32.34255450146518,315.1730896167649
2026-05-16 11:22:29.027650,True,32.16046972136443,315.8248985161954
2026-05-16 11:23:29.027650,True,31.698929779795037,316.6101196517228
2026-05-16 11:24:29.027650,True,31.56068306895068,315.48005475922713
2026-05-16 11:25:29.027650,True,32.04661493966367,315.61628184471147
2026-05-16 11:26:29.027650,True,32.24867217525099,317.9675497272719
2026-05-16 11:27:29.027650,True,32.27124307403318,313.23287768687084
2026-05-16 11:28:29.027650,True,31.69412877044597,316.21964505558265
2026-05-16 11:29:29.027650,True,32.4348220404438,318.0097406503127
2026-05-16 11:30:29.027650,True,32.342534508351804,314.81924916255804
2026-05-16 11:31:29.027650,True,31.929447897078703,315.8242356838956
2026-05-16 11:32:29.027650,True,31.65737158334991,313.18640878146675
2026-05-16 11:33:29.027650,True,32.44690289946052,314.44427551398104
2026-05-16 11:34:29.027650,True,31.739948903723633,313.50027432261254
2026-05-16 11:35:29.027650,True,32.428507751943776,316.47842268963865
2026-05-16 11:36:29.027650,True,32.16703685712535,318.46946132357834
2026-05-16 11:37:29.027650,True,31.84562016890079,316.72904386682853
2026-05-16 11:38:29.027650,True,31.53879945472889,314.1206351693868
2026-05-16 11:39:29.027650,True,32.33124580508994,317.60061013803
2026-05-16 11:40:29.027650,True,31.850642691457146,315.2608637666453
2026-05-16 11:41:29.027650,True,32.03355443355358,313.0014460281108
2026-05-16 11:42:29.027650,True,31.74124433603803,314.2493908516493
2026-05-16 11:43:29.027650,True,31.750482946749763,317.83543505520066
2026-05-16 11:44:29.027650,True,31.77967385654644,314.14912793230087
2026-05-16 11:45:29.027650,True,32.004263460793034,318.1938702182364
2026-05-16 11:46:29.027650,True,31.7413497038375,313.4712174567568
2026-05-16 11:47:29.027650,True,31.856404735849665,317.48591094738987
2026-05-16 11:48:29.027650,True,32.050690544694795,317.9007602174461
2026-05-16 11:49:29.027650,True,32.459592147609236,317.7559748605097
2026-05-16 11:50:29.027650,True,32.103803078843754,315.9600495283143
2026-05-16 11:51:29.027650,True,31.540069086348268,318.90593187288425
2026-05-16 11:52:29.027650,True,31.88348112257504,313.9133692835012
2026-05-16 11:53:29.027650,True,32.16670885539646,314.70572973457274
2026-05-16 11:54:29.027650,True,32.085778270931044,316.52060744706756
2026-05-16 11:55:29.027650,True,31.94572982090287,318.0167116932703
2026-05-16 11:56:29.027650,True,31.764967061555442,315.6917955497064
2026-05-16 11:57:29.027650,True,32.03769212859097,316.9817483246038
2026-05-16 11:58:29.027650,True,32.28397185050559,315.36884369726954
2026-05-16 11:59:29.027650,True,32.1460469440966,313.9036657184111
2026-05-16 12:00:29.027650,True,32.43264810054248,315.298352838526
2026-05-16 12:01:29.027650,True,32.229521421976436,313.1220464912931
2026-05-16 12:02:29.027650,True,31.70518714290481,315.92249526594145
2026-05-16 12:03:29.027650,True,32.378252467732345,316.1635308997041
2026-05-16 12:04:29.027650,True,32.42987048229388,315.9027813794968
2026-05-16 12:05:29.027650,True,31.99044909673595,313.7184807310032
2026-05-16 12:06:29.027650,True,32.30265624415222,314.4817924748024
2026-05-16 12:07:29.027650,True,32.399612489372316,318.4649453219824
2026-05-16 12:08:29.027650,True,32.44331011187415,316.12138293461857
2026-05-16 12:09:29.027650,True,32.177093784783644,317.67109528036997
2026-05-16 12:10:29.027650,True,31.631014618650465,316.605743169985
2026-05-16 12:11:29.027650,True,31.53429790130331,315.98539650033234
2026-05-16 12:12:29.027650,True,31.654842681620227,314.09753755577253
2026-05-16 12:13:29.027650,True,31.865047566692603,315.594623000299
2026-05-16 12:14:29.027650,True,32.123172424532186,313.4465705106311
2026-05-16 12:15:29.027650,True,32.00369176123745,314.09575078151863
2026-05-16 12:16:29.027650,True,32.07397517503174,316.82442767356713
2026-05-16 12:17:29.027650,True,32.05670925655286,317.42977306286986
2026-05-16 12:18:29.027650,True,31.835609244240903,317.59063954979877
2026-05-16 12:19:29.027650,True,31.932767081708192,315.9051069899356
2026-05-16 12:20:29.027650,True,32.14810212726107,313.11015030399534
2026-05-16 12:21:29.027650,True,32.15399422142025,316.7115108944327
2026-05-16 12:22:29.027650,True,31.80984711675328,313.51476570939695
2026-05-16 12:23:29.027650,True,31.59093544991304,318.5393424819114
2026-05-16 12:24:29.027650,True,32.18927932122584,313.7626156826244
2026-05-16 12:25:29.027650,True,31.856723169308907,316.5548979634096
2026-05-16 12:26:29.027650,True,32.33557170509065,313.26196557227803
2026-05-16 12:27:29.027650,True,31.736633131470008,318.3384939417723
2026-05-16 12:28:29.027650,True,31.509165550183816,314.2083946167633
2026-05-16 12:29:29.027650,True,32.459024175972964,316.680411079133
2026-05-16 12:30:29.027650,True,31.761671366637508,313.4019465663751
2026-05-16 12:31:29.027650,True,31.528191340447222,314.46847047782154
2026-05-16 12:32:29.027650,True,32.38148581958891,315.49548192578504
2026-05-16 12:33:29.027650,True,32.22033336916599,318.50971021227974
2026-05-16 12:34:29.027650,True,31.908040461602816,314.1476642262244
2026-05-16 12:35:29.027650,True,32.01711793085692,318.4485021223591
2026-05-16 12:36:29.027650,True,32.3043744141377,313.3949790601789
2026-05-16 12:37:29.027650,True,32.192572800077585,316.4313851347537
2026-05-16 12:38:29.027650,True,32.407463176346425,313.7348885011018
2026-05-16 12:39:29.027650,True,32.03403611320466,318.2767761610713
2026-05-16 12:40:29.027650,True,31.910023786741743,315.8919695063972
2026-05-16 12:41:29.027650,True,31.570460677666958,314.66886184269345
2026-05-16 12:42:29.027650,True,31.824506649168946,318.6707346924693
2026-05-16 12:43:29.027650,True,31.782667360541158,315.76521241161794
2026-05-16 12:44:29.027650,True,32.17130442356428,313.97310023444726
2026-05-16 12:45:29.027650,True,31.986442387141874,317.43123423685546
2026-05-16 12:46:29.027650,True,32.366855213027065,316.7575556479746
2026-05-16 12:47:29.027650,True,32.169053515316946,313.7577008355074
2026-05-16 12:48:29.027650,True,32.44577649724635,313.7954444649069
2026-05-16 12:49:29.027650,True,32.2746729371818,314.58889793066993
2026-05-16 12:50:29.027650,True,32.43359314370125,317.3197572362169
2026-05-16 12:51:29.027650,True,32.25381371297837,314.3143550383593
2026-05-16 12:52:29.027650,True,31.94303997663516,316.7068791675357
2026-05-16 12:53:29.027650,True,32.2699736182066,313.62375625547435
2026-05-16 12:54:29.027650,True,32.46236531645453,318.34132402332733
2026-05-16 12:55:29.027650,True,31.770348590495583,317.936561458194
2026-05-16 12:56:29.027650,True,32.01832392303982,315.7708388893721
2026-05-16 12:57:29.027650,True,31.814434105811404,316.48581151978954
2026-05-16 12:58:29.027650,True,32.2298891177036,315.46559742977655
2026-05-16 12:59:29.027650,True,32.12921919300829,317.19587752693184
2026-05-16 13:00:29.027650,True,32.21112181701528,313.3117965887871
2026-05-16 13:01:29.027650,True,32.35974780568507,315.74951988859027
2026-05-16 13:02:29.027650,True,31.762416081696216,314.4505870448781
2026-05-16 13:03:29.027650,True,31.98301411284395,318.3209892368138
2026-05-16 13:04:29.027650,True,31.878347581682647,317.49835448070127
2026-05-16 13:05:29.027650,True,31.59681873098722,315.8563402129064
2026-05-16 13:06:29.027650,True,32.49168614039274,317.622626816754
2026-05-16 13:07:29.027650,True,31.710528488440612,316.0086488421875
2026-05-16 13:08:29.027650,True,31.733624763648567,315.4573655635751
2026-05-16 13:09:29.027650,True,32.280084023734965,317.62734889174243
2026-05-16 13:10:29.027650,True,31.728100377902386,318.5333399089292
2026-05-16 13:11:29.027650,True,32.09256818276483,315.2795457457721
2026-05-16 13:12:29.027650,True,32.00193558078086,316.6304275206265
2026-05-16 13:13:29.027650,True,32.05989053184579,315.91843021321705
2026-05-16 13:14:29.027650,True,32.0049328040894,314.0584714625673
2026-05-16 13:15:29.027650,True,32.31273290430468,316.2505619196461
2026-05-16 13:16:29.027650,True,31.631079861704702,317.5969426094967
2026-05-16 13:17:29.027650,True,32.43244397837735,318.6838413954218
2026-05-16 13:18:29.027650,True,31.869017732411173,313.8131012413645
2026-05-16 13:19:29.027650,True,32.01839962663306,313.67565537609534
2026-05-16 13:20:29.027650,True,32.433987418512615,314.1014777641309
2026-05-16 13:21:29.027650,True,31.752765859951165,315.4398191613098
2026-05-16 13:22:29.027650,True,31.883164468559126,317.7679773543873
2026-05-16 13:23:29.027650,True,31.956316820550963,314.02460956002
2026-05-16 13:24:29.027650,True,31.767209895486076,316.05468031112514
2026-05-16 13:25:29.027650,True,31.647453917426134,316.6699340538761
2026-05-16 13:26:29.027650,True,32.065747306551145,317.2882138982935
2026-05-16 13:27:29.027650,True,32.43770461537937,318.47352736660696
2026-05-16 13:28:29.027650,True,32.44607561806883,314.4682935821422
2026-05-16 13:29:29.027650,True,31.631565306639356,314.81366020297867
2026-05-16 13:30:29.027650,True,32.395085172766315,318.8323208477409
2026-05-16 13:31:29.027650,True,32.35932495107048,313.6601063267653
2026-05-16 13:32:29.027650,True,32.447427998059794,315.5401481641047
2026-05-16 13:33:29.027650,True,31.509310290762354,315.65436244448915
2026-05-16 13:34:29.027650,True,31.54606916967547,316.26326752696673
2026-05-16 13:35:29.027650,True,31.838554027437052,315.84060960156427
2026-05-16 13:36:29.027650,True,32.11317036074312,318.21280657490695
2026-05-16 13:37:29.027650,True,32.16190157647193,315.60429321086906
2026-05-16 13:38:29.027650,True,32.31942785367036,318.4334928254388
2026-05-16 13:39:29.027650,True,31.6197599664322,316.19159786531674
2026-05-16 13:40:29.027650,True,31.784511959742446,313.2823671872617
2026-05-16 13:41:29.027650,True,32.16854669511399,318.17662466475537
2026-05-16 13:42:29.027650,True,31.662902654477396,317.8744819457434
2026-05-16 13:43:29.027650,True,32.35339573353694,318.4860426559989
2026-05-16 13:44:29.027650,True,31.765285089086053,318.42371839113935
2026-05-16 13:45:29.027650,True,31.820662754736432,316.314028080733
2026-05-16 13:46:29.027650,True,31.550507470832283,313.26328653021244
2026-05-16 13:47:29.027650,True,32.220373212732206,315.6668798678667
2026-05-16 13:48:29.027650,True,31.756292375369217,314.14248097614944
2026-05-16 13:49:29.027650,True,32.16995349085922,313.00240926415205
2026-05-16 13:50:29.027650,True,32.305891169196855,313.47549763677955
2026-05-16 13:51:29.027650,True,31.691489614908118,315.31741837179453
2026-05-16 13:52:29.027650,True,31.984858739716103,315.12997069488364
2026-05-16 13:53:29.027650,True,31.820712164984293,318.7834960724391
2026-05-16 13:54:29.027650,True,32.14157968124339,313.14059773220436
2026-05-16 13:55:29.027650,True,31.930175908444312,318.25005219846383
2026-05-16 13:56:29.027650,True,31.801456186410668,313.56733806864634
2026-05-16 13:57:29.027650,True,32.25838477158992,316.6360829916165
2026-05-16 13:58:29.027650,True,32.0703125078265,313.32145935764447
2026-05-16 13:59:29.027650,True,31.640499009795516,316.7352963772787
2026-05-16 14:00:29.027650,True,31.707823841458836,316.0244204784905
2026-05-16 14:01:29.027650,True,32.04488168602939,314.70104314162563
2026-05-16 14:02:29.027650,True,32.44842515554149,318.05478464101344
2026-05-16 14:03:29.027650,True,32.222373507632796,313.46796319845646
2026-05-16 14:04:29.027650,True,31.60613001930902,315.95668807518973
2026-05-16 14:05:29.027650,True,31.660713349190985,318.86959278117683
2026-05-16 14:06:29.027650,True,31.65852023402741,315.92480701278384
2026-05-16 14:07:29.027650,True,31.864121056841505,316.8363185287246
2026-05-16 14:08:29.027650,True,31.629036408889426,315.58189856825436
2026-05-16 14:09:29.027650,True,31.774705032807145,318.32650914803014
2026-05-16 14:10:29.027650,True,31.540585712134696,318.48236496403877
2026-05-16 14:11:29.027650,True,32.332994138553,314.7854242986449
2026-05-16 14:12:29.027650,True,32.2892906546771,313.1872813620325
2026-05-16 14:13:29.027650,True,32.46686555029339,316.15956965553875
2026-05-16 14:14:29.027650,True,31.803281026065445,315.1754992755681
2026-05-16 14:15:29.027650,True,31.566405353460496,318.93609708425225
2026-05-16 14:16:29.027650,True,31.539291945150694,316.92944273888713
2026-05-16 14:17:29.027650,True,31.942735927706458,318.6934973091323
2026-05-16 14:18:29.027650,True,31.745999740306797,316.1925209436281
2026-05-16 14:19:29.027650,True,31.982356208582754,317.2171986643006
2026-05-16 14:20:29.027650,True,31.56801023195242,314.1627347801401
2026-05-16 14:21:29.027650,True,31.71456482009285,317.42890452905016
2026-05-16 14:22:29.027650,True,31.68913869632674,316.44095058334585
2026-05-16 14:23:29.027650,True,31.715243820500955,318.16974970050387
2026-05-16 14:24:29.027650,True,32.44218545448964,316.11095784965346
2026-05-16 14:25:29.027650,True,31.85230888420918,314.40434665010497
2026-05-16 14:26:29.027650,True,31.549781001523044,314.61100045718496
2026-05-16 14:27:29.027650,True,32.15423577994532,316.20170158785527
2026-05-16 14:28:29.027650,True,32.44404127828093,315.3776635749502
2026-05-16 14:29:29.027650,True,32.19386334232839,315.93593648485074
2026-05-16 14:30:29.027650,True,32.01257621592421,314.6066458876247
2026-05-16 14:31:29.027650,True,31.954950776842,315.82470998207623
2026-05-16 14:32:29.027650,True,32.20664252174893,318.6438399951167
2026-05-16 14:33:29.027650,True,31.829321277482503,313.25320281148777
2026-05-16 14:34:29.027650,True,31.99629512550064,316.266767992895
2026-05-16 14:35:29.027650,True,31.668440551131916,317.5627876376564
2026-05-16 14:36:29.027650,True,32.48492910844149,318.67464830205074
2026-05-16 14:37:29.027650,True,31.69710603882365,318.2521794394046
2026-05-16 14:38:29.027650,True,32.204493636411684,315.7230793828415
2026-05-16 14:39:29.027650,True,32.04061099432473,318.09760104989476
2026-05-16 14:40:29.027650,True,31.980134939638372,315.2392442146308
2026-05-16 14:41:29.027650,True,31.993247493025986,316.4747788242103
2026-05-16 14:42:29.027650,True,31.689077653778348,318.40544638160196
2026-05-16 14:43:29.027650,True,32.174186948829615,316.79961350402493
2026-05-16 14:44:29.027650,True,31.599496226180637,316.62504362903553
2026-05-16 14:45:29.027650,True,31.620960662238492,313.4721860511724
2026-05-16 14:46:29.027650,True,32.027310895642394,315.41671320427895
2026-05-16 14:47:29.027650,True,32.08881027015622,313.53533300834346
2026-05-16 14:48:29.027650,True,31.930983062847258,314.0487202902709
2026-05-16 14:49:29.027650,True,32.48710008592412,316.36690127461105
2026-05-16 14:50:29.027650,True,32.18743686094087,314.9525096840957
2026-05-16 14:51:29.027650,True,31.594738914779345,318.8552251767012
2026-05-16 14:52:29.027650,True,31.786259035383182,315.54284911104145
2026-05-16 14:53:29.027650,True,32.149863921702575,313.14818378611665
2026-05-16 14:54:29.027650,True,32.31025913051729,316.2194691401717
2026-05-16 14:55:29.027650,True,31.778217187068822,313.36964791175484
2026-05-16 14:56:29.027650,True,31.66249841547444,318.3702031531206
2026-05-16 14:57:29.027650,True,32.18602422393589,314.49941032982133
2026-05-16 14:58:29.027650,True,31.565600764945028,317.1436918743198
2026-05-16 14:59:29.027650,True,32.072407725967764,315.4271171467494
2026-05-16 15:00:29.027650,True,31.863611449190063,314.30088565557463
2026-05-16 15:01:29.027650,True,32.169611256537515,318.82400816676324
2026-05-16 15:02:29.027650,True,31.675715245836827,316.58269972009305
2026-05-16 15:03:29.027650,True,31.924185055745976,315.680132330468
2026-05-16 15:04:29.027650,True,31.754147280127814,317.9508092539685
2026-05-16 15:05:29.027650,True,31.98525560414724,316.2604351131896
2026-05-16 15:06:29.027650,True,31.804760912797327,314.0908507940017
2026-05-16 15:07:29.027650,True,31.58591038820282,317.2847148455495
2026-05-16 15:08:29.027650,True,31.696234281687854,317.1404521251328
2026-05-16 15:09:29.027650,True,31.890376446046954,315.4946488059379
2026-05-16 15:10:29.027650,True,31.969177496092772,315.20625104876524
2026-05-16 15:11:29.027650,True,31.60061997722259,314.8577908600171
2026-05-16 15:12:29.027650,True,32.16373436069394,316.9947064088132
2026-05-16 15:13:29.027650,True,31.786224307239994,315.76061575934614
2026-05-16 15:14:29.027650,True,31.693447228011937,314.26223248917904
2026-05-16 15:15:29.027650,True,31.523047088406607,318.38047929944645
2026-05-16 15:16:29.027650,True,31.710706665074905,314.3652032616188
2026-05-16 15:17:29.027650,True,31.779601432645133,313.7644484301726
2026-05-16 15:18:29.027650,True,32.13926288318136,313.45085771906554
2026-05-16 15:19:29.027650,True,31.63420242632635,316.86854035954053
2026-05-16 15:20:29.027650,True,31.839660620481443,317.24768696020715
2026-05-16 15:21:29.027650,True,32.05742474467014,314.5361270383691
2026-05-16 15:22:29.027650,True,32.15082795048933,313.6976420817573
2026-05-16 15:23:29.027650,True,32.03641038308003,315.6228886302702
2026-05-16 15:24:29.027650,True,31.76787358281744,316.624029986437
2026-05-16 15:25:29.027650,True,32.371333592340285,318.99342819857844
2026-05-16 15:26:29.027650,True,32.10776276874343,315.42823524597503
2026-05-16 15:27:29.027650,True,31.725207100216203,314.5425765363707
2026-05-16 15:28:29.027650,True,31.979454978149764,315.20366620768425
2026-05-16 15:29:29.027650,True,32.413814522624946,315.2097728059343
2026-05-16 15:30:29.027650,True,31.873444591145436,315.30120707460384
2026-05-16 15:31:29.027650,True,32.336620210367656,316.9047299250814
2026-05-16 15:32:29.027650,True,32.11416885031889,315.00485813430316
2026-05-16 15:33:29.027650,True,32.31790417683244,313.2301831681342
2026-05-16 15:34:29.027650,True,32.370797172338115,316.0764993987636
2026-05-16 15:35:29.027650,True,31.89825023486341,315.98300368430614
2026-05-16 15:36:29.027650,True,32.16741553053383,313.0765925591074
2026-05-16 15:37:29.027650,True,32.37155185645825,315.6804371518684
2026-05-16 15:38:29.027650,True,31.842966519700077,313.82947339380434
2026-05-16 15:39:29.027650,True,31.93946537435844,315.9779366277063
2026-05-16 15:40:29.027650,True,31.903646694493478,317.0719605629614
2026-05-16 15:41:29.027650,True,31.920896528759226,318.7685054670794
2026-05-16 15:42:29.027650,True,32.099277517823595,317.84486761391145
2026-05-16 15:43:29.027650,True,31.609355903109478,315.38374775767545
2026-05-16 15:44:29.027650,True,31.83684770144715,316.4168943288195
2026-05-16 15:45:29.027650,True,32.36111352006142,313.47002930657203
2026-05-16 15:46:29.027650,True,31.572574798044712,318.10190624894557
2026-05-16 15:47:29.027650,True,31.712850086038358,317.0125195266989
2026-05-16 15:48:29.027650,True,32.042878132360805,317.9973615693234
2026-05-16 15:49:29.027650,True,31.625088909836403,313.77869779433564
2026-05-16 15:50:29.027650,True,32.05681836027831,318.6782719201502
2026-05-16 15:51:29.027650,True,31.914997758370752,314.96165260152816
2026-05-16 15:52:29.027650,True,32.106689323197884,318.5826916032702
2026-05-16 15:53:29.027650,True,32.33692783284462,318.97290166439933
2026-05-16 15:54:29.027650,True,31.52256858320238,313.67714886827656
2026-05-16 15:55:29.027650,True,32.109467763366624,317.9234586360031
2026-05-16 15:56:29.027650,True,31.78524434230677,314.4352665282053
2026-05-16 15:57:29.027650,True,32.2869757993812,313.3382911231194
2026-05-16 15:58:29.027650,True,31.869382647582587,316.03485533555397
2026-05-16 15:59:29.027650,True,32.06034867435032,317.37169094075665
2026-05-16 16:00:29.027650,True,31.854845723430657,316.67610606804766
2026-05-16 16:01:29.027650,True,32.08537542279095,316.2856966039225
2026-05-16 16:02:29.027650,True,32.14048329314221,314.5566950264085
2026-05-16 16:03:29.027650,True,31.58464875358463,313.71563003223844
2026-05-16 16:04:29.027650,True,31.7245823826539,316.0011876131367
2026-05-16 16:05:29.027650,True,32.34044275054602,317.2077600525303
2026-05-16 16:06:29.027650,True,32.28904060420205,315.10585374355657
2026-05-16 16:07:29.027650,True,31.90465374164855,315.3620913159437
2026-05-16 16:08:29.027650,True,31.6918731844045,313.36729994886144
2026-05-16 16:09:29.027650,True,32.09091609282723,318.93530010052353
2026-05-16 16:10:29.027650,True,31.666829704950263,313.2801089193956
2026-05-16 16:11:29.027650,True,32.27953168182393,314.51551604010837
2026-05-16 16:12:29.027650,True,32.32964380535293,317.2236200022071
2026-05-16 16:13:29.027650,True,32.4456735370508,315.45356341454004
2026-05-16 16:14:29.027650,True,32.161969839450634,315.78912868487964
2026-05-16 16:15:29.027650,True,32.130588697308546,315.6975934360464
2026-05-16 16:16:29.027650,True,31.688632246424074,316.0473844960203
2026-05-16 16:17:29.027650,True,32.02858420143744,317.863623089561
2026-05-16 16:18:29.027650,True,32.23552070579358,316.98274974364864
2026-05-16 16:19:29.027650,True,31.61338709555257,317.3236977439823
2026-05-16 16:20:29.027650,True,32.000305156354514,318.364597216637
2026-05-16 16:21:29.027650,True,32.41987093413054,313.3309395436107
2026-05-16 16:22:29.027650,True,32.32064156035448,313.22618434253604
2026-05-16 16:23:29.027650,True,31.867169625695023,316.2537998537265
2026-05-16 16:24:29.027650,True,31.648100798627127,317.4778828754145
2026-05-16 16:25:29.027650,True,31.508354704172138,314.0115942906042
2026-05-16 16:26:29.027650,True,32.080796829853476,317.28632537222376
2026-05-16 16:27:29.027650,True,32.41664310269392,317.23297991160774
2026-05-16 16:28:29.027650,True,32.171779270254866,315.366046878104
2026-05-16 16:29:29.027650,True,31.5012844255268,313.7209555524137
2026-05-16 16:30:29.027650,True,32.03455454475604,317.0507793150665
2026-05-16 16:31:29.027650,True,31.917448283896462,317.38407406917037
2026-05-16 16:32:29.027650,True,32.02186229533218,313.4450571735659
2026-05-16 16:33:29.027650,True,31.69201625096795,318.03998933946366
2026-05-16 16:34:29.027650,True,32.22491274662444,318.368571922075
2026-05-16 16:35:29.027650,True,31.617557249120935,318.94133520769043
2026-05-16 16:36:29.027650,True,31.709406713949935,313.07067925771986
2026-05-16 16:37:29.027650,True,32.49742293905356,314.6864433126707
2026-05-16 16:38:29.027650,True,32.16801945251256,314.0600938850578
2026-05-16 16:39:29.027650,True,32.08022853219914,318.42420991872734
2026-05-16 16:40:29.027650,True,31.820181167428437,317.0215238562661
2026-05-16 16:41:29.027650,True,31.687903588798417,316.74877239231233
2026-05-16 16:42:29.027650,True,31.83645035181751,314.2672495515277
2026-05-16 16:43:29.027650,True,31.813182050703634,314.0730464110468
2026-05-16 16:44:29.027650,True,32.401916107837884,315.38312131790275
2026-05-16 16:45:29.027650,True,31.745279304974368,315.6904470460956
2026-05-16 16:46:29.027650,True,31.820536166806495,317.46651552287994
2026-05-16 16:47:29.027650,True,32.47121991188549,315.6282019401859
2026-05-16 16:48:29.027650,True,32.36103339997224,316.3951784413577
2026-05-16 16:49:29.027650,True,31.657235665094234,317.14373645248804
2026-05-16 16:50:29.027650,True,32.01343449712582,316.9036391395126
2026-05-16 16:51:29.027650,True,32.38968741257167,315.6426074239363
2026-05-16 16:52:29.027650,True,32.40117762321736,317.5040140856899
2026-05-16 16:53:29.027650,True,31.988604925877986,316.6193328139478
2026-05-16 16:54:29.027650,True,31.825581132519012,318.9015837984326
2026-05-16 16:55:29.027650,True,32.1673511630504,313.2630811149798
2026-05-16 16:56:29.027650,True,31.82662190574801,316.73988660255435
2026-05-16 16:57:29.027650,True,31.55633327779924,313.1433051479149
2026-05-16 16:58:29.027650,True,31.950024239527803,314.99614107815603
2026-05-16 16:59:29.027650,True,31.938298608033165,314.57615985928004
2026-05-16 17:00:29.027650,True,31.66471774694298,317.13486014188203
2026-05-16 17:01:29.027650,True,32.0145711162678,314.2009252674962
2026-05-16 17:02:29.027650,True,31.81958942626,316.55084744597997
2026-05-16 17:03:29.027650,True,31.57222934827248,313.8847180555971
2026-05-16 17:04:29.027650,True,31.57324560410739,317.8739039962847
2026-05-16 17:05:29.027650,True,32.252409233212006,317.51987759127553
2026-05-16 17:06:29.027650,True,32.21632534347603,317.0163125420192
2026-05-16 17:07:29.027650,True,31.976991915378175,316.8536689810427
2026-05-16 17:08:29.027650,True,31.538361554787976,316.7287865359407
2026-05-16 17:09:29.027650,True,32.27787770553688,316.00215016230635
2026-05-16 17:10:29.027650,True,31.85751332842724,314.66456040880587
2026-05-16 17:11:29.027650,True,32.14280205016208,317.1568071917795
2026-05-16 17:12:29.027650,True,32.370967599862546,315.05400449476593
2026-05-16 17:13:29.027650,True,32.26977230738559,316.36813494513603
2026-05-16 17:14:29.027650,True,32.38283649067808,316.1668726497737
2026-05-16 17:15:29.027650,True,32.017629828397965,316.4672624886455
2026-05-16 17:16:29.027650,True,32.249315355142436,318.78814287297075
2026-05-16 17:17:29.027650,True,31.573563354215764,313.3206076143461
2026-05-16 17:18:29.027650,True,32.43755033740734,316.17925375310926
2026-05-16 17:19:29.027650,True,32.114903014566934,315.89454160956836
2026-05-16 17:20:29.027650,True,31.593657452607474,317.608536270512
2026-05-16 17:21:29.027650,True,32.247224645088586,314.8702199289569
2026-05-16 17:22:29.027650,True,31.8062392452284,318.0270482854331
2026-05-16 17:23:29.027650,True,31.572357257741327,318.2866308901394
2026-05-16 17:24:29.027650,True,31.756661689895914,316.55790848653294
2026-05-16 17:25:29.027650,True,32.435994179001774,317.0687350092199
2026-05-16 17:26:29.027650,True,31.914429812467038,317.1372052534325
2026-05-16 17:27:29.027650,True,31.84397963631637,314.6635504980951
2026-05-16 17:28:29.027650,True,32.49668327793468,317.50474138707875
2026-05-16 17:29:29.027650,True,32.14471997738182,315.13173785931593
2026-05-16 17:30:29.027650,True,31.54916082915505,313.18634125621094
2026-05-16 17:31:29.027650,True,32.054181255448796,317.5721963262343
2026-05-16 17:32:29.027650,True,32.03737919044386,318.0447104316347
2026-05-16 17:33:29.027650,True,31.533426533093223,315.20051245855564
2026-05-16 17:34:29.027650,True,31.73707039117418,315.6836378089427
2026-05-16 17:35:29.027650,True,31.572376393194123,318.72478984942643
2026-05-16 17:36:29.027650,True,31.723255401069363,318.5338466529015
2026-05-16 17:37:29.027650,True,31.925893155036682,318.9131447995313
2026-05-16 17:38:29.027650,True,32.05405838346021,318.5849971850548
2026-05-16 17:39:29.027650,True,31.505348988694223,317.4894328370854
2026-05-16 17:40:29.027650,True,32.40305065310252,313.8383234018737
2026-05-16 17:41:29.027650,True,31.59612585173215,315.5474356431157
2026-05-16 17:42:29.027650,True,32.43367890613293,316.2543193611426
2026-05-16 17:43:29.027650,True,32.027456463721734,313.84675670979595
2026-05-16 17:44:29.027650,True,31.50078951109322,317.86084054447275
2026-05-16 17:45:29.027650,True,31.587574562986237,316.80309891241194
2026-05-16 17:46:29.027650,True,32.41461645451519,314.2519114789506
2026-05-16 17:47:29.027650,True,32.16527283623691,313.4721914602451
2026-05-16 17:48:29.027650,True,32.10375514383761,313.9835903257192
2026-05-16 17:49:29.027650,True,32.23595356051518,314.8073877687635
2026-05-16 17:50:29.027650,True,31.963391008804646,316.5965832521657
2026-05-16 17:51:29.027650,True,31.671273410666238,317.4498269117057
2026-05-16 17:52:29.027650,True,31.802640340636813,316.9742311594765
2026-05-16 17:53:29.027650,True,31.658283050699374,317.1287059552381
2026-05-16 17:54:29.027650,True,31.628188072810463,315.5521389776199
2026-05-16 17:55:29.027650,True,31.747206073738877,317.4902514965691
2026-05-16 17:56:29.027650,True,31.762035004506874,318.2903038383724
2026-05-16 17:57:29.027650,True,32.39182021140661,314.1786478913367
2026-05-16 17:58:29.027650,True,32.113845945007725,313.5263058503198
2026-05-16 17:59:29.027650,True,31.891537099601628,317.27993037700764
2026-05-16 18:00:29.027650,True,32.15942324684992,316.7482040164397
2026-05-16 18:01:29.027650,True,31.782540863662444,315.26814969660643
2026-05-16 18:02:29.027650,True,31.602946144700287,317.3141369226016
2026-05-16 18:03:29.027650,True,32.00388879679127,317.2525937940739
2026-05-16 18:04:29.027650,True,31.74894352479687,314.9466293718104
2026-05-16 18:05:29.027650,True,31.834215337260115,313.1544544584833
2026-05-16 18:06:29.027650,True,31.841047872830625,317.8198274411082
2026-05-16 18:07:29.027650,True,32.39729849574974,316.1093098938156
2026-05-16 18:08:29.027650,True,31.95550169521922,313.1849477121962
2026-05-16 18:09:29.027650,True,32.379204337585385,313.07806128055523
2026-05-16 18:10:29.027650,True,32.44475008021021,315.93529749212854
2026-05-16 18:11:29.027650,True,31.841934493574726,318.54531060905595
2026-05-16 18:12:29.027650,True,31.524390993110096,316.4885493692145
2026-05-16 18:13:29.027650,True,32.048932524499335,314.3159224072683
2026-05-16 18:14:29.027650,True,31.928887431350212,316.9135840356626
2026-05-16 18:15:29.027650,True,32.22713119688193,313.00430115223946
2026-05-16 18:16:29.027650,True,32.43685343009101,313.98715223435687
2026-05-16 18:17:29.027650,True,31.733580434222358,314.5808406741631
2026-05-16 18:18:29.027650,True,31.537820136552035,313.73831274154196
2026-05-16 18:19:29.027650,True,32.486349922944164,314.8913004242637
2026-05-16 18:20:29.027650,True,31.61530109033905,313.64194756704774
2026-05-16 18:21:29.027650,True,32.21945996766997,318.1274119841959
2026-05-16 18:22:29.027650,True,31.75695229950847,313.1254570740114
2026-05-16 18:23:29.027650,True,31.723090018445355,313.3390941447805
2026-05-16 18:24:29.027650,True,31.603394936630043,315.58904871908584
2026-05-16 18:25:29.027650,True,31.729918370861633,316.0956752711525
2026-05-16 18:26:29.027650,True,31.75349375325719,318.6432238066177
2026-05-16 18:27:29.027650,True,32.40594396792626,316.40083663006277
2026-05-16 18:28:29.027650,True,31.854423991987385,315.2868812922084
2026-05-16 18:29:29.027650,True,31.911852283144498,317.36547593280966
2026-05-16 18:30:29.027650,True,31.951638995518838,318.1403796790354
2026-05-16 18:31:29.027650,True,32.44409478593037,315.0156769202736
2026-05-16 18:32:29.027650,True,32.06069448137568,313.5703392209954
2026-05-16 18:33:29.027650,True,31.700469047766358,315.48079460026094
2026-05-16 18:34:29.027650,True,31.706202715901778,318.2593629447323
2026-05-16 18:35:29.027650,True,31.6582862560591,315.7339649293186
2026-05-16 18:36:29.027650,True,32.10569924045988,317.15118344896507
2026-05-16 18:37:29.027650,True,31.883069369726506,318.2145944123484
2026-05-16 18:38:29.027650,True,32.06831915107792,315.6370466826853
2026-05-16 18:39:29.027650,True,31.567240634052038,315.788136810671
2026-05-16 18:40:29.027650,True,32.32073584081573,316.6872461093279
2026-05-16 18:41:29.027650,True,32.33216245372912,315.9640700235958
2026-05-16 18:42:29.027650,True,31.618461705094482,313.0818390750153
2026-05-16 18:43:29.027650,True,31.80321954671859,317.18794282898676
2026-05-16 18:44:29.027650,True,32.290259903941696,314.77451700772195
2026-05-16 18:45:29.027650,True,31.995653920883246,315.5267134266045
2026-05-16 18:46:29.027650,True,31.91052278435143,314.3880922792009
2026-05-16 18:47:29.027650,True,31.636371105029458,314.1801313493873
2026-05-16 18:48:29.027650,True,31.555332387163347,314.18878445094145
2026-05-16 18:49:29.027650,True,31.50920089762538,316.7635504038159
2026-05-16 18:50:29.027650,True,31.81637540738768,318.83886826856144
2026-05-16 18:51:29.027650,True,31.693717050776296,315.0749714218576
2026-05-16 18:52:29.027650,True,31.857841158641534,313.0507089763748
2026-05-16 18:53:29.027650,True,32.33920795303946,313.19196676086597
2026-05-16 18:54:29.027650,True,32.44017983472924,318.35244610656173
2026-05-16 18:55:29.027650,True,32.03552191608596,316.26157344946773
2026-05-16 18:56:29.027650,True,32.15377792295616,315.32230007160933
2026-05-16 18:57:29.027650,True,32.14722228339785,313.26861033213095
2026-05-16 18:58:29.027650,True,31.554047627349725,315.7433825177173
2026-05-16 18:59:29.027650,True,32.049622301106034,318.3269058420149
2026-05-16 19:00:29.027650,True,31.604660633907898,317.93588756316336
2026-05-16 19:01:29.027650,True,31.71004733729207,315.3645018910602
2026-05-16 19:02:29.027650,True,31.816602434827413,315.4009316371924
2026-05-16 19:03:29.027650,True,31.650495498072587,316.0214204464213
2026-05-16 19:04:29.027650,True,32.30164258983137,315.6492040622734
2026-05-16 19:05:29.027650,True,31.990613575898198,318.0926055116879
2026-05-16 19:06:29.027650,True,32.20605811463803,315.9427264511187
2026-05-16 19:07:29.027650,True,31.75769564818918,318.3095604810698
2026-05-16 19:08:29.027650,True,32.07702040169056,314.3268856606642
2026-05-16 19:09:29.027650,True,31.76911975263801,317.8187985336175
2026-05-16 19:10:29.027650,True,31.544145562087454,318.9525531221729
2026-05-16 19:11:29.027650,True,31.630351679714792,317.7764111523816
2026-05-16 19:12:29.027650,True,31.894775316771682,315.9532970997248
2026-05-16 19:13:29.027650,True,32.38065057746458,315.47746713753526
2026-05-16 19:14:29.027650,True,32.03749375367323,313.295797974455
2026-05-16 19:15:29.027650,True,31.502347473867452,314.4687992380104
2026-05-16 19:16:29.027650,True,32.180583092918766,313.7275893601548
2026-05-16 19:17:29.027650,True,31.61376195880455,315.46576364821544
2026-05-16 19:18:29.027650,True,32.14783703860822,317.27243195348757
2026-05-16 19:19:29.027650,True,31.678450674098375,313.47752888423224
2026-05-16 19:20:29.027650,True,32.440397033945544,314.5639982953726
2026-05-16 19:21:29.027650,True,32.353346497608726,318.1809487027769
2026-05-16 19:22:29.027650,True,32.272522591762545,314.01300163991544
2026-05-16 19:23:29.027650,True,32.3218014592542,317.6155033554495
2026-05-16 19:24:29.027650,True,32.096722990106215,315.02321221101374
2026-05-16 19:25:29.027650,True,31.762508604266543,313.73133527248217
2026-05-16 19:26:29.027650,True,32.009757066900875,316.5115652530591
2026-05-16 19:27:29.027650,True,31.859338990515788,315.8521544060852
2026-05-16 19:28:29.027650,True,31.863514457369266,316.8460363439242
2026-05-16 19:29:29.027650,True,32.40125920779656,313.9835215722817
2026-05-16 19:30:29.027650,True,31.881408809903125,313.84521162370515
2026-05-16 19:31:29.027650,True,32.12494377040783,317.3732230569316
2026-05-16 19:32:29.027650,True,32.43191273259745,314.67323155756577
2026-05-16 19:33:29.027650,True,32.45021120586543,313.37957603092406
2026-05-16 19:34:29.027650,True,32.10301386336459,313.34279631606
2026-05-16 19:35:29.027650,True,32.39377418776194,316.1788543424203
2026-05-16 19:36:29.027650,True,32.169348350762796,317.98944355546274
2026-05-16 19:37:29.027650,True,31.650310622483968,313.23154937162883
2026-05-16 19:38:29.027650,True,32.37888114591285,314.8895993647536
2026-05-16 19:39:29.027650,True,31.628978907927166,315.81076742252253
2026-05-16 19:40:29.027650,True,32.098306075696016,313.1858236205351
2026-05-16 19:41:29.027650,True,31.774895658257087,313.1967992456614
2026-05-16 19:42:29.027650,True,31.9203353891955,318.37060017439745
2026-05-16 19:43:29.027650,True,32.48265241149357,316.82228532102175
2026-05-16 19:44:29.027650,True,31.66163769378459,318.4350963399958
2026-05-16 19:45:29.027650,True,32.01624782320006,313.9224958726175
2026-05-16 19:46:29.027650,True,32.42172666945166,317.5448143043386
2026-05-16 19:47:29.027650,True,32.231705272723154,317.2550842227664
2026-05-16 19:48:29.027650,True,31.700339821096442,314.26604015024515
2026-05-16 19:49:29.027650,True,32.18829299842726,314.3183365006624
2026-05-16 19:50:29.027650,True,31.93867169680305,317.6920109535636
2026-05-16 19:51:29.027650,True,32.28395251809784,315.71957063515515
2026-05-16 19:52:29.027650,True,32.29218993827524,318.03173077718833
2026-05-16 19:53:29.027650,True,32.15477575128426,314.3705551138505
2026-05-16 19:54:29.027650,True,31.774011780385546,314.8890469324524
2026-05-16 19:55:29.027650,True,31.61680410773395,314.6389577222197
2026-05-16 19:56:29.027650,True,31.709519224312533,315.73197249885163
2026-05-16 19:57:29.027650,True,32.40843754787227,313.62688190052376
