timestamp,temperature,vibration,pressure,flow,current,health
2026-05-13 17:13:15.723654,70.99342830602247,0.19308678494144077,10.194306561430208,103.04605971281605,14.882923312638333,1.0
2026-05-13 17:14:15.723654,69.53172608610164,0.2789606407753696,10.230230418745872,99.0610512281301,15.271280021792982,1.0
2026-05-13 17:15:15.723654,69.07316461437507,0.17671351232148716,10.07258868146981,96.1734395106844,14.137541083743484,1.0
2026-05-13 17:16:15.723654,68.87542494151805,0.14935844398327883,10.094274199778582,98.18395184895758,14.293848149332355,1.0
2026-05-13 17:17:15.723654,72.93129753784311,0.18871118497567324,10.020258461406376,97.15050362757309,14.72780863773741,1.0
2026-05-13 17:18:15.723654,70.22184517941973,0.14245032112888487,10.112709405503702,98.7987226201624,14.854153125103362,1.0
2026-05-13 17:19:15.723654,68.7965867755412,0.2926139092254469,9.99595083257862,97.8845781420882,15.411272456051595,1.0
2026-05-13 17:20:15.723654,67.55831270005795,0.2104431797502378,9.412098962836067,97.34362790220314,15.09843061793456,1.0
2026-05-13 17:21:15.723654,71.47693315999082,0.20856841405949852,9.965305515283529,99.39779260882142,14.260739004816287,1.0
2026-05-13 17:22:15.723654,68.56031158321058,0.17696806145201063,10.317136667865675,100.68723657913692,14.118479922318633,1.0
2026-05-13 17:23:15.723654,70.64816793878958,0.18074588597918417,9.796923399908213,101.22335257768174,15.515499761247975,1.0
2026-05-13 17:24:15.723654,71.86256023823239,0.1580391238388681,9.907236287244636,100.66252686280713,15.48777256356118,1.0
2026-05-13 17:25:15.723654,69.04165152430942,0.19071705116680915,9.66809950779819,97.60758675183865,15.4062629111971,1.0
2026-05-13 17:26:15.723654,72.71248005714165,0.19639949392098333,10.301059869367608,100.72327205009528,14.677440122697439,1.0
2026-05-13 17:27:15.723654,70.72279121101683,0.27690182832329846,9.989252188267015,103.12928731162802,13.690127447955128,1.0
2026-05-13 17:28:15.723654,71.64380500875045,0.20435235341190858,9.91029779486024,100.183521553071,14.006215542699554,1.0
2026-05-13 17:29:15.723654,69.56065622432497,0.21785562857558732,10.443368213422454,98.9634595634527,14.595753198553407,1.0
2026-05-13 17:30:15.723654,68.99648591283092,0.24577010588510373,10.098625332897905,98.94047959246592,15.256633716556678,1.0
2026-05-13 17:31:15.723654,70.19415509869609,0.24843224952664447,9.789384071836794,99.34467570680447,14.803945923433922,1.0
2026-05-13 17:32:15.723654,67.07297010373577,0.2148060138532288,10.078316581653967,100.01022691328492,14.882706433312427,1.0
2026-05-13 17:33:15.723654,67.16925851589917,0.17896773386173206,9.897185645041969,98.39544546155676,14.919357144166995,1.0
2026-05-13 17:34:15.723654,70.80810171362907,0.2943092950605265,10.05237334384955,100.51510078144553,14.962777042116917,1.0
2026-05-13 17:35:15.723654,66.16245756940192,0.19867430622753918,10.018069062982308,104.92648422497058,14.903819517609438,1.0
2026-05-13 17:36:15.723654,70.60309468466723,0.19826441151473784,9.64939658871414,102.28564562903004,15.375966516343388,1.0
2026-05-13 17:37:15.723654,71.58206389408609,0.15453062726026306,10.42083829328083,97.19629787441544,15.293428546900135,1.0
2026-05-13 17:38:15.723654,74.38091125161996,0.15047318374346558,9.830110681119168,100.19930273017528,14.748262172941901,1.0
2026-05-13 17:39:15.723654,66.89867313786773,0.20342814874030138,9.681308885882169,100.94718486127036,14.5402878828831,1.0
2026-05-13 17:40:15.723654,73.09986881003508,0.16083733538318815,9.903381545138297,101.62703443473934,14.384567841783023,1.0
2026-05-13 17:41:15.723654,70.45491986920825,0.2653571377141214,9.517755029631632,100.3692677170646,15.129941397124211,1.0
2026-05-13 17:42:15.723654,71.56364574355462,0.1381524644560959,9.603863016074717,101.0438831312338,15.148492336616593,1.0
2026-05-13 17:43:15.723654,70.50098570069176,0.2173224104748488,9.795992583526452,100.46450739432201,15.146536236649341,1.0
2026-05-13 17:44:15.723654,68.57129716394726,0.29328872555723784,10.142149876273535,97.6173930055947,15.328276804316914,1.0
2026-05-13 17:45:15.723654,68.05063665954536,0.23935423018712262,10.347578673702222,98.35863536329659,15.48168806462216,1.0
2026-05-13 17:46:15.723654,70.825561853873,0.2411030079997245,10.569037894796184,99.50922376799426,14.623131917821254,1.0
2026-05-13 17:47:15.723654,68.22097114074896,0.1592094857517281,9.976869487175769,100.6823039496333,15.13834539966501,1.0
2026-05-13 17:48:15.723654,71.65436649807205,0.20065009459389535,10.436060223147194,99.47068633352409,16.36008458329481,1.0
2026-05-13 17:49:15.723654,71.25133469553002,0.15714212217918588,9.678732250581666,100.96494483048637,14.888268607337075,1.0
2026-05-13 17:50:15.723654,71.42800098818418,0.22366188122867725,9.978151326202939,98.30641256386319,14.242576387657067,1.0
2026-05-13 17:51:15.723654,69.10697009586596,0.24281993971617363,10.064228123239062,97.50852244257602,15.08659046292559,1.0
2026-05-13 17:52:15.723654,70.77063475945768,0.15580712818994336,10.046117531783658,100.116417436892,14.428514851084689,1.0
2026-05-13 17:53:15.723654,70.71557472069657,0.22803922631841173,10.324915372952583,102.10760410406981,14.311165316021455,1.0
2026-05-13 17:54:15.723654,68.12434992016975,0.225751763360433,10.154135785273663,101.0300953726121,16.92636574532736,1.0
2026-05-13 17:55:15.723654,71.14178102138634,0.25677828200902997,10.28620052904796,101.30278250261159,14.842365377679828,1.0
2026-05-13 17:56:15.723654,71.51793844098654,0.16135873927312142,9.928954417977998,99.0292729043418,15.040937069693161,1.0
2026-05-13 17:57:15.723654,74.62931713334702,0.1066367403704126,10.205878057112354,96.7745682576207,14.764034067105284,1.0
2026-05-13 17:58:15.723654,72.17790119393473,0.20321400095477316,9.676676566621207,98.56939258148006,15.339798874467338,1.0
2026-05-13 17:59:15.723654,68.53926673656572,0.21082292947909875,10.013671551971145,98.69679930478837,16.07197204466266,1.0
2026-05-13 18:00:15.723654,71.26783804463602,0.09874287066711965,10.055936294430829,98.67642707046322,15.426216667398112,1.0
2026-05-13 18:01:15.723654,68.4149585231346,0.19426317792665507,10.151496183694137,101.73151038834024,14.399851796472111,1.0
2026-05-13 18:02:15.723654,69.33099752831811,0.1762527344419522,9.804001230227886,103.53090848056219,15.202490855480479,1.0
2026-05-13 18:03:15.723654,67.47823209132991,0.24589309735273882,10.63664685910379,102.0649305211023,14.240315017022994,1.0
2026-05-13 18:04:15.723654,69.0315318542675,0.26334555745933114,9.787699160314366,100.88763885629245,15.387317026714669,1.0
2026-05-13 18:05:15.723654,68.14613905684384,0.19702373219691,9.027619797979279,97.95122471733141,14.87371592430342,1.0
2026-05-13 18:06:15.723654,67.5044336360703,0.2816205651965818,9.57095758661181,99.11991102660603,15.065370288643045,1.0
2026-05-13 18:07:15.723654,72.88254657813224,0.12820689244102804,10.348949125646488,100.02046612203917,14.509245674476025,1.0
2026-05-13 18:08:15.723654,70.92420694852655,0.20995298477867352,9.819934936852361,100.13960416998003,14.80734320156912,1.0
2026-05-13 18:09:15.723654,70.22703469050249,0.23310653372605233,10.475805044843606,97.5243690023463,16.066516687328132,1.0
2026-05-13 18:10:15.723654,66.095824400955,0.19241074524822085,10.176495161945374,100.56198373547006,14.688650240089704,1.0
2026-05-13 18:11:15.723654,69.58375549928545,0.17534995326705838,9.823190572916737,101.69920419404205,15.178507742982523,1.0
2026-05-13 18:12:15.723654,68.6141808094787,0.24497999377166255,10.092189856262983,101.62572423767791,15.314814420961806,1.0
2026-05-13 18:13:15.723654,68.34200997815586,0.17199094799015152,10.224188081536978,101.22074053086693,14.989549203017926,1.0
2026-05-13 18:14:15.723654,70.23465476661757,0.26388324478942127,9.822528583349252,101.09419476234008,14.898903673783053,1.0
2026-05-13 18:15:15.723654,69.56463759354556,0.2549388425993595,10.247624904696409,101.62701927200128,15.652739403577165,1.0
2026-05-13 18:16:15.723654,70.04200768326552,0.2340976485647482,9.906919973021964,100.64833270497688,14.934928472816157,1.0
2026-05-13 18:17:15.723654,70.19399192998543,0.2297578512718457,9.754533795029959,104.18477455137092,14.496991309250149,1.0
2026-05-13 18:18:15.723654,67.57162277442454,0.2579055436750034,10.237498808188882,101.24823963410431,15.31417275463214,1.0
2026-05-13 18:19:15.723654,69.97550645430617,0.15513728142570843,10.022741367458117,98.64567657697577,15.487559866708876,1.0
2026-05-13 18:20:15.723654,69.70588523699573,0.15872514016037442,9.903584247504101,100.82586290855124,14.718137723598012,1.0
2026-05-13 18:21:15.723654,68.35555920886713,0.21218436057459564,10.073489971332616,98.98611364925775,14.764480847190839,1.0
2026-05-13 18:22:15.723654,70.46409987471527,0.1275957829251338,9.577760867687033,98.56311155749513,14.893276424144076,1.0
2026-05-13 18:23:15.723654,70.62181513119602,0.2737678108474776,10.257297886960606,99.68012294007315,14.990491896048656,1.0
2026-05-13 18:24:15.723654,67.99494127072438,0.1990743432003805,9.91340240832396,100.64543712067618,14.586384528223839,1.0
2026-05-13 18:25:15.723654,71.03869302848234,0.2766369456501289,9.967371955462943,100.80342344419789,15.345071995855557,1.0
2026-05-13 18:26:15.723654,69.19755905622833,0.21120462409052085,10.003777720234538,100.19535219709766,14.613495108072266,1.0
2026-05-13 18:27:15.723654,70.04902034851789,0.22489991456227248,10.435343082338512,101.91854165217042,16.076591228755778,1.0
2026-05-13 18:28:15.723654,68.4653048742239,0.24361603183603392,10.055002601721506,104.37960586643534,14.595850857322425,1.0
2026-05-13 18:29:15.723654,68.32055631563844,0.1700303677277989,9.362831282707058,98.94848995663848,14.620433669223152,1.0
2026-05-13 18:30:15.723654,70.30078757295242,0.21708779878885798,10.562851251764766,101.9008476763721,14.711548172168799,1.0
2026-05-13 18:31:15.723654,68.20317065730329,0.2245959585753253,9.603930037893807,103.6629175317087,15.589720060360644,1.0
2026-05-13 18:32:15.723654,69.0616486957906,0.11434327354545613,10.406161712249624,99.77092030949477,15.61890815598673,1.0
2026-05-13 18:33:15.723654,66.81114468241127,0.17003124885231136,10.001573109915455,100.09396118752949,14.774967264260377,1.0
2026-05-13 18:34:15.723654,71.245699864695,0.1466189785308703,9.957286154493612,100.2405912634238,15.257219417029374,1.0
2026-05-13 18:35:15.723654,71.42322975617778,0.14376789540810656,9.539765748779313,102.55535364379702,15.166157005989795,1.0
2026-05-13 18:36:15.723654,68.50302692688689,0.2775575987761262,10.034702390287858,102.35859436812765,15.033759240705054,1.0
2026-05-13 18:37:15.723654,74.12149584976397,0.28776704212216025,9.925310755456278,101.94314190190872,15.322687974792574,1.0
2026-05-13 18:38:15.723654,72.73726311506469,0.1517538269709948,10.205815437999531,102.11684897369918,14.120630256788443,1.0
2026-05-13 18:39:15.723654,67.63348297466845,0.09803839111199497,9.919177949666633,101.43508451159192,15.751178526048013,1.0
2026-05-13 18:40:15.723654,70.14818956083955,0.2814307772785646,9.585969562535533,96.5932351212897,14.972226150551691,1.0
2026-05-13 18:41:15.723654,70.76813089787862,0.19836526259529536,9.379767369988038,99.82175992097443,14.347765249747573,1.0
2026-05-13 18:42:15.723654,71.33934509766007,0.21832991230484242,9.718036064101794,98.97226616532662,14.470393239055523,1.0
2026-05-13 18:43:15.723654,69.87464180545366,0.24775711602506192,9.704282186099338,101.00809303103568,14.734871190813779,1.0
2026-05-13 18:44:15.723654,68.4142543354753,0.1946484820022721,9.689427303274188,98.89270138930564,14.401061053705575,1.0
2026-05-13 18:45:15.723654,73.92945026583278,0.20176317759858645,9.790082347602224,100.42795982146845,14.943835975154585,1.0
2026-05-13 18:46:15.723654,69.55806080093356,0.23070833500217128,10.227252313014192,98.93899770477894,14.71209087967766,1.0
2026-05-13 18:47:15.723654,69.44989660569671,0.08490394176322076,9.545442681340434,102.73374853488905,15.822483856750642,1.0
2026-05-13 18:48:15.723654,69.50192792088724,0.22882784815278834,10.093375046363061,106.15776161691048,15.559787455717288,1.0
2026-05-13 18:49:15.723654,69.74416481703847,0.15222297796997872,9.518066103922727,100.40692727173445,14.621824627357848,1.0
2026-05-13 18:50:15.723654,67.15549258080465,0.16767135578787368,9.675535598915681,103.37428327014513,15.440819878474725,1.0
2026-05-13 18:51:15.723654,69.98405471736676,0.2739972069445013,10.023210492294286,98.27743159734348,15.761562038634828,1.0
2026-05-13 18:52:15.723654,71.07782008736932,0.14813769228367718,9.942898396574918,98.24876349323048,14.308600134517832,1.0
2026-05-13 18:53:15.723654,71.85235509506329,0.29547083202350655,9.580429727854257,101.12593847338114,14.674678715439086,1.0
2026-05-13 18:54:15.723654,69.0257492324706,0.17038030378805655,9.740802769096055,100.09704325588966,14.58452494179448,1.0
2026-05-13 18:55:15.723654,70.54091365155968,0.19748809452754315,9.928315585940076,98.18487267591681,14.711614334715833,1.0
2026-05-13 18:56:15.723654,71.51078245165151,0.22504585938121904,9.706733426560435,100.19866461085846,15.375693561685894,1.0
2026-05-13 18:57:15.723654,66.66118943775726,0.22716800961899677,9.801212872316245,101.14119733718631,14.618370421728741,1.0
2026-05-13 18:58:15.723654,66.39023579867096,0.11862287810584188,10.014425483998414,100.51944500344297,14.547841687447796,1.0
2026-05-13 18:59:15.723654,71.27718491755475,0.11692399688655201,9.980176060405805,97.57796760047509,14.674081946098921,1.0
2026-05-13 19:00:15.723654,70.09479734263283,0.1569793317358024,9.884633336731053,102.01258561842889,14.711554065238426,1.0
2026-05-13 19:01:15.723654,71.67138422413028,0.1435146572671191,10.158941253374584,102.88313724131581,13.764177749936355,1.0
2026-05-13 19:02:15.723654,68.40620948905905,0.22885360635902702,9.939086384187101,100.74229174674262,14.69800740664209,1.0
2026-05-13 19:03:15.723654,70.1731795749458,0.19221613823039604,10.350334618497943,100.50884168660242,15.168801331037601,1.0
2026-05-13 19:04:15.723654,69.17624606775506,0.17561968879637532,9.870232543654113,100.7889042847566,14.789507759589869,1.0
2026-05-13 19:05:15.723654,70.57954971379283,0.303770039932272,10.261337411029508,99.34795293566432,15.600606961081972,1.0
2026-05-13 19:06:15.723654,69.1838492539569,0.09809377324110731,9.69757410672478,96.25841615794829,14.824243257979346,1.0
2026-05-13 19:07:15.723654,70.03683675837911,0.28382186561376416,10.098078212129248,99.56179894238227,15.414702790591745,1.0
2026-05-13 19:08:15.723654,65.57772938198423,0.21178072790542832,10.23125955816609,97.04282750844031,15.571877021603465,1.0
2026-05-13 19:09:15.723654,70.67699281498882,0.17923560430495994,10.189834559831885,104.5413857156088,15.090933127529247,1.0
2026-05-13 19:10:15.723654,70.49644117260067,0.1770319550229878,9.745046689160562,101.6606716330885,14.571958087045566,1.0
2026-05-13 19:11:15.723654,70.14313247443879,0.17611712766174417,10.143693947723918,100.6673242105739,15.51876997212895,1.0
2026-05-13 19:12:15.723654,68.97996720229051,0.18650625323533146,9.706370885265308,99.11141347984778,15.188650246522426,1.0
2026-05-13 19:13:15.723654,71.5139772332907,0.15389173379111873,10.260881776031699,102.71127571760991,15.206717451611851,1.0
2026-05-13 19:14:15.723654,73.75359162511613,0.16131054004482137,9.626603589006574,96.44255950219144,15.748022155744591,1.0
2026-05-13 19:15:15.723654,71.30873131270812,0.19722076645447725,10.083990587895945,97.74902190540325,16.222875989808415,1.0
2026-05-13 19:16:15.723654,70.25844236395045,0.20546973973024465,10.217729987169607,100.96201846347343,15.111942012139565,1.0
2026-05-13 19:17:15.723654,68.41905108910937,0.2235734178567998,10.56460734894251,102.69084009230995,15.796593313319699,1.0
2026-05-13 19:18:15.723654,68.97756864713763,0.15051975898707096,9.962263923970106,100.11144982457739,15.547095759235475,1.0
2026-05-13 19:19:15.723654,66.61507074057036,0.2764775159730307,9.952597630426304,99.14623786010516,14.493947812369916,1.0
2026-05-13 19:20:15.723654,66.69028665626846,0.24115852919809574,10.02199539015652,97.42007820051789,14.352460613968193,1.0
2026-05-13 19:21:15.723654,69.32843060141974,0.28345107626446964,9.922122594590919,96.99371409376378,14.877128467957029,1.0
2026-05-13 19:22:15.723654,69.45455286050466,0.06515566785292143,9.983711540044656,99.53813093958264,15.348103182406708,1.0
2026-05-13 19:23:15.723654,73.69791218989069,0.2563282514773879,9.91933339283355,97.78694818251665,16.28667990162493,1.0
2026-05-13 19:24:15.723654,70.11843686802898,0.20069646459564733,9.992762473867,100.39616952153571,14.92781979403803,1.0
2026-05-13 19:25:15.723654,68.85267598623953,0.1726570529379804,9.9901740189352,98.91315045773247,14.643577108661418,1.0
2026-05-13 19:26:15.723654,70.21286045538379,0.18725113912895724,10.451197896574806,94.69806038321397,15.54575342596123,1.0
2026-05-13 19:27:15.723654,72.49217038499526,0.09633048837959253,9.897193721775896,99.25711826800841,14.296244152641089,1.0
2026-05-13 19:28:15.723654,68.44436662481824,0.14447120772670857,10.525681133027087,101.87135678629492,15.63577754749708,1.0
2026-05-13 19:29:15.723654,71.44334412808647,0.14354741143913854,9.842643920116068,100.97874912245584,14.388936095554028,1.0
2026-05-13 19:30:15.723654,71.42599686034478,0.18798373009209327,9.887553757735121,101.42191993640698,15.22213165574302,1.0
2026-05-13 19:31:15.723654,69.27806766836184,0.25796649016821244,9.675681001720031,101.23187121388852,15.296550628984193,1.0
2026-05-13 19:32:15.723654,69.38090712137202,0.2163066511121059,9.62466592708441,101.8480540384138,14.907548931778505,1.0
2026-05-13 19:33:15.723654,68.95455395896192,0.25245046129184445,9.788696892837173,97.18307740727288,14.221685413238049,1.0
2026-05-13 19:34:15.723654,71.21201990269128,0.13597853237518587,10.526438254595309,95.83614118423256,15.84822818414502,1.0
2026-05-13 19:35:15.723654,70.42203493440523,0.1951643444064804,9.836524273957314,100.79827222870414,14.981182648787575,1.0
2026-05-13 19:36:15.723654,72.20660376403305,0.205711382433102,10.045090528438564,99.27277557557228,14.971527188139467,1.0
2026-05-13 19:37:15.723654,70.61560353778412,0.11449158036716872,9.595544373368286,101.48652818804543,15.08543271906397,1.0
2026-05-13 19:38:15.723654,69.63203332729464,0.20092169665326967,10.104274511608502,98.92048063938128,14.610847637298845,1.0
2026-05-13 19:39:15.723654,70.39169051019536,0.15108136111924841,10.122475826714341,96.59483279152433,15.514577818662822,1.0
2026-05-13 19:40:15.723654,70.94519496482609,0.2128014867156938,10.294807295183654,103.33094888892515,15.507185032509065,1.0
2026-05-13 19:41:15.723654,66.3182515373367,0.13602115166321493,9.812554426691296,100.05218210042166,15.25882951023456,1.0
2026-05-13 19:42:15.723654,68.54851237369307,0.20933833822385392,9.773385120294003,98.7769643940161,14.29666945157589,1.0
2026-05-13 19:43:15.723654,68.15353350777819,0.13241576971918334,9.7072380241068,102.10728359321568,14.525300555584028,1.0
2026-05-13 19:44:15.723654,75.26476412967479,0.22466589504404447,10.055450837108463,98.28328443963757,15.350154939704495,1.0
2026-05-13 19:45:15.723654,68.84872434752445,0.20610049073226808,10.768025361480639,99.8078802005507,15.574636663142838,1.0
2026-05-13 19:46:15.723654,68.59364714974822,0.19825057547515193,10.531240190690653,98.74606588442447,15.906224278998465,1.0
2026-05-13 19:47:15.723654,71.41550387091095,0.17187666120528663,10.189722321716657,101.94510889925346,15.310904981108598,1.0
2026-05-13 19:48:15.723654,66.85955056021909,0.1636431412087566,9.925744409334548,99.8511331417999,15.310336048775339,1.0
2026-05-13 19:49:15.723654,70.35540200186651,0.13323278206449496,10.114059355301789,101.22117149056764,15.27989522396552,1.0
2026-05-13 19:50:15.723654,72.16156145110925,0.2416961077274452,10.137754023768531,99.8596685770827,14.169519533242005,1.0
2026-05-13 19:51:15.723654,70.85923643826517,0.21038438435815557,10.081473651158612,97.44650284835939,14.459471729795869,1.0
2026-05-13 19:52:15.723654,72.10630570666581,0.19802224230716725,10.204450209211787,100.05663675226093,15.014878069747873,1.0
2026-05-13 19:53:15.723654,71.876567611952,0.1741977635891313,10.028836233082295,99.07544942258991,14.782751886283842,1.0
2026-05-13 19:54:15.723654,69.38165575306272,0.21110668858168566,9.856375413500956,102.51151225114704,14.552696348890247,1.0
2026-05-13 19:55:15.723654,69.62625671167729,0.17801344708629127,10.43409336530612,100.39310955302315,15.515922269734318,1.0
2026-05-13 19:56:15.723654,67.02887925392605,0.21335251329346294,10.266889238687032,100.16456797855085,15.532740187532676,1.0
2026-05-13 19:57:15.723654,68.96542309979925,0.270467372009279,10.689669437085776,99.27432287912069,14.777248739299614,1.0
2026-05-13 19:58:15.723654,72.9067689542354,0.2789786072865356,9.84314199185402,99.15962636580828,14.859107695569746,1.0
2026-05-13 19:59:15.723654,67.31109897793145,0.1540674026757901,9.69875776997438,98.46440486979175,14.98265755630661,1.0
2026-05-13 20:00:15.723654,70.46842946507304,0.27752502464070383,9.700493787778363,101.96864479695317,14.893005577887246,1.0
2026-05-13 20:01:15.723654,69.90107258069513,0.2337409746083302,9.66318339353131,100.7648194923681,15.083226104106528,1.0
2026-05-13 20:02:15.723654,70.98490252801629,0.2144584321953909,10.736590041973269,98.72452003149736,14.734501522499091,1.0
2026-05-13 20:03:15.723654,68.75371894715047,0.17222614404198727,9.808783861808045,102.37803306221511,15.710252123994927,1.0
2026-05-13 20:04:15.723654,68.85850741250104,0.15838222134478858,10.14142466691592,98.89555391143806,15.316465908877756,1.0
2026-05-13 20:05:15.723654,70.4058460417026,0.12421279425013841,10.464251560399019,103.59175534619105,14.693605654757807,1.0
2026-05-13 20:06:15.723654,69.22459688012803,0.21429326953624525,10.100337036996107,101.31708854534565,16.005102269383176,1.0
2026-05-13 20:07:15.723654,69.6461055450119,0.1600851377730773,9.586204231595643,98.53813992011617,14.9834365135631,1.0
2026-05-13 20:08:15.723654,73.58911572703558,0.17411943504819144,10.06713638549167,99.96715420785449,15.594196636724043,1.0
2026-05-13 20:09:15.723654,75.05386485174725,0.17345656135398396,9.853168167244533,102.08832175413815,15.340945744813157,1.0
2026-05-13 20:10:15.723654,73.69341465147207,0.2291964092662982,9.892212372763883,101.18130966138462,15.554351790291454,1.0
2026-05-13 20:11:15.723654,71.64096436239473,0.2253637015553649,10.320002406876746,102.33859118089134,15.691079495518764,1.0
2026-05-13 20:12:15.723654,71.29741977517928,0.1916440959841573,10.044014105929996,102.41301793301672,14.591532164506383,1.0
2026-05-13 20:13:15.723654,70.7373466177458,0.18033305938363198,10.008623446880446,102.5569037252146,15.095549534009951,1.0
2026-05-13 20:14:15.723654,70.0928730963123,0.13200719295100405,10.223876069808167,101.29096836228216,16.08162736165273,1.0
2026-05-13 20:15:15.723654,69.384443530094,0.21095751638319696,10.074815105113226,103.15490655952695,14.952352233806524,1.0
2026-05-13 20:16:15.723654,70.55804305154068,0.23039482548582696,10.055982736946907,99.10713277089894,15.097044996449155,1.0
2026-05-13 20:17:15.723654,72.14726349971954,0.148674235029447,10.039890902244062,98.59975837012165,15.597523314462421,1.0
2026-05-13 20:18:15.723654,66.95362619043244,0.1720539076364206,10.113163562519356,103.13104805846868,14.967124869463506,1.0
2026-05-13 20:19:15.723654,68.8896009466136,0.2940578534720295,9.565595829875127,95.60238808675983,15.220007225026666,1.0
2026-05-13 20:20:15.723654,68.99589155129478,0.14893835914346434,10.212506934189806,100.4876014275424,14.717960684631636,1.0
2026-05-13 20:21:15.723654,67.43939120265821,0.24362286641400724,10.195060353387598,99.80164827244124,15.923318498023832,1.0
2026-05-13 20:22:15.723654,67.85983046734769,0.12372374145376307,9.792427579035627,99.908827967289,15.121669724661347,1.0
2026-05-13 20:23:15.723654,69.51752788428735,0.21760276982571486,9.624538172742866,102.88752920814652,14.958924410803716,1.0
2026-05-13 20:24:15.723654,72.23459166317626,0.21713626731888522,10.137025965746135,101.13953456046441,15.223854280008657,1.0
2026-05-13 20:25:15.723654,71.28544551973509,0.2664576265066216,10.05895635091044,101.41800751517702,14.955132152856386,1.0
2026-05-13 20:26:15.723654,72.88023443089895,0.16618038489703651,10.540282129873244,99.91968409871131,14.284612448940976,1.0
2026-05-13 20:27:15.723654,70.25620882982157,0.16594741712625596,10.252193064696618,98.69475204139522,14.77690828339261,1.0
2026-05-13 20:28:15.723654,66.22091853810893,0.17738468403754618,9.272836202011312,96.83219435302856,15.38020732807215,1.0
2026-05-13 20:29:15.723654,71.57160031730166,0.22127287808924825,9.709907157061236,99.90457728771604,14.998198730454716,1.0
2026-05-13 20:30:15.723654,67.68327062161491,0.27516991508835753,10.263208687172702,99.55807165234067,15.013442919497265,1.0
2026-05-13 20:31:15.723654,70.4167656158951,0.09791325657878547,9.92584678524382,98.63603150400441,14.499189995052543,1.0
2026-05-13 20:32:15.723654,69.4377994142281,0.28988432634247613,10.192252858380103,98.85764202043441,15.286291390678079,1.0
2026-05-13 20:33:15.723654,72.798710873172,0.24623168414563845,10.017889110976052,98.70612644458885,15.349111656806794,1.0
2026-05-13 20:34:15.723654,70.7869707708435,0.24475966100138663,10.190551540504591,102.09910543063867,14.732382394219716,1.0
2026-05-13 20:35:15.723654,72.63478813126865,0.20987998023461998,10.622578261787579,98.62162436382087,15.867981901582624,1.0
2026-05-13 20:36:15.723654,70.39582156692529,0.1674290998192776,9.854834249783703,99.35930538361136,15.212082973200959,1.0
2026-05-13 20:37:15.723654,71.045670976071,0.17131499980307105,9.992693622321704,104.28454071722373,15.863771585050356,1.0
2026-05-13 20:38:15.723654,70.87264733934806,0.20190017390841003,10.036009398015478,101.22703594546083,14.488603717400798,1.0
2026-05-13 20:39:15.723654,69.4852469251533,0.11657079630612054,10.119766936781584,101.29439187940548,14.758406768850312,1.0
2026-05-13 20:40:15.723654,73.14797352658006,0.13871171684988295,9.560687535937054,100.44890363711994,15.523549151306078,1.0
2026-05-13 20:41:15.723654,73.36785538291574,0.17705578685655302,10.323604250029389,99.92298306099859,14.91368635002959,1.0
2026-05-13 20:42:15.723654,71.76731987497334,0.23261614392067098,9.527082352904726,102.95308069945179,15.690045677073726,1.0
2026-05-13 20:43:15.723654,68.74887459698094,0.21979017667187045,10.148209055884822,100.52134753164782,14.72484742307729,1.0
2026-05-13 20:44:15.723654,68.65675326412389,0.19872229645042774,10.35181870577781,101.08720030918886,14.814692833956947,1.0
2026-05-13 20:45:15.723654,71.54339742129669,0.05757286896849623,10.344629710111631,96.52057244244381,14.818779529298434,1.0
2026-05-13 20:46:15.723654,67.76066021074772,0.13526592621395472,10.348248036213556,99.06459759737622,15.173251940865358,1.0
2026-05-13 20:47:15.723654,69.90615884224164,0.22385204136115608,10.023046567318076,97.43401555162286,15.49813340972357,1.0
2026-05-13 20:48:15.723654,69.01248683367737,0.12217090506701245,9.871565451710227,103.00151958126862,15.425110871056747,1.0
2026-05-13 20:49:15.723654,69.30269573118429,0.18253711478407858,9.903509484634785,104.15349596712169,15.190967726115776,1.0
2026-05-13 20:50:15.723654,70.86008329438214,0.25151417270159215,10.071636747707954,99.4819157083586,14.901825075457511,1.0
2026-05-13 20:51:15.723654,69.85679748117187,0.19813888817450792,10.218288863091093,100.1038917716146,15.366320038607789,1.0
2026-05-13 20:52:15.723654,69.83856683978283,0.20393175951580453,9.400539794640368,101.83265534940496,15.173244237948996,1.0
2026-05-13 20:53:15.723654,71.9960202197193,0.055187231090315536,10.626512411434218,99.72082074368966,15.554091408368759,1.0
2026-05-13 20:54:15.723654,67.92018814574894,0.2306386952531285,9.683975331047904,98.75246207860839,15.957015676933393,1.0
2026-05-13 20:55:15.723654,69.61863519847331,0.21087164365898614,10.261020319206626,100.9913637759452,15.075209452571789,1.0
2026-05-13 20:56:15.723654,70.72992200493245,0.3201707792619138,9.982714360889924,100.40219809342993,15.525327198003806,1.0
2026-05-13 20:57:15.723654,72.21105186591596,0.25935151527801903,10.191619066608755,97.71399017453903,15.816715766150548,1.0
2026-05-13 20:58:15.723654,67.70730921396262,0.21513177326195168,9.773717244994193,99.87172330681402,15.16438120515174,1.0
2026-05-13 20:59:15.723654,70.64271443090054,0.22109603771176425,10.484113380717593,100.90706860302797,14.877921682354676,1.0
2026-05-13 21:00:15.723654,71.92817433657672,0.25947352444623206,9.631717655458901,101.19480013969972,15.35058637115545,1.0
2026-05-13 21:01:15.723654,69.40487299328002,0.268785340665581,9.954983323890241,100.25115290694309,14.913464087858065,1.0
2026-05-13 21:02:15.723654,70.03115809516294,0.1451862456552399,9.567984735221712,103.18901012644994,14.576519325840836,1.0
2026-05-13 21:03:15.723654,68.01721530108739,0.09233049431981427,9.808311475693149,97.353820413185,15.821007580068185,1.0
2026-05-13 21:04:15.723654,72.01963417868527,0.16559248274111382,10.675730741603292,101.96353097398318,14.837584308245688,1.0
2026-05-13 21:05:15.723654,65.00118857025285,0.3145471286295371,9.583128259970922,96.70920250608621,15.51128521600482,1.0
2026-05-13 21:06:15.723654,74.87950481267855,0.2692136409255259,10.169172736015708,101.18950868333057,15.426707779390155,1.0
2026-05-13 21:07:15.723654,71.51785717957353,0.2140595711984688,10.031260331185562,99.87481374420095,14.623017705566662,1.0
2026-05-13 21:08:15.723654,69.43864984626646,0.11535215929023074,9.970498111961575,98.02281778569817,14.448205341392114,1.0
2026-05-13 21:09:15.723654,70.35978830230695,0.26960011431722997,10.275494981800694,96.85899879275365,14.50518593171483,1.0
2026-05-13 21:10:15.723654,71.88154237597644,0.15087563032308454,9.932610055000893,101.10010419804911,14.515827772568182,1.0
2026-05-13 21:11:15.723654,70.21075101229192,0.13329872525408978,9.819589706814636,100.63956386828508,14.203503133234165,1.0
2026-05-13 21:12:15.723654,70.8809494759208,0.19901811005366596,10.165746986325145,100.44782826812933,15.682070214986922,1.0
2026-05-13 21:13:15.723654,70.25044900529582,0.17852972294373737,10.036689250909685,101.08659605807277,15.024430035162853,1.0
2026-05-13 21:14:15.723654,70.08118338240776,0.16490041560966223,9.801129724734716,97.19478945640061,15.87478837159347,1.0
2026-05-13 21:15:15.723654,67.51227352921742,0.16535474011020465,9.78447782032924,101.78984875388888,14.852525160853986,1.0
2026-05-13 21:16:15.723654,72.49548414534746,0.16632546878780657,10.08369824866714,98.32930589348048,16.072574563886693,1.0
2026-05-13 21:17:15.723654,67.62480316194097,0.21549103551135138,10.19013306427963,100.82759819490299,14.907356170561146,1.0
2026-05-13 21:18:15.723654,69.74035860053314,0.20219057359895548,9.955899399511454,101.92775823358981,16.105261500795677,1.0
2026-05-13 21:19:15.723654,68.88501642998433,0.13150985102104612,9.973515385494624,105.15941867530864,14.598162716015135,1.0
2026-05-13 21:20:15.723654,73.27823361088814,0.28388504070382203,9.833923527487602,101.13796615837055,15.814198311564269,1.0
2026-05-13 21:21:15.723654,69.24174451802503,0.18982098199488193,9.825495725815406,97.97048653861427,14.675361227466997,1.0
2026-05-13 21:22:15.723654,67.55211946647549,0.20170417341296132,9.769008030682407,100.4675718235815,14.222052176898186,1.0
2026-05-13 21:23:15.723654,70.66176046442891,0.24167644808044625,9.401879307228564,100.74811313969515,15.613834496236645,1.0
2026-05-13 21:24:15.723654,67.58071796261758,0.2836286193418852,10.125705702809814,98.58997628848319,14.972115461171146,1.0
2026-05-13 21:25:15.723654,71.11665382504344,0.20380026957062058,10.161626797733911,98.15865281384127,15.08468041201804,1.0
2026-05-13 21:26:15.723654,67.17257100619004,0.194438696932565,9.728827707560564,98.52894011482047,15.61804658760522,1.0
2026-05-13 21:27:15.723654,72.18262024118854,0.23045690604535887,9.672306170598226,99.36718310061039,15.606548849989592,1.0
2026-05-13 21:28:15.723654,70.28343382727981,0.31596647699908476,10.117995351818312,100.38409823298007,14.84544176789875,1.0
2026-05-13 21:29:15.723654,70.26708180956456,0.19237650818097282,10.212432603006578,101.91340463358917,14.607005269746026,1.0
2026-05-13 21:30:15.723654,67.33753409288444,0.10818973134483517,10.152397398073763,97.79326678765226,13.92355470352376,1.0
2026-05-13 21:31:15.723654,70.77715720906193,0.3246499758716396,9.998178726538033,101.67698154890329,15.040914679273783,1.0
2026-05-13 21:32:15.723654,69.80222069361771,0.24595382414938843,9.912917636743405,100.53478462814381,15.160848903098007,1.0
2026-05-13 21:33:15.723654,68.66381909271391,0.24960211747682615,9.947512072991378,98.4885096810143,15.268254921785202,1.0
2026-05-13 21:34:15.723654,68.20306403641793,0.20140905786845642,9.997264301006739,102.17179113166316,15.237349116439976,1.0
2026-05-13 21:35:15.723654,69.94994608250971,0.24088831496001437,10.417062264705194,101.11562061270372,15.00517630992169,1.0
2026-05-13 21:36:15.723654,67.37632753529968,0.14674431684623138,9.9084325886936,98.78097559568144,14.906514348507278,1.0
2026-05-13 21:37:15.723654,70.11329984979422,0.22648463771783656,9.978850366582273,100.9730032876524,15.03223720740506,1.0
2026-05-13 21:38:15.723654,66.04906686729225,0.1530332303090623,9.956773733283516,97.58061051431778,15.299964364998102,1.0
2026-05-13 21:39:15.723654,73.0615016646874,0.26093809258486583,9.935967138720937,102.9814522736999,15.074333728601056,1.0
2026-05-13 21:40:15.723654,69.32582805776393,0.16932986682295303,9.909259094053562,99.22364636291755,15.085208111187743,1.0
2026-05-13 21:41:15.723654,70.32114796209973,0.20015230100767073,10.131081450923904,102.38129254957268,15.474777067720662,1.0
2026-05-13 21:42:15.723654,67.0302040631002,0.07230394325490228,10.280295973371782,97.26624260316916,14.887617299053659,1.0
2026-05-13 21:43:15.723654,67.65977394788128,0.10990097812099903,10.162438818461437,101.5183103206053,14.71174479963664,1.0
2026-05-13 21:44:15.723654,64.81791541571017,0.17268777758737586,10.117541201620764,97.04217686245174,15.091679959889579,1.0
2026-05-13 21:45:15.723654,69.96938030165401,0.22896457498005443,10.035874110524245,98.05386211823689,15.598285750832245,1.0
2026-05-13 21:46:15.723654,69.68294085394606,0.1986347730245034,9.72001961227804,99.11343549761698,14.55759864298655,1.0
2026-05-13 21:47:15.723654,69.65410788015315,0.2855854240071172,9.588429657120592,96.77287720424651,15.735585163746805,1.0
2026-05-13 21:48:15.723654,69.58135264569627,0.16654636306700418,10.311971406218824,98.78876892052627,15.913004856773469,1.0
2026-05-13 21:49:15.723654,71.35585174267854,0.17560442959271488,10.647192463979652,98.78857015399332,15.371047686004653,1.0
2026-05-13 21:50:15.723654,70.59858516081299,0.2650870644699399,10.468453359018056,100.06400829813154,14.623291064826908,1.0
2026-05-13 21:51:15.723654,70.91994428587823,0.1661142315123947,10.604016174257987,100.27307066216548,14.817339224343945,1.0
2026-05-13 21:52:15.723654,70.36936061172982,0.1326436855235152,9.708515788446805,102.40082781588885,14.671552860514302,1.0
2026-05-13 21:53:15.723654,67.90617803463613,0.22683263762636433,10.355711246398899,101.43790662133013,15.498023842902908,1.0
2026-05-13 21:54:15.723654,68.48640982286108,0.1289094666629078,10.450400095586646,99.35464032231573,14.874583491772476,1.0
2026-05-13 21:55:15.723654,72.65638828369812,0.227811500470033,10.136766331624482,104.33000468980217,14.678240884809929,1.0
2026-05-13 21:56:15.723654,71.85568025616247,0.20285065624485424,10.080577683658976,103.05693685282506,15.253917878144811,1.0
2026-05-13 21:57:15.723654,71.07659215809926,0.25362536686549014,9.890514181137135,98.32158066532199,14.477595402989483,1.0
2026-05-13 21:58:15.723654,66.06728682124799,0.30281035649701615,9.669037490283495,99.55749275282845,14.86159335005554,1.0
2026-05-13 21:59:15.723654,70.6148133956182,0.24078686062696486,10.258142046507924,98.83384512286213,14.916439143106794,1.0
2026-05-13 22:00:15.723654,70.5651599009766,0.18756544369082265,10.482203672805998,100.9819499032765,15.367438893024909,1.0
2026-05-13 22:01:15.723654,71.32576253733482,0.2586736928742663,10.054306467611113,97.40633610408831,15.199843975876322,1.0
2026-05-13 22:02:15.723654,68.69728621241634,0.17356916591251217,10.175909205626528,102.47656614286727,15.010635788368031,1.0
2026-05-13 22:03:15.723654,70.61766602519793,0.2851107472317619,10.072225953846571,105.20336622836079,15.282754822815772,1.0
2026-05-13 22:04:15.723654,66.47847448168837,0.23766708105522663,10.114347515464834,102.5795055081655,15.336590675634978,1.0
2026-05-13 22:05:15.723654,69.72308803203245,0.13878508818553173,9.937293022814192,98.2989590915814,14.709738275097639,1.0
2026-05-13 22:06:15.723654,71.17715680884122,0.2834952252175703,10.118401458946895,97.60823387592963,15.222301334110071,1.0
2026-05-13 22:07:15.723654,72.3932629732913,0.16951085478403088,9.959794849998124,100.02937638945839,14.60755084345888,1.0
2026-05-13 22:08:15.723654,71.29656086768772,0.19395259256961092,10.125859733172108,98.2250156443958,14.781270849838295,1.0
2026-05-13 22:09:15.723654,71.44476271565554,0.18135834239541165,10.51808915537002,99.20072762877079,15.112342362875943,1.0
2026-05-13 22:10:15.723654,71.86518166374618,0.12908171335334842,9.471757356405767,96.94868737085982,15.631292051713592,1.0
2026-05-13 22:11:15.723654,68.89628370821511,0.3279099642834126,9.830725720402784,100.36910260639408,15.771054976283938,1.0
2026-05-13 22:12:15.723654,74.01218577631825,0.3030751788318199,10.362509869177943,102.04812505162292,15.296263474600591,1.0
2026-05-13 22:13:15.723654,71.55672215233328,0.17244071418357335,9.754540334973308,99.9932510851781,14.914907688737536,1.0
2026-05-13 22:14:15.723654,69.09354390134546,0.2348193723728358,10.286591562571154,100.1768137725837,15.738765040527632,1.0
2026-05-13 22:15:15.723654,67.71662177173299,0.1903170270360141,9.784953303819158,96.26692676585388,14.95865965707865,1.0
2026-05-13 22:16:15.723654,69.75650498323343,0.27567248716210657,10.189243505366433,97.95162635134159,15.927046283167094,1.0
2026-05-13 22:17:15.723654,72.4420673910507,0.2291048851734308,9.93205477034505,98.08112152655303,14.813896611964473,1.0
2026-05-13 22:18:15.723654,72.17749723940837,0.29422931529673046,10.462973058481657,99.02230115642745,14.440191283355494,1.0
2026-05-13 22:19:15.723654,70.2817724938224,0.11157803172185743,10.096950314255434,99.70479482740267,14.766981749065879,1.0
2026-05-13 22:20:15.723654,66.81059386546642,0.22568000532848584,9.840189748101427,97.66016632857942,13.563868893359174,1.0
2026-05-13 22:21:15.723654,69.94497018989873,0.2886125798334872,10.498377764364362,99.08580748682746,14.69889396981911,1.0
2026-05-13 22:22:15.723654,70.93754851215004,0.15008072804058542,10.09053756994584,101.53216055676938,15.613466611942155,1.0
2026-05-13 22:23:15.723654,69.7996918470401,0.18981631249115172,9.736605223973031,98.34623929192028,14.886760554049237,1.0
2026-05-13 22:24:15.723654,70.73473101363236,0.24567923131166247,9.759046314795896,102.98537713791904,14.864438199478716,1.0
2026-05-13 22:25:15.723654,69.95726541130313,0.16263941604260884,9.272727921918118,101.7680907927221,15.368421948546217,1.0
2026-05-13 22:26:15.723654,69.43734488576358,0.2033495358612436,10.15478176531123,96.87490828622691,14.735473661326852,1.0
2026-05-13 22:27:15.723654,71.58852935924365,0.13728552884153755,10.088067379649988,97.2868363907532,15.233214991216764,1.0
2026-05-13 22:28:15.723654,69.92871703540503,0.11924340920472454,10.349421806337151,98.53081684640391,14.59487378149281,1.0
2026-05-13 22:29:15.723654,70.40113839446188,0.25743186747143576,9.695253454306481,100.12335969969594,15.214408250165286,1.0
2026-05-13 22:30:15.723654,71.38621121452628,0.20882207776386127,9.889891648275004,98.34481955870255,15.043071941523188,1.0
2026-05-13 22:31:15.723654,67.85572197602879,0.05393247582526964,10.1309679412473,101.8078696821724,13.81853378222908,1.0
2026-05-13 22:32:15.723654,67.98053859058012,0.23095771305025992,10.617248640913509,100.04158741535082,14.635998529385432,1.0
2026-05-13 22:33:15.723654,69.63420711779033,0.26874382095740923,9.80621074626264,98.4016159866995,14.758628238908983,1.0
2026-05-13 22:34:15.723654,68.09334278348257,0.2061335157997398,10.487403537540867,100.64615854623206,14.873823248936857,1.0
2026-05-13 22:35:15.723654,69.41637746216891,0.12184045956516715,10.264932933144149,99.84432560597439,14.909760043204686,1.0
2026-05-13 22:36:15.723654,76.38621513568972,0.21493764541828433,9.774462684971445,99.14728480758892,15.574222854598377,1.0
2026-05-13 22:37:15.723654,70.22654082107553,0.12808610108413165,10.275768680372561,98.66371182892202,15.936648888108772,1.0
2026-05-13 22:38:15.723654,72.1600961314293,0.17763390521706246,10.384304908520534,100.1357110210548,15.42638683756111,1.0
2026-05-13 22:39:15.723654,70.96946563458894,0.15768216725045633,9.80693505030476,102.05992163516233,14.832612333946729,1.0
2026-05-13 22:40:15.723654,69.192703073516,0.15224387103253237,10.127079719678038,104.12504983848629,14.466233542872864,1.0
2026-05-13 22:41:15.723654,70.04843891334552,0.2706110277707715,9.976107582626286,100.90474359249947,14.46880323592656,1.0
2026-05-13 22:42:15.723654,70.8566141944153,0.19064278674977259,10.29571899870396,102.3747721031295,16.294781821009305,1.0
2026-05-13 22:43:15.723654,71.15926634642715,0.21628981582910833,10.058315290473201,99.29366741437862,15.169241921730846,1.0
2026-05-13 22:44:15.723654,69.40919717972194,0.20842304881348073,10.395279260682388,97.98691486944072,15.569939280564522,1.0
2026-05-13 22:45:15.723654,72.63423013467973,0.19409657365044608,9.363443530297422,98.78435602581114,15.648497273280555,1.0
2026-05-13 22:46:15.723654,69.95426387540223,0.15003488838525447,9.848567523631536,101.6812400530091,15.27336678410069,1.0
2026-05-13 22:47:15.723654,69.52213580166061,0.18165877940926564,9.882472555286853,98.155179631003,15.80768784473472,1.0
2026-05-13 22:48:15.723654,69.35535906157732,0.26085792604127483,10.456394815576735,101.99662179629593,14.784189843640975,1.0
2026-05-13 22:49:15.723654,70.80746018067322,0.1987902196804542,9.72888944178096,100.64871856344321,14.410480104420099,1.0
2026-05-13 22:50:15.723654,72.37535877692312,0.17676913513508036,10.060347896761852,100.56657574309229,14.870547513147962,1.0
2026-05-13 22:51:15.723654,71.17338760295056,0.17625481716887378,10.261389189237173,97.3080406395065,15.063189789773206,1.0
2026-05-13 22:52:15.723654,73.87785799811657,0.14998343376972129,9.796676508842545,101.02781569931783,15.089790890969798,1.0
2026-05-13 22:53:15.723654,70.70126019854712,0.2244593565073832,10.190416440568532,102.21939968391244,15.204909328464256,1.0
2026-05-13 22:54:15.723654,69.51748469076291,0.23362868506013656,10.569964580468564,99.73473250723485,14.512735347664679,1.0
2026-05-13 22:55:15.723654,72.21416133857394,0.1939809418023201,9.34819913619579,101.69484335430084,14.732335907023039,1.0
2026-05-13 22:56:15.723654,69.81893343539168,0.21659901652845073,10.05714990393372,101.41890363427808,14.782256814715078,1.0
2026-05-13 22:57:15.723654,71.02621159635217,0.18702266612080415,10.22164314426625,101.23073496802611,14.532280648977702,1.0
2026-05-13 22:58:15.723654,72.17196423235006,0.1732018277442976,10.242417339484344,100.73457462680268,15.919091838397561,1.0
2026-05-13 22:59:15.723654,69.5530680352563,0.18253416019409013,9.99417411823368,99.39364043433145,15.399970950971024,1.0
2026-05-13 23:00:15.723654,66.76737878312683,0.1473158790426823,9.679659123526243,101.90061518394715,15.855306686290962,1.0
2026-05-13 23:01:15.723654,69.79110156292505,0.19155891384049947,10.021015648933954,102.32375660521637,14.536323432904712,1.0
2026-05-13 23:02:15.723654,70.47673796546957,0.2487598814891215,10.150328250981953,100.37916323319749,15.50052304628357,1.0
2026-05-13 23:03:15.723654,64.59353541400152,0.2338937659765454,9.803777295061773,96.33873420628709,15.25560129976249,1.0
2026-05-13 23:04:15.723654,72.74731709032592,0.19312757426861543,10.28586236416088,103.2245565159773,15.657457226792024,1.0
2026-05-13 23:05:15.723654,73.27992905874278,0.23710637455359462,10.022630091670479,96.79606837620567,14.876968755935026,1.0
2026-05-13 23:06:15.723654,68.31350680936761,0.3085471358748907,9.9472342562703,100.24640961356897,15.275742688020234,1.0
2026-05-13 23:07:15.723654,70.08720489274491,0.28475255202153765,9.813205191479664,100.38921491047448,14.628764707150976,1.0
2026-05-13 23:08:15.723654,67.35995497755859,0.16941154545473575,9.988888960885477,99.14139555096548,14.653789510063072,1.0
2026-05-13 23:09:15.723654,67.18736507265633,0.19584472136856526,9.548583887790699,101.5201119273792,15.041219876467252,1.0
2026-05-13 23:10:15.723654,67.08489700107013,0.18453954614750684,9.774353078322825,100.63834902083836,15.670225223011572,1.0
2026-05-13 23:11:15.723654,66.2496550607085,0.20575130395737087,9.951960161330009,101.34268015290093,15.106598314118845,1.0
2026-05-13 23:12:15.723654,68.49606133652236,0.1840473032166691,9.761192242958954,102.1520142771972,15.010655824335972,1.0
2026-05-13 23:13:15.723654,73.80238137150602,0.19696695930926897,9.787477969926861,96.97257121477435,14.098430161872027,1.0
2026-05-13 23:14:15.723654,66.83172811398902,0.21335633255057418,10.15261750696898,96.83761859593574,15.447519157038057,1.0
2026-05-13 23:15:15.723654,69.03387789663311,0.20733965059927748,10.483666188476628,101.79367863173107,14.865734676047083,1.0
2026-05-13 23:16:15.723654,68.21761554916942,0.09240922993353476,9.784254004227273,99.57773952234461,14.506410236424408,1.0
2026-05-13 23:17:15.723654,69.73748606581539,0.20384259414793843,9.932543205457577,98.69999483835308,15.084327335983364,1.0
2026-05-13 23:18:15.723654,70.88388129913882,0.1454800461278577,10.42327971392388,99.80282373543147,15.009424811472424,1.0
2026-05-13 23:19:15.723654,71.41642884651311,0.2116608065631751,10.285940990173973,100.57424833040365,14.69378131267978,1.0
2026-05-13 23:20:15.723654,70.7230070504122,0.14281368963396693,10.032567911732958,99.93354001871108,14.89594157136373,1.0
2026-05-13 23:21:15.723654,69.74292497712214,0.10590754772511805,9.835382527677712,100.18568980228223,15.0799281959987,1.0
2026-05-13 23:22:15.723654,67.94464971814809,0.26328539204323503,9.740147545535649,101.93891440105347,15.213597180935842,1.0
2026-05-13 23:23:15.723654,68.7075453803124,0.2887655446304756,9.641908950473056,101.83830834722,15.50029115902149,1.0
2026-05-13 23:24:15.723654,68.65875958184671,0.26962326500321643,9.924986045620313,100.57738725855971,15.13016091938561,1.0
2026-05-13 23:25:15.723654,69.7313825170589,0.24054041365798912,10.238046616165663,96.50293605352364,15.652170121439076,1.0
2026-05-13 23:26:15.723654,66.67501602392865,0.2516273102170829,10.338011541048274,97.8180671395696,14.794592856022708,1.0
2026-05-13 23:27:15.723654,67.78859066302813,0.18925394848556323,9.907589714744278,101.55932106453868,15.655154373059805,1.0
2026-05-13 23:28:15.723654,72.79136762157991,0.1718915986710849,9.937233437876642,96.6331236155581,14.597064966751905,1.0
2026-05-13 23:29:15.723654,71.92970326619492,0.2807791411774116,9.629695338436024,98.81507148169422,14.986797121520537,1.0
2026-05-13 23:30:15.723654,70.56032231763922,0.1595198240039177,10.127218313339228,99.05232130585817,14.99277386456086,1.0
2026-05-13 23:31:15.723654,71.0925684960074,0.2003211134905469,9.86908423284203,99.78078039214834,14.955818520397333,1.0
2026-05-13 23:32:15.723654,69.25997794023574,0.18706019686664488,10.479594151151415,101.12183889588248,14.85225984098542,1.0
2026-05-13 23:33:15.723654,71.39390880902147,0.18330902551219952,10.351937391275992,100.73928438439619,14.946348927997885,1.0
2026-05-13 23:34:15.723654,70.89543385162055,0.12145619239657504,9.661969759327059,97.61214998720189,15.071471547381853,1.0
2026-05-13 23:35:15.723654,73.46502999897018,0.31156500730963166,10.191415330432227,101.00168894988892,14.09947113292363,1.0
2026-05-13 23:36:15.723654,68.91465240053196,0.16061081240458808,9.813745720524665,99.66371236283042,14.763954711151436,1.0
2026-05-13 23:37:15.723654,66.04140037924843,0.2373955128058767,9.678177092278059,100.4784937282223,16.037041334874985,1.0
2026-05-13 23:38:15.723654,68.16123081682716,0.07348562386268351,9.914198733435967,102.20191926999715,15.979173727110297,1.0
2026-05-13 23:39:15.723654,67.54090081109517,0.2248349611618261,9.860406862965984,99.78810329139174,16.322171673508517,1.0
2026-05-13 23:40:15.723654,66.9940593432097,0.2126869830747287,10.14030795152963,102.1715726498787,15.048991576735448,1.0
2026-05-13 23:41:15.723654,70.6161010790082,0.18041757162891045,10.080738082373532,99.31361544900518,15.310785944928025,1.0
2026-05-13 23:42:15.723654,69.26077932791273,0.21885501969510934,9.991221155894506,102.25210050154433,14.974303138205757,1.0
2026-05-13 23:43:15.723654,66.45393506358624,0.2630960750356996,9.728280309741214,98.69246732270236,14.702169352978254,1.0
2026-05-13 23:44:15.723654,72.74887618634163,0.09321628930106524,10.941324560097998,102.1121136181321,15.11161945706458,1.0
2026-05-13 23:45:15.723654,69.89021199876743,0.21427770374288285,10.156336728513802,101.29043117190011,15.277802233001724,1.0
2026-05-13 23:46:15.723654,70.1791613625105,0.19013307898463372,9.954618014903946,99.61018343929464,15.566885048433532,1.0
2026-05-13 23:47:15.723654,71.18711344456172,0.05298056826678599,10.196770232958928,100.38947238943754,14.990645621777052,1.0
2026-05-13 23:48:15.723654,69.22296309382223,0.2562056359993007,10.284257938636857,98.45424466435279,15.203526143562268,1.0
2026-05-13 23:49:15.723654,68.05668653091743,0.13101909176055349,9.811984832623011,101.72478694476551,15.476562522688043,1.0
2026-05-13 23:50:15.723654,71.02617084019458,0.23625478934239988,10.154853486134488,98.7170368095541,15.21596127233697,1.0
2026-05-13 23:51:15.723654,71.60081905045537,0.23771456649067874,10.356674011442394,101.41660769440213,15.175724103770792,1.0
2026-05-13 23:52:15.723654,72.14030047663286,0.19867393703754702,9.735437604631684,99.67386607211247,14.627548677596776,1.0
2026-05-13 23:53:15.723654,68.64964345005124,0.19277406646422413,9.762274023700012,99.38407694072193,14.053192666523108,1.0
2026-05-13 23:54:15.723654,70.42658741474588,0.20006027376811122,9.754873410679544,101.31849133686481,15.468785068813279,1.0
2026-05-13 23:55:15.723654,66.78488027126205,0.1618637610716893,9.769257295063811,98.12019379778226,15.414737420965874,1.0
2026-05-13 23:56:15.723654,69.61234772245439,0.18677425793446947,9.398841290677973,101.27083606041845,14.380370802573264,1.0
2026-05-13 23:57:15.723654,70.11986526053266,0.21386884689790958,10.408197578751595,97.38235920176177,13.490243922089586,1.0
2026-05-13 23:58:15.723654,70.36769908950738,0.2900255590755427,10.37168390588183,100.41931883054926,14.754181907183977,1.0
2026-05-13 23:59:15.723654,71.61424519327463,0.15132269001477658,10.142907330806866,101.01094031833325,15.53010495374944,1.0
2026-05-14 00:00:15.723654,75.51932007782216,0.21962079835893836,9.84731091228775,99.94885137561602,14.115462047555441,1.0
2026-05-14 00:01:15.723654,68.61057373782188,0.17953587809434482,9.842773480619622,100.30470974406744,14.5887900338089,1.0
2026-05-14 00:02:15.723654,72.24206133464894,0.20001035324590988,9.997209903658415,99.34421056697417,15.07759534192949,1.0
2026-05-14 00:03:15.723654,71.65019652933528,0.15664348921445498,9.802565053277423,99.39254794244667,14.327064538263393,1.0
2026-05-14 00:04:15.723654,68.36148428055701,0.17618895632276704,10.262316754213819,100.52512265800385,15.096794955683773,1.0
2026-05-14 00:05:15.723654,71.70179592433594,0.19313141058003017,10.117139454978666,99.793556494135,15.132681174699814,1.0
2026-05-14 00:06:15.723654,68.83448268477683,0.07805914208617855,9.959716251344108,102.84549627219988,15.463107701120796,1.0
2026-05-14 00:07:15.723654,71.93079496918234,0.2618065360903109,10.026597277288431,100.39463141481119,14.691174052282825,1.0
2026-05-14 00:08:15.723654,69.3678542879459,0.2307885574885571,10.361165331150644,99.721107448638,14.774905367574295,1.0
2026-05-14 00:09:15.723654,70.00105591771319,0.23006033744645576,9.566843555159938,95.40763809372552,14.724731575254209,1.0
2026-05-14 00:10:15.723654,67.55857514817168,0.17459299011763446,9.955665904354758,99.09350318195398,15.726233767235373,1.0
2026-05-14 00:11:15.723654,70.65348952920463,0.21502371798054143,10.18666214321302,97.72233376443846,15.519555893710134,1.0
2026-05-14 00:12:15.723654,69.84847142692908,0.23352403086206064,9.678442830087953,96.89248246796787,15.408944829012514,1.0
2026-05-14 00:13:15.723654,70.75281905219504,0.1548974222821245,9.739101075617592,102.25086956882954,14.405294053566337,1.0
2026-05-14 00:14:15.723654,73.28534590651192,0.15496896326760656,10.191517577682514,99.34276304850204,15.301593715541172,1.0
2026-05-14 00:15:15.723654,68.91177199577162,0.1918603546963853,10.012275752618716,97.99562508843705,15.370412172710063,1.0
2026-05-14 00:16:15.723654,68.97357286705683,0.18857000423299908,9.701695187617446,94.87533268240938,14.904486118699916,1.0
2026-05-14 00:17:15.723654,74.82523084322582,0.23923021439490122,9.994221886079682,99.47421834158347,15.011232946406023,1.0
2026-05-14 00:18:15.723654,71.09423823035041,0.14095935923455777,10.334296508400662,101.43076263088248,15.359092862853966,1.0
2026-05-14 00:19:15.723654,70.87695147761946,0.2009808328846995,10.201858370790045,101.18362826748276,14.822979644529488,1.0
2026-05-14 00:20:15.723654,68.8527964542062,0.20509281476309935,10.464706045448557,97.5217858486922,14.26623736712378,1.0
2026-05-14 00:21:15.723654,70.32952168247303,0.20254438509280093,10.052002499311122,100.487906395817,14.888398872682597,1.0
2026-05-14 00:22:15.723654,72.97972687720416,0.11995480107617423,9.751450892565925,99.7934904797019,14.178405594422916,1.0
2026-05-14 00:23:15.723654,69.64829119113585,0.28307350828640093,10.006265946488789,100.46140181143737,14.36991761741371,1.0
2026-05-14 00:24:15.723654,68.76727718392104,0.18124018098380315,9.90468547097313,102.56328759000753,15.278845530362561,1.0
2026-05-14 00:25:15.723654,67.77708408612594,0.21232523892160027,10.149466524549036,102.28029807704253,15.790270343284186,1.0
2026-05-14 00:26:15.723654,67.96981161634426,0.1594571244394831,9.622726642325615,99.53196028178604,15.233179187223167,1.0
2026-05-14 00:27:15.723654,71.9746690331782,0.19620244881787388,9.904045743023547,100.30351598449748,14.58242854918499,1.0
2026-05-14 00:28:15.723654,74.17907744338955,0.11961694864409707,10.055422173668717,104.04721243845928,15.003399922279998,1.0
2026-05-14 00:29:15.723654,69.619921929997,0.18212772885947864,9.945882495471277,102.74569694935306,13.894069044335247,1.0
2026-05-14 00:30:15.723654,73.06686740259265,0.12880214237749277,9.920004301229676,99.14151115940268,15.29427663488536,1.0
2026-05-14 00:31:15.723654,66.8037512962325,0.22310863330409716,10.607292886986055,97.27365199081439,15.094853083805198,1.0
2026-05-14 00:32:15.723654,68.67603564440678,0.2212943603096518,10.005744333224726,98.71702618191138,15.243936142435537,1.0
2026-05-14 00:33:15.723654,73.60869621957349,0.19045481041363507,10.215927382644455,97.41345408425767,14.521781811590996,1.0
2026-05-14 00:34:15.723654,70.94481255576075,0.2742058014267983,10.106684004635698,99.3738839389537,14.999645702711677,1.0
2026-05-14 00:35:15.723654,67.49918453206057,0.23022576631776837,10.264699918697023,99.09581933433384,14.76497892612025,1.0
2026-05-14 00:36:15.723654,70.53175645930409,0.17816401319797023,9.980160215612253,104.19944357833303,14.876487149627001,1.0
2026-05-14 00:37:15.723654,69.28331969595756,0.16762290971824206,10.22325759144998,99.63755165356379,14.675313480839288,1.0
2026-05-14 00:38:15.723654,72.64260806454602,0.2709801502256819,9.819872930278388,96.26692009727877,15.503756844918462,1.0
2026-05-14 00:39:15.723654,68.63074034847999,0.23953127995813844,9.40896885468645,101.78519467659862,14.39441403535961,1.0
2026-05-14 00:40:15.723654,71.46152823813306,0.2007136533918217,9.713818174181007,99.18592737414644,15.343159228478351,1.0
2026-05-14 00:41:15.723654,70.21178890623047,0.2292206490236242,10.592932175354646,96.87151677657789,15.808606287484311,1.0
2026-05-14 00:42:15.723654,70.20871187504643,0.1550607975838436,9.600905912278304,99.62175921844593,15.46082505596223,1.0
2026-05-14 00:43:15.723654,69.74490175924493,0.2755577465123674,9.564647292984532,99.9758221043079,14.37380327779344,1.0
2026-05-14 00:44:15.723654,70.72726376524993,0.24434436950486504,9.873771461895684,94.79157228674573,15.099474073398246,1.0
2026-05-14 00:45:15.723654,70.87347710346702,0.2202147377480849,10.370734657546647,97.8578926407019,15.340108052725224,1.0
2026-05-14 00:46:15.723654,72.38501502495595,0.11107062079967417,10.095895547775694,98.99164033798466,14.959238663449177,1.0
2026-05-14 00:47:15.723654,70.69535296707667,0.1756385717943224,9.797287576251517,100.06830483497605,14.456377030568598,1.0
2026-05-14 00:48:15.723654,67.82834974222963,0.2339686641478252,9.655361789452403,101.33262500181843,15.231295646426975,1.0
2026-05-14 00:49:15.723654,66.54838654241881,0.16612176738321727,10.358232820914212,98.03766893772064,14.767797868845307,1.0
2026-05-14 00:50:15.723654,70.92412178650379,0.23916952546412978,9.924538334186652,98.80497961061671,15.711184930849253,1.0
2026-05-14 00:51:15.723654,73.47779932759516,0.2489429025390898,10.025595442769507,98.38346855671814,14.584777796721717,1.0
2026-05-14 00:52:15.723654,71.04502821053151,0.2209199110444342,10.42047957788393,101.30090018507228,14.24845984912009,1.0
2026-05-14 00:53:15.723654,72.10389523544583,0.15009696863427935,9.884808618414295,100.5004004125034,15.997833744891983,1.0
2026-05-14 00:54:15.723654,76.21983711201072,0.23033615295680915,9.945041014383884,101.0690112969611,15.443827712936917,1.0
2026-05-14 00:55:15.723654,69.35866474888562,0.2897605677956161,10.069021227757421,100.99548617818279,15.332962126027232,1.0
2026-05-14 00:56:15.723654,70.84317322122891,0.24194702502348062,9.814824044035923,98.88339649210793,14.449922883514153,1.0
2026-05-14 00:57:15.723654,70.87900246124045,0.23894682517560573,10.137331859845565,103.34898486669508,14.997201990585477,1.0
2026-05-14 00:58:15.723654,71.33748331118503,0.1454149561930343,9.88387008925768,101.39107551513156,15.424551055371571,1.0
2026-05-14 00:59:15.723654,69.41206610467164,0.19642003740709668,9.544637875995758,99.28594159838678,15.445191581759893,1.0
2026-05-14 01:00:15.723654,71.15041003221313,0.2250332860690605,10.014932106154289,100.01412631725636,14.669839430263277,1.0
2026-05-14 01:01:15.723654,71.39765684040506,0.2210486472194695,10.14760565439784,98.94793031466484,13.923328540064379,1.0
2026-05-14 01:02:15.723654,72.19430542350739,0.1760581271995798,9.741167270787065,101.38695782382798,14.803993680040435,1.0
2026-05-14 01:03:15.723654,72.11987276809324,0.2308502974788349,10.205070796960143,97.26808857759893,15.6059719926932,1.0
2026-05-14 01:04:15.723654,70.52250106246771,0.18153614303768986,10.043016540202675,96.44752953420335,15.204326405740336,1.0
2026-05-14 01:05:15.723654,67.94125698363585,0.13236648570782328,9.543292244134634,102.22537674997984,14.685368303153606,1.0
2026-05-14 01:06:15.723654,73.067455419833,0.17320992684738512,9.487792612722115,97.76695112010268,15.61790581000347,1.0
2026-05-14 01:07:15.723654,69.68820364412666,0.17258563517546996,10.048005467755836,101.00356547233508,15.55869940795123,1.0
2026-05-14 01:08:15.723654,72.89699845978585,0.18201156771054572,9.602185694175388,99.17306967775345,15.130140253291444,1.0
2026-05-14 01:09:15.723654,68.07248214757878,0.15214245425524786,10.103136364464966,99.9026952968591,15.016398497705794,1.0
2026-05-14 01:10:15.723654,68.48300933059986,0.18847996428971164,9.72273005671951,101.78039682224957,15.517624667361876,1.0
2026-05-14 01:11:15.723654,66.3076242755238,0.1535244569903795,9.551041223472977,98.69995213118621,14.95828101510482,1.0
2026-05-14 01:12:15.723654,67.10070956060294,0.15390700934373436,9.69881278837555,100.41453465879789,15.034672168518124,1.0
2026-05-14 01:13:15.723654,68.55652489332549,0.20884104360696992,9.83599597462382,99.4566897793479,15.836726045149268,1.0
2026-05-14 01:14:15.723654,72.6809221035807,0.13502093815362012,10.248919725363752,101.62279310898319,14.425868355623692,1.0
2026-05-14 01:15:15.723654,71.63755528750973,0.27689659592062765,9.663236558126675,98.16499435797147,15.508830733421751,1.0
2026-05-14 01:16:15.723654,70.5429906216513,0.22757381376197616,10.102176764920149,100.78139184185629,14.33676393584446,1.0
2026-05-14 01:17:15.723654,72.0946354132429,0.2584794996213887,9.931182776779591,99.91304610037227,14.234446248722138,1.0
2026-05-14 01:18:15.723654,71.02850951203567,0.22860287208570723,9.981342694900206,102.24870671974101,14.83296138451003,1.0
2026-05-14 01:19:15.723654,71.1292118517872,0.14901678306539423,9.992934354737729,99.65129148419433,15.11265396102047,1.0
2026-05-14 01:20:15.723654,69.26094614233328,0.19342637021641662,10.247814151432452,99.12647152552357,14.19671144963066,1.0
2026-05-14 01:21:15.723654,73.49916780841085,0.2690727039345243,9.612321191468315,101.37941561049038,14.748512614724328,1.0
2026-05-14 01:22:15.723654,70.52697443066212,0.2147112064506747,9.929677659905103,98.43246866882721,14.65472947384187,1.0
2026-05-14 01:23:15.723654,68.16761616903752,0.15840888958847776,9.979846512985194,98.5684800217785,15.341026032856309,1.0
2026-05-14 01:24:15.723654,72.97449231067185,0.17099733793149785,10.071821350160613,100.99937022060587,15.236001135459638,1.0
2026-05-14 01:25:15.723654,70.15191053583217,0.23713412091798614,10.144674685804198,97.5246751553454,15.434578032194636,1.0
2026-05-14 01:26:15.723654,71.77458167453348,0.16183569479107093,10.01138135063428,101.36665798562214,14.89534309021032,1.0
2026-05-14 01:27:15.723654,72.14595609553203,0.31819362473096807,9.764204190209504,97.23791079369245,15.151909297802439,1.0
2026-05-14 01:28:15.723654,71.44312501025229,0.18845668130776155,10.43597819899631,97.3227884005535,15.346459311515806,1.0
2026-05-14 01:29:15.723654,68.78827835848222,0.28596889531036485,10.597754605950435,98.46668682443331,14.72522143204571,1.0
2026-05-14 01:30:15.723654,71.7191757739596,0.1806434675105243,9.986376634620328,100.05077684108483,14.040163421901172,1.0
2026-05-14 01:31:15.723654,69.97232450781152,0.16551361129679132,9.852063153280069,102.88726400693763,14.371746552860373,1.0
2026-05-14 01:32:15.723654,71.62641037349596,0.18605185348340958,9.916071949451249,101.58074379210342,15.170025647284445,1.0
2026-05-14 01:33:15.723654,80.12081074187338,0.47289885171250085,9.451628247673288,92.78913669936162,15.95402219462682,0.8503402542094282
2026-05-14 01:34:15.723654,77.32876368747641,0.571944339951294,9.924424636849322,91.31146143596108,15.835368479533933,0.8503402542094282
2026-05-14 01:35:15.723654,79.9433168708713,0.4518528585547561,9.715685913223494,93.50369858126973,16.43387032790427,0.8503402542094282
2026-05-14 01:36:15.723654,79.63534379575303,0.4287842690005243,8.885230650804024,93.55401090722674,16.070894240775562,0.8503402542094282
2026-05-14 01:37:15.723654,79.33000758525134,0.5737525688160283,9.661265262270577,93.38655079603234,16.957498208894343,0.8503402542094282
2026-05-14 01:38:15.723654,79.94496052185274,0.44549434320844983,9.733075940592986,98.1266972980362,15.931153240242761,0.8503402542094282
2026-05-14 01:39:15.723654,79.92684890105723,0.37817056218678086,9.71767455653096,92.17623714540494,16.287914051103176,0.8503402542094282
2026-05-14 01:40:15.723654,78.3894049189585,0.4732804546530932,9.82655709581101,91.52217541548436,16.524064513405644,0.8503402542094282
2026-05-14 01:41:15.723654,77.56042503793597,0.36156437315209106,9.485915647500974,93.39664459146549,17.709955701078478,0.8503402542094282
2026-05-14 01:42:15.723654,79.84550439815571,0.3556087436481459,9.381588561377002,96.05637675923592,17.54081884434068,0.8503402542094282
2026-05-14 01:43:15.723654,75.8076181229584,0.33049339942890554,10.11231031523982,94.79283852311893,16.062451091967535,0.8503402542094282
2026-05-14 01:44:15.723654,80.04884291967919,0.29270223173501386,9.552033414607434,94.6692525140633,16.958732527674634,0.8503402542094282
2026-05-14 01:45:15.723654,76.95179284284924,0.42877397675602574,9.273393374810409,94.52437767972576,16.048924296724206,0.8503402542094282
2026-05-14 01:46:15.723654,78.16338306911388,0.3746988489463463,9.746361635175383,95.73051240169046,16.37928717292701,0.8503402542094282
2026-05-14 01:47:15.723654,79.05606073735437,0.35206004795418055,9.461117768226249,93.91320093429364,17.806994003420705,0.8503402542094282
2026-05-14 01:48:15.723654,76.75565069588599,0.49769848062347966,9.850078394668028,94.5748829773574,17.375907700003285,0.8503402542094282
2026-05-14 01:49:15.723654,79.72379569264804,0.4439475784692542,9.535084566723022,96.46074793321438,17.04483207481116,0.8503402542094282
2026-05-14 01:50:15.723654,77.7282301724419,0.3585272589559194,9.490126571409588,92.41353303958184,16.46483517059804,0.8503402542094282
2026-05-14 01:51:15.723654,81.4544610168026,0.40162453593151826,9.538173748234813,94.12965563799392,16.92081289900836,0.8503402542094282
2026-05-14 01:52:15.723654,74.4858060794651,0.39415460394759294,9.614405870312128,96.41376808123086,16.250646234152615,0.8503402542094282
2026-05-14 01:53:15.723654,75.22647933535058,0.45547519098416456,9.360412045980597,91.6342768501964,16.184424763049105,0.8503402542094282
2026-05-14 01:54:15.723654,78.61053403212262,0.39425238545894714,8.889350945498565,95.80774256215139,17.134034978545078,0.8503402542094282
2026-05-14 01:55:15.723654,80.28262873011333,0.3676053351646169,9.49057330244403,94.00056753791822,16.795994652686673,0.8503402542094282
2026-05-14 01:56:15.723654,80.31626572487048,0.387780928746933,9.575619429552354,94.9281709776076,17.2245086189791,0.8503402542094282
2026-05-14 01:57:15.723654,80.38859782708376,0.4639424530546337,9.576168751007094,96.83452845878413,16.701478855885465,0.8503402542094282
2026-05-14 01:58:15.723654,77.25740892708717,0.49465811719211733,9.760391744389993,93.12752212612017,16.256850974206095,0.8503402542094282
2026-05-14 01:59:15.723654,79.57273583771584,0.447648858449237,9.610208442317647,94.6362275152629,17.346576145193907,0.8503402542094282
2026-05-14 02:00:15.723654,81.12267105190409,0.434021398249109,9.83341393685853,91.94856236132205,16.695560982879122,0.8503402542094282
2026-05-14 02:01:15.723654,82.59819744690054,0.4135873239162391,9.29673058404256,92.709432391191,15.951780939234524,0.8503402542094282
2026-05-14 02:02:15.723654,77.4100609311789,0.40596421375635633,9.129350656874692,94.04484683627634,16.947736044799043,0.8503402542094282
2026-05-14 02:03:15.723654,77.16407238714048,0.5004538148679463,9.704258389186563,96.07477133962524,16.167680180979648,0.8503402542094282
2026-05-14 02:04:15.723654,80.68863520156755,0.3698929236660921,9.818095012879239,94.35728884796418,16.77322306789811,0.8503402542094282
2026-05-14 02:05:15.723654,76.62839553618461,0.37973612657202754,9.730189228104301,92.11691415992873,16.72820060395528,0.8503402542094282
2026-05-14 02:06:15.723654,76.24530913451383,0.4668983293191912,9.181263768197732,95.11821004373617,16.80941292472872,0.8503402542094282
2026-05-14 02:07:15.723654,77.58604111057517,0.4535909470400941,9.629153441628352,92.93592645599165,15.992320115867614,0.8503402542094282
2026-05-14 02:08:15.723654,75.05433336408916,0.44197212105084244,9.081579931219668,94.20429856725974,16.364873349864595,0.8503402542094282
2026-05-14 02:09:15.723654,80.3378702983107,0.40938734371136454,9.452186426724158,95.47735157695372,16.664126472447776,0.8503402542094282
2026-05-14 02:10:15.723654,79.61189666179988,0.4479529981762841,9.090349125666153,95.52718752835109,16.80283185491252,0.8503402542094282
2026-05-14 02:11:15.723654,76.94621849028132,0.41228559500214773,9.539228576339996,93.74461659957366,16.663527441189984,0.8503402542094282
2026-05-14 02:12:15.723654,81.84231831109668,0.4785779550694992,9.157355004598863,95.25775014898923,17.161064117673423,0.8503402542094282
2026-05-14 02:13:15.723654,79.75320178881272,0.4790386399451561,10.154701896338516,96.06102926059108,16.621251755726583,0.8503402542094282
2026-05-14 02:14:15.723654,81.06976169560383,0.43173401034070236,9.558191675613772,93.31078169694966,17.278304137321772,0.8503402542094282
2026-05-14 02:15:15.723654,77.34272741555031,0.5011080049197636,9.700979999750396,91.21499781877324,16.68042210440143,0.8503402542094282
2026-05-14 02:16:15.723654,74.77953173213106,0.45576501952740955,9.816590207524982,92.82889825707302,16.558371305883508,0.8503402542094282
2026-05-14 02:17:15.723654,82.8878996149349,0.39920228347276093,9.233348486511305,96.97693697330233,17.477891053171117,0.8503402542094282
2026-05-14 02:18:15.723654,78.98697609113002,0.4750627704562756,9.953463537287549,92.52864170330037,16.253944540221784,0.8503402542094282
2026-05-14 02:19:15.723654,81.44133377374379,0.5087403326212833,9.719885020680591,92.25398146137302,17.490128013755438,0.8503402542094282
2026-05-14 02:20:15.723654,77.9176429518104,0.4077327296272852,9.653722112975172,97.12193100980667,16.92358544618183,0.8503402542094282
2026-05-14 02:21:15.723654,79.80931574815814,0.4476540451917631,9.564075163221325,95.12988919741414,15.231817419058567,0.8503402542094282
2026-05-14 02:22:15.723654,78.38636982929472,0.4365557154316968,9.205716537542433,94.78625680400025,16.394361847412657,0.8503402542094282
2026-05-14 02:23:15.723654,82.4905361440653,0.5031406049466006,9.411279091892837,93.71193474524374,16.459623675101522,0.8503402542094282
2026-05-14 02:24:15.723654,78.07626579511508,0.4342408678872641,9.323536141962009,91.75237949850208,16.807953069855852,0.8503402542094282
2026-05-14 02:25:15.723654,80.23864391587794,0.38427383070285814,9.819627391857065,92.75045471004647,16.623180076924708,0.8503402542094282
2026-05-14 02:26:15.723654,80.62027277265923,0.4228089904506721,9.687443036270626,92.98075088060199,16.39836416619167,0.8503402542094282
2026-05-14 02:27:15.723654,78.56786588567364,0.38716070135884584,9.497988513693551,90.91637357064964,16.251020584334665,0.8503402542094282
2026-05-14 02:28:15.723654,78.40983376069498,0.41168063106108876,9.478571528867052,93.89008176865687,16.73631821694875,0.8503402542094282
2026-05-14 02:29:15.723654,80.72861889569936,0.39200135734344443,9.190060506011543,91.92952134389093,16.252995997308254,0.8503402542094282
2026-05-14 02:30:15.723654,78.27574211180129,0.3859898153759849,9.162185763353317,93.10136851342875,16.587310767962705,0.8503402542094282
2026-05-14 02:31:15.723654,80.16964367910545,0.3966184660304417,9.427121415985255,92.1602135506825,16.48087787271833,0.8503402542094282
2026-05-14 02:32:15.723654,77.28272747905268,0.45314600934791777,9.015260815048052,93.2943508234722,16.64715112750159,0.8503402542094282
2026-05-14 02:33:15.723654,79.34725378007933,0.5591413018848826,9.655960769998657,92.0055009746931,16.44886533436118,0.8503402542094282
2026-05-14 02:34:15.723654,75.42709208050141,0.4204596312210197,9.301103945528057,95.84439071949745,16.22182732060795,0.8503402542094282
2026-05-14 02:35:15.723654,78.74605291584382,0.3927117266156376,10.072676168184284,93.3711246361413,17.412875979645317,0.8503402542094282
2026-05-14 02:36:15.723654,80.60788827167084,0.4485929550526271,9.66164070682354,94.80120476480963,15.532761168232913,0.8503402542094282
2026-05-14 02:37:15.723654,78.42181795913281,0.46674751724507385,9.536351607586054,91.20323047476998,16.470395232616983,0.8503402542094282
2026-05-14 02:38:15.723654,82.3877957799453,0.48683420446259373,9.532419559818475,95.9165087224933,16.31334394772169,0.8503402542094282
2026-05-14 02:39:15.723654,75.57184157378087,0.37826631927938004,10.019887393180744,93.46562400471852,16.37490546821821,0.8503402542094282
2026-05-14 02:40:15.723654,78.37990835488455,0.5196964481645081,10.038808437236904,98.4511706352734,16.417074852705692,0.8503402542094282
2026-05-14 02:41:15.723654,79.5708337249285,0.3486574912148182,9.994101090463767,91.67805106584126,16.604985239787034,0.8503402542094282
2026-05-14 02:42:15.723654,76.78497969216863,0.39504627734892295,9.299842033313375,92.79785964702549,16.22703610633123,0.8503402542094282
2026-05-14 02:43:15.723654,77.88304715758416,0.46615631427487314,9.219561924709529,94.45469302240487,17.1055770340585,0.8503402542094282
2026-05-14 02:44:15.723654,77.95319201840752,0.3885936741484777,9.48186337507421,96.37306058509854,16.593651273382395,0.8503402542094282
2026-05-14 02:45:15.723654,77.91715615821911,0.44868345124525977,9.220333117677358,95.37632918926302,16.7009011117566,0.8503402542094282
2026-05-14 02:46:15.723654,78.36396780515655,0.3825603287634962,9.285016485943249,95.08324484106895,17.111087709150247,0.8503402542094282
2026-05-14 02:47:15.723654,77.70496925337673,0.447408953863432,8.924912657047665,92.84437470706273,16.48106799147027,0.8503402542094282
2026-05-14 02:48:15.723654,77.16021791347065,0.37766429994637796,9.35068689568762,94.59799562502987,16.40293294870253,0.8503402542094282
2026-05-14 02:49:15.723654,74.50312228078437,0.31845461105410444,9.368961209271133,94.92898334048424,15.1228450365431,0.8503402542094282
2026-05-14 02:50:15.723654,77.98012439513106,0.3981772258599867,9.96752209609082,93.2435665449514,16.68809195027618,0.8503402542094282
2026-05-14 02:51:15.723654,79.26209902760924,0.3179612946954977,9.781482927617807,94.44440317928971,16.750731777743013,0.8503402542094282
2026-05-14 02:52:15.723654,86.83206016030697,0.3202839717109284,10.068429757556618,93.43871512957642,16.640261910107224,0.8503402542094282
2026-05-14 02:53:15.723654,78.88856025683184,0.4032778020159556,9.380070884156657,94.67262763952314,15.738010609569878,0.8503402542094282
2026-05-14 02:54:15.723654,80.48074308247784,0.4036798984415951,9.211999960916177,93.1135844523855,17.125172066337004,0.8503402542094282
2026-05-14 02:55:15.723654,77.90891457340187,0.44241229959633877,9.331733879913644,95.52945386822437,16.83935132730082,0.8503402542094282
2026-05-14 02:56:15.723654,82.67680241402714,0.415711421410897,9.751617204055657,94.20974524745502,17.144533348837225,0.8503402542094282
2026-05-14 02:57:15.723654,77.54191997221686,0.46173988432972185,9.492611573793281,93.88523381416013,16.542473700129904,0.8503402542094282
2026-05-14 02:58:15.723654,79.48406554028767,0.41867816652975987,9.615434717579443,97.1698462835015,16.989322300713326,0.8503402542094282
2026-05-14 02:59:15.723654,80.71789393242811,0.40171264238466425,9.284248514159788,95.92421128485263,16.934620854170614,0.8503402542094282
2026-05-14 03:00:15.723654,81.92492609893628,0.3942905873873963,9.48215616602018,90.73464184332626,16.30036190487528,0.8503402542094282
2026-05-14 03:01:15.723654,80.97272576859321,0.4011648497244479,9.743164701188533,93.6326039563815,16.658625972016498,0.8503402542094282
2026-05-14 03:02:15.723654,76.68420196780298,0.4287500911675528,8.653679971358068,93.63981785205316,15.681360836048148,0.8503402542094282
2026-05-14 03:03:15.723654,81.39157378052795,0.4633599863240833,9.69102205721811,97.05562262269589,16.0221391974933,0.8503402542094282
2026-05-14 03:04:15.723654,82.47431114326544,0.471099196898877,9.480054176462602,96.28485046274301,15.9434507016999,0.8503402542094282
2026-05-14 03:05:15.723654,77.33055642437897,0.39406013252387273,9.39232745020908,91.90049488285662,17.10813899145338,0.8503402542094282
2026-05-14 03:06:15.723654,78.46187594669465,0.44211486710370174,9.379915352704181,90.37240356728009,16.631626137101428,0.8503402542094282
2026-05-14 03:07:15.723654,75.15507479659476,0.42105791638158435,9.140526250978443,97.98816216683875,16.95227881899308,0.8503402542094282
2026-05-14 03:08:15.723654,79.19109232997728,0.4876749525685912,9.297125969388565,95.10056892571731,16.596502674765073,0.8503402542094282
2026-05-14 03:09:15.723654,79.50762491010165,0.48810729369119615,9.770768393462227,94.59105749402717,15.66915373979157,0.8503402542094282
2026-05-14 03:10:15.723654,77.0594921568754,0.41835417200607156,9.57903247491128,91.75320271902928,17.702435795694928,0.8503402542094282
2026-05-14 03:11:15.723654,82.01237285794146,0.454595534705482,9.572631821013408,93.58919222857483,16.0206382278946,0.8503402542094282
2026-05-14 03:12:15.723654,79.13454578447204,0.4373772456929953,9.178492589983797,94.68196300286692,16.418967933493345,0.8503402542094282
2026-05-14 03:13:15.723654,75.16396963167954,0.3814703681468827,9.426939102601793,97.7889854830575,16.774874020172597,0.8503402542094282
2026-05-14 03:14:15.723654,76.30862160923454,0.44879143315673964,9.086829565946775,96.17899227615128,16.261035131996778,0.8503402542094282
2026-05-14 03:15:15.723654,78.79231236995598,0.4907794510629673,9.16487169205301,91.21937379815114,16.204797794732716,0.8503402542094282
2026-05-14 03:16:15.723654,81.05634244947295,0.34852231491201563,8.701374083195114,93.11129245155912,16.77246785786118,0.8503402542094282
2026-05-14 03:17:15.723654,81.38010824691197,0.4013315505815878,9.427592780493484,96.32141163688863,15.561726608058008,0.8503402542094282
2026-05-14 03:18:15.723654,78.2025431970683,0.43401081318211066,9.685786379013795,92.99399678199536,16.51381796375864,0.8503402542094282
2026-05-14 03:19:15.723654,74.00293004060833,0.39157719806916536,9.687073376394626,92.04902209986777,16.526089568700517,0.8503402542094282
2026-05-14 03:20:15.723654,79.87332974903971,0.40736215864296954,9.602159893927256,92.0881450378079,16.393291818057694,0.8503402542094282
2026-05-14 03:21:15.723654,80.20001708661276,0.4323382667342795,9.375061381759105,94.46204297695871,16.853902353224026,0.8503402542094282
2026-05-14 03:22:15.723654,74.87970219027936,0.4824433219336527,9.450144341023965,94.86459003485759,17.095220919728334,0.8503402542094282
2026-05-14 03:23:15.723654,76.23623735297339,0.38901756856448044,9.464456153865573,92.44610312612826,17.36406574582412,0.8503402542094282
2026-05-14 03:24:15.723654,77.26604055978073,0.39671227971151446,9.612337472109179,91.60931111622494,16.298757102027587,0.8503402542094282
2026-05-14 03:25:15.723654,79.61449126993466,0.4078465984667322,9.5230047049583,92.95494594348038,15.739362303315335,0.8503402542094282
2026-05-14 03:26:15.723654,79.6227711701128,0.5122362722682199,9.556541251863317,94.46413840287222,16.84295883546415,0.8503402542094282
2026-05-14 03:27:15.723654,76.44092375434091,0.5096153515923381,9.611719401555126,97.27732396655534,16.130080960143722,0.8503402542094282
2026-05-14 03:28:15.723654,82.61570859254996,0.4632473933875969,9.716932788383993,94.48165907708342,16.372333148868492,0.8503402542094282
2026-05-14 03:29:15.723654,81.38064806438206,0.4315076121782601,8.96089985155214,91.77923724496313,16.403674581809344,0.8503402542094282
2026-05-14 03:30:15.723654,79.59958271376543,0.421660194240863,9.916711999566385,90.11140644029987,16.5683914261583,0.8503402542094282
2026-05-14 03:31:15.723654,75.34362629666,0.4624752334600662,9.522683148295684,94.85283011242537,16.064655977610837,0.8503402542094282
2026-05-14 03:32:15.723654,81.53851461074981,0.47657585188880036,9.726084053531851,93.75457567465024,16.786526100553285,0.8503402542094282
2026-05-14 03:33:15.723654,77.56579961145962,0.4672674016368934,10.045865030925462,96.1548312883355,16.131796223002013,0.8503402542094282
2026-05-14 03:34:15.723654,79.70241938198052,0.3598325414979254,9.722737855980988,94.91481699410221,15.561689288139636,0.8503402542094282
2026-05-14 03:35:15.723654,76.65601705960958,0.4103326738486694,9.460762838486037,91.59465629753952,16.69108682258181,0.8503402542094282
2026-05-14 03:36:15.723654,79.48253196531535,0.4147761620869318,9.324283312580777,96.11102442121026,17.324301014449865,0.8503402542094282
2026-05-14 03:37:15.723654,78.01246177974124,0.39388127282811675,9.698383062251883,93.29755140888315,16.426898857574102,0.8503402542094282
2026-05-14 03:38:15.723654,80.45889105088366,0.32902181431049315,9.946511460084086,94.15897121703581,16.29085088562463,0.8503402542094282
2026-05-14 03:39:15.723654,78.80111643899141,0.4226110864368837,9.031660371594807,97.00348662328359,16.51726027404103,0.8503402542094282
2026-05-14 03:40:15.723654,79.86558900832907,0.4720671072145599,9.244672025360195,94.96055396644758,16.362776912456322,0.8503402542094282
2026-05-14 03:41:15.723654,80.6731262978673,0.318128247668283,9.521292472555904,92.80796885680921,16.712728933222795,0.8503402542094282
2026-05-14 03:42:15.723654,79.91967312217072,0.3891083239447565,9.337368603375472,93.79227943126247,16.048276344248116,0.8503402542094282
2026-05-14 03:43:15.723654,80.66355213833857,0.4060292586634855,8.678924296831793,93.26396605513351,15.977325547483732,0.8503402542094282
2026-05-14 03:44:15.723654,75.71703311651243,0.3626182867747291,9.583843304178176,96.67089182487359,16.653189694838208,0.8503402542094282
2026-05-14 03:45:15.723654,77.76657797100283,0.4472848284443929,9.413293669562588,92.62440943005083,15.919416123789226,0.8503402542094282
2026-05-14 03:46:15.723654,75.47592713393088,0.4049934333578855,9.598436809604324,93.82036282834734,16.28861399393204,0.8503402542094282
2026-05-14 03:47:15.723654,77.08809262604075,0.4549019282701062,9.15588118664431,95.56566599606408,15.995488948442356,0.8503402542094282
2026-05-14 03:48:15.723654,77.47471427272825,0.3511503591550739,9.400600118562593,95.96423508533309,16.754411502127695,0.8503402542094282
2026-05-14 03:49:15.723654,80.93642897149039,0.45059674598255456,9.219919814069174,93.352031719722,16.106497893346987,0.8503402542094282
2026-05-14 03:50:15.723654,81.6407345555124,0.36465018636454216,9.819130069445018,95.79951790859467,17.411407558763763,0.8503402542094282
2026-05-14 03:51:15.723654,78.16021156217532,0.4601057266648659,10.235516313589939,92.77832681450974,15.729077334139538,0.8503402542094282
2026-05-14 03:52:15.723654,75.21956467961878,0.4601252201289243,8.98607570021071,93.26897206250128,16.715254051425198,0.8503402542094282
2026-05-14 03:53:15.723654,79.34993582109415,0.4457618618950664,9.617707719368541,96.57134179500392,16.020439267536318,0.8503402542094282
2026-05-14 03:54:15.723654,77.62559447051726,0.38585664642231654,9.800078306187068,95.81440734516725,16.722210117564973,0.8503402542094282
2026-05-14 03:55:15.723654,81.34657208121418,0.3655875753170387,10.051187996093626,97.06008741180165,16.86440845652859,0.8503402542094282
2026-05-14 03:56:15.723654,82.54318256497643,0.34165845830196906,9.39368632174949,92.54300324701322,16.85733711978439,0.8503402542094282
2026-05-14 03:57:15.723654,76.87930326823002,0.46236437615273207,9.962181605827299,95.40401596854512,16.63847296973647,0.8503402542094282
2026-05-14 03:58:15.723654,77.00383806563282,0.38214707037958956,9.925906434217286,95.57230817618779,16.477087698216945,0.8503402542094282
2026-05-14 03:59:15.723654,78.14376565590254,0.3231992250302889,9.229765037022954,97.83644834265658,15.856369672404485,0.8503402542094282
2026-05-14 04:00:15.723654,79.35854438987647,0.4748618173456177,9.174543962227597,94.3830311179393,16.965555226661046,0.8503402542094282
2026-05-14 04:01:15.723654,79.00458339124881,0.5679097714691962,9.050440984964826,96.13106722814489,16.410196589207487,0.8503402542094282
2026-05-14 04:02:15.723654,80.52342505710767,0.4465549762708201,9.331073903495286,94.47160295329581,15.567646732206574,0.8503402542094282
2026-05-14 04:03:15.723654,80.1860797485771,0.43939754198538405,9.742618813221217,96.12984681855143,16.680407378010575,0.8503402542094282
2026-05-14 04:04:15.723654,79.27576358703087,0.38043620185279314,9.33735453353357,96.3870794087318,17.214765160758706,0.8503402542094282
2026-05-14 04:05:15.723654,78.5033638748102,0.4267897560485215,9.279636450130155,96.35912385891201,16.829305869751607,0.8503402542094282
2026-05-14 04:06:15.723654,82.86201962036182,0.3805734648268708,9.43761839292282,94.47650201342827,16.819842226768603,0.8503402542094282
2026-05-14 04:07:15.723654,78.54824947233905,0.3808415641631727,9.815443021305356,95.45588089346829,16.038460407623855,0.8503402542094282
2026-05-14 04:08:15.723654,81.69047034964531,0.48299955414568796,9.591309711802623,94.1728058931292,16.773626343463672,0.8503402542094282
2026-05-14 04:09:15.723654,77.2561786069218,0.4259911926440619,8.905305699245531,95.766521459383,15.715850846684788,0.8503402542094282
2026-05-14 04:10:15.723654,81.98642440429231,0.40798361398753524,9.487520668048932,92.75814235620811,16.35257802094468,0.8503402542094282
2026-05-14 04:11:15.723654,81.8166474377304,0.3000991858591038,9.934110378454742,94.68965713058054,15.893086633977111,0.8503402542094282
2026-05-14 04:12:15.723654,76.82895996133584,0.5083092700462679,9.267368698645466,91.70690914718521,17.065254729088082,0.8503402542094282
2026-05-14 04:13:15.723654,79.65669050000615,0.3775933398590378,9.616008255249671,91.96210480109657,17.04700815711702,0.8503402542094282
2026-05-14 04:14:15.723654,81.10232667718059,0.4510899286269549,9.65951908100239,97.53598641811188,16.49644062159983,0.8503402542094282
2026-05-14 04:15:15.723654,76.61583649659272,0.4469633143274731,10.17683487748942,91.98409118200543,16.315866074558727,0.8503402542094282
2026-05-14 04:16:15.723654,79.81247682363723,0.4217943762355708,9.256329688515091,96.25732588083807,17.65661781891435,0.8503402542094282
2026-05-14 04:17:15.723654,79.37184766548214,0.3792862041990578,9.086332605112243,94.52956213081949,17.048536129563846,0.8503402542094282
2026-05-14 04:18:15.723654,79.92992024042508,0.42436942663991506,9.374239267091493,91.82928290294095,16.91397312106816,0.8503402542094282
2026-05-14 04:19:15.723654,80.80712799020549,0.34720312935132114,10.027972456082491,95.16175261016512,17.196394780478617,0.8503402542094282
2026-05-14 04:20:15.723654,76.29532925046409,0.3561984109150858,9.506329969698097,95.01917902216752,17.3947778693692,0.8503402542094282
2026-05-14 04:21:15.723654,80.39174257506458,0.4123555548452561,9.243110000328517,96.47361131381543,16.01424474503036,0.8503402542094282
2026-05-14 04:22:15.723654,82.23652185697895,0.4102703862055323,10.02819538441364,95.37147274849568,16.42809971318449,0.8503402542094282
2026-05-14 04:23:15.723654,77.94079200378206,0.4074442248185538,9.679515770340856,94.16792316081256,16.199691753871367,0.8503402542094282
2026-05-14 04:24:15.723654,78.64832192679906,0.4284184701718153,8.912400534303842,94.92994639795452,16.006736845547316,0.8503402542094282
2026-05-14 04:25:15.723654,76.67291994102283,0.34012240133032223,9.012853013267918,91.30271516215255,16.14208697909047,0.8503402542094282
2026-05-14 04:26:15.723654,82.88610302248745,0.39819563489109755,9.604345794508694,94.81457294138978,16.562130051013643,0.8503402542094282
2026-05-14 04:27:15.723654,78.82469782598233,0.36472493050589555,9.986299027112048,97.6280034556529,15.655268110844375,0.8503402542094282
2026-05-14 04:28:15.723654,76.93152756566155,0.4104991015670075,9.261659424155228,95.02554127528886,16.13246135670241,0.8503402542094282
2026-05-14 04:29:15.723654,83.30969688304752,0.4840170484030376,9.61479297181795,96.0675826950166,17.049547670084372,0.8503402542094282
2026-05-14 04:30:15.723654,77.85168977131784,0.38367875645875954,9.57446368151918,95.73688241737301,16.56612765723243,0.8503402542094282
2026-05-14 04:31:15.723654,75.82559178305232,0.38434839648831565,9.528828903549972,93.86227895972547,17.482868546300622,0.8503402542094282
2026-05-14 04:32:15.723654,76.20760886263632,0.4497690807776515,9.997754695126773,98.55650965922271,16.29439874631374,0.8503402542094282
2026-05-14 04:33:15.723654,79.96244365287471,0.4529776365457901,9.609665282094273,93.81591976589851,16.71458515265574,0.8503402542094282
2026-05-14 04:34:15.723654,73.91509257699495,0.45859309318898933,9.588874133726875,93.5686603748206,17.520028555765496,0.8503402542094282
2026-05-14 04:35:15.723654,77.62971670985321,0.40433581923260625,10.148486753289706,92.34948755867741,16.22153981643745,0.8503402542094282
2026-05-14 04:36:15.723654,78.68553390057262,0.46652634279233524,9.61336151483428,91.42835947407261,16.230513176342125,0.8503402542094282
2026-05-14 04:37:15.723654,77.7648758810099,0.4206285664247055,9.678773860217234,94.85002168015308,15.608591580881518,0.8503402542094282
2026-05-14 04:38:15.723654,81.10746672255603,0.43711806098568895,9.966380376906457,94.90200682295847,17.0472589367736,0.8503402542094282
2026-05-14 04:39:15.723654,79.91267537033457,0.49180090649599517,9.70769595343362,93.81777967549132,17.63281481812916,0.8503402542094282
2026-05-14 04:40:15.723654,80.7576589919941,0.4531768397360784,9.168129437666785,91.43699493345005,16.642955198976644,0.8503402542094282
2026-05-14 04:41:15.723654,79.2706271429708,0.393783490435442,9.593315572511903,97.19086402446432,16.844298695180868,0.8503402542094282
2026-05-14 04:42:15.723654,76.69756772792884,0.4189141773287106,9.309530818372517,93.23821033556,16.289789625090897,0.8503402542094282
2026-05-14 04:43:15.723654,78.0242935822263,0.36173285008718803,9.512724358172829,92.89239489468251,15.031873112904584,0.8503402542094282
2026-05-14 04:44:15.723654,83.08552879643764,0.4789281013966914,9.438130545150786,94.05124826785833,15.910770284246937,0.8503402542094282
2026-05-14 04:45:15.723654,82.37103050305605,0.5193540534245134,9.598028881102243,96.06067145674781,16.58424084737268,0.8503402542094282
2026-05-14 04:46:15.723654,76.30613386968245,0.4038984502376749,9.590599152659872,93.10451473089024,16.3872708191882,0.8503402542094282
2026-05-14 04:47:15.723654,78.79678563241609,0.42044569379258473,9.56669830977753,91.89240003558393,16.13808938334175,0.8503402542094282
2026-05-14 04:48:15.723654,76.41041621603438,0.4733803961701678,8.919326680076187,96.32079085501098,17.18977215653714,0.8503402542094282
2026-05-14 04:49:15.723654,78.37522357346907,0.29433276429449284,9.442627594038099,93.88524184579948,15.991298347941262,0.8503402542094282
2026-05-14 04:50:15.723654,77.94914795981784,0.5009993786290253,9.750498911318807,92.16448193962093,15.697797873108001,0.8503402542094282
2026-05-14 04:51:15.723654,78.32555011221477,0.41381677971833586,9.699880518837281,92.94297674324181,16.75234724558665,0.8503402542094282
2026-05-14 04:52:15.723654,82.84989282755477,0.4652646698080709,9.536594210429053,93.64730922627054,16.318260890815782,0.8503402542094282
2026-05-14 04:53:15.723654,81.34086657233861,0.3931239463882926,9.56458757532828,94.11600597213929,16.24570536149995,0.8503402542094282
2026-05-14 04:54:15.723654,76.23465365166612,0.44063834386674117,9.53271957107167,95.01409110725027,16.229797304686134,0.8503402542094282
2026-05-14 04:55:15.723654,81.42122734506042,0.38065092962526553,10.064632847833654,90.5183371487206,16.713982490184165,0.8503402542094282
2026-05-14 04:56:15.723654,79.93044611248756,0.3847117652888137,9.678338943986589,96.57264750789744,15.388188038228686,0.8503402542094282
2026-05-14 04:57:15.723654,79.98507436241594,0.2998260776693539,9.261321321571323,97.27194289817902,16.205706441209692,0.8503402542094282
2026-05-14 04:58:15.723654,76.63182481861637,0.4145927322366237,10.17139266407735,90.35024567396508,15.970942502086046,0.8503402542094282
2026-05-14 04:59:15.723654,81.97444811379357,0.5173747358627444,9.5199913953412,91.53550476332384,17.544519208810296,0.8503402542094282
2026-05-14 05:00:15.723654,82.16846953093271,0.45843696807396944,9.307300057947058,93.91555148670105,16.416417417383304,0.8503402542094282
2026-05-14 05:01:15.723654,79.64128735666547,0.4970396905924246,9.814845874969507,91.85885801440762,17.184845682915487,0.8503402542094282
2026-05-14 05:02:15.723654,79.60584902746062,0.4588429084788036,9.990983020411866,91.79044966935002,16.478684668552486,0.8503402542094282
2026-05-14 05:03:15.723654,77.91667564471588,0.34609664741758495,9.655033755909761,99.03672327154598,15.576558585652842,0.8503402542094282
2026-05-14 05:04:15.723654,78.91502352533537,0.45651676543959646,9.58794422312514,93.78735406334565,15.846989276182805,0.8503402542094282
2026-05-14 05:05:15.723654,79.44515823331464,0.38665141983506146,8.89404425113472,96.4027946094046,16.97579036782674,0.8503402542094282
2026-05-14 05:06:15.723654,79.08290670113648,0.4359433530961429,9.873316166442955,94.4622894819333,16.948606235286377,0.8503402542094282
2026-05-14 05:07:15.723654,78.38462034568661,0.4900888056145551,9.64725648040809,94.40171405558887,15.861566913549701,0.8503402542094282
2026-05-14 05:08:15.723654,79.55349645603773,0.38289187281113524,9.359535944669737,92.38285891174489,15.963479991956106,0.8503402542094282
2026-05-14 05:09:15.723654,83.22912755346825,0.49105657178527795,10.127131013271564,91.567820129266,16.532224332861166,0.8503402542094282
2026-05-14 05:10:15.723654,76.39256949702613,0.3897048748260046,9.275582667603313,96.49277818126025,16.298482618854838,0.8503402542094282
2026-05-14 05:11:15.723654,81.11634341482235,0.45469566316528365,10.242112388259722,91.05472172209768,17.12621407779912,0.8503402542094282
2026-05-14 05:12:15.723654,81.27246648823578,0.37582067678450604,9.853160763570234,94.68590009442958,16.382859327929015,0.8503402542094282
2026-05-14 05:13:15.723654,77.33171377349032,0.3885341461133985,10.165964391364064,94.0149758062921,16.887662458671446,0.8503402542094282
2026-05-14 05:14:15.723654,77.39778598409922,0.38549697137477584,9.875616205403269,91.31445774527407,16.288990573953082,0.8503402542094282
2026-05-14 05:15:15.723654,79.04763956957878,0.4300582487778604,9.49729277712344,94.80524973056897,16.843025335814623,0.8503402542094282
2026-05-14 05:16:15.723654,80.44885983835297,0.37519942825246644,9.465774233249647,96.403135892131,16.943921051692655,0.8503402542094282
2026-05-14 05:17:15.723654,76.23386584447219,0.44206361370346786,8.957553187815842,94.10747997249787,17.44548096627871,0.8503402542094282
2026-05-14 05:18:15.723654,77.08379931289635,0.3827734664112787,9.780229697100143,90.92800713795783,16.1802199429632,0.8503402542094282
2026-05-14 05:19:15.723654,80.17246702259783,0.3927753263013876,9.480229766464994,95.5019815890072,16.707370499674,0.8503402542094282
2026-05-14 05:20:15.723654,79.51322154002511,0.40753350472235583,9.662039097208972,93.76614480817761,16.72550026286861,0.8503402542094282
2026-05-14 05:21:15.723654,77.98572069719836,0.4153611699668807,9.254033424862682,93.94359494836466,16.091097026091298,0.8503402542094282
2026-05-14 05:22:15.723654,76.75149184711033,0.43742267607862717,9.614842695385583,95.57935763827427,16.281034673118167,0.8503402542094282
2026-05-14 05:23:15.723654,79.79569044110782,0.45202949729954095,9.684452904977764,92.36230280277285,16.571279199041314,0.8503402542094282
2026-05-14 05:24:15.723654,79.70786533954364,0.4248485420312549,8.92507746511696,94.33458941632409,17.60286297760434,0.8503402542094282
2026-05-14 05:25:15.723654,78.25950620992035,0.38808576379309173,9.663025330541705,94.63836658931027,17.092965040613926,0.8503402542094282
2026-05-14 05:26:15.723654,76.46384843561654,0.4610586313146074,9.728147381003724,93.72931709449604,16.665941116866563,0.8503402542094282
2026-05-14 05:27:15.723654,81.03849971063103,0.46810538768728027,9.208114969006166,95.6539265418881,16.46425315538946,0.8503402542094282
2026-05-14 05:28:15.723654,79.12533294346535,0.4281494682359425,9.505947865988807,96.39702516259126,16.454738477981113,0.8503402542094282
2026-05-14 05:29:15.723654,76.74049249066798,0.40481312588737134,9.604629177671429,96.47203973697123,16.798144800380136,0.8503402542094282
2026-05-14 05:30:15.723654,77.27851418994022,0.5487491145198024,9.630453355921679,96.56439164437516,16.420740241117105,0.8503402542094282
2026-05-14 05:31:15.723654,80.04630323684522,0.466463043911778,9.916479176154562,96.12834677913358,16.932695957942208,0.8503402542094282
2026-05-14 05:32:15.723654,78.3494112850461,0.3959023165880547,9.650803015725545,95.87986631305927,16.385237107517415,0.8503402542094282
2026-05-14 05:33:15.723654,81.10992867886308,0.49712045596016674,9.276124486906259,92.33976876078457,16.42640992845305,0.8503402542094282
2026-05-14 05:34:15.723654,79.5948100838127,0.3982612679975052,9.95668156628843,94.86174389141404,16.516320982026087,0.8503402542094282
2026-05-14 05:35:15.723654,76.10776569969727,0.35869882786448243,9.635323537712827,89.74841891606745,17.002916162727754,0.8503402542094282
2026-05-14 05:36:15.723654,78.66327705868967,0.5866442671655945,10.24339563781312,93.6507120298821,16.443428956640062,0.8503402542094282
2026-05-14 05:37:15.723654,80.97074777543837,0.5096482491817597,9.05961204539748,90.44085923766775,16.18558005512853,0.8503402542094282
2026-05-14 05:38:15.723654,80.14505991378205,0.44933329821123763,9.87195219912344,91.61421511164652,15.33852552642128,0.8503402542094282
2026-05-14 05:39:15.723654,80.69561313803861,0.38307980503759603,8.945474403311694,94.3037376602959,16.893185302015056,0.8503402542094282
2026-05-14 05:40:15.723654,78.73547048319176,0.4015971993767333,9.503212092984514,93.27244464357557,15.822573901935634,0.8503402542094282
2026-05-14 05:41:15.723654,77.55022339345345,0.45055361393654847,9.647524325041235,94.34972978031077,15.999023216979028,0.8503402542094282
2026-05-14 05:42:15.723654,78.61657842316298,0.31563636636371506,9.604563761793901,96.87132558400427,15.759531391884666,0.8503402542094282
2026-05-14 05:43:15.723654,77.8077294007988,0.44094495762136426,9.92687355295653,93.11716093577682,16.15047229327277,0.8503402542094282
2026-05-14 05:44:15.723654,75.04173846260215,0.4296615251512631,10.163643574671408,94.56832709230648,16.485457968313863,0.8503402542094282
2026-05-14 05:45:15.723654,79.62374936896829,0.4239350184884277,9.307116450950247,95.66016999973253,16.609478219461597,0.8503402542094282
2026-05-14 05:46:15.723654,79.01481125130164,0.37572131732194525,9.942073142208713,95.34301565904335,16.220137039222067,0.8503402542094282
2026-05-14 05:47:15.723654,80.9832344547982,0.3996110767665974,9.316419714874975,92.49420393341656,15.611063181361672,0.8503402542094282
2026-05-14 05:48:15.723654,79.92266950827073,0.3329323747689403,9.182487613248556,89.86243415022005,16.45356261151027,0.8503402542094282
2026-05-14 05:49:15.723654,78.67894382689057,0.4081548080265396,9.238247454227112,91.66914266150384,16.728782389679004,0.8503402542094282
2026-05-14 05:50:15.723654,77.87848088401734,0.440307534762665,9.285446156791018,94.37573565391929,17.14823647656375,0.8503402542094282
2026-05-14 05:51:15.723654,80.15191634821988,0.40386892777503375,9.628180453735064,93.5322798193167,16.50053755025308,0.8503402542094282
2026-05-14 05:52:15.723654,78.32836264313731,0.41627285839158823,9.614648768550538,92.02689276921322,15.988658044410728,0.8503402542094282
2026-05-14 05:53:15.723654,76.2024996397719,0.3444760634606723,9.185835954962142,94.33253518198539,16.050203700159777,0.8503402542094282
2026-05-14 05:54:15.723654,80.00681367589651,0.42622530612348586,8.960469498596868,95.3235613368205,16.901996780701573,0.8503402542094282
2026-05-14 05:55:15.723654,76.99185939776461,0.4454991958306074,9.294071291405526,94.2089509218738,15.864348254428235,0.8503402542094282
2026-05-14 05:56:15.723654,75.39337184236516,0.40534875920520935,9.513902078745835,93.21825078114792,15.904582178794438,0.8503402542094282
2026-05-14 05:57:15.723654,78.17978662317205,0.4379543563148945,9.537552853591524,94.37861222957555,16.1615398576786,0.8503402542094282
2026-05-14 05:58:15.723654,81.32302057686664,0.3656809518581187,9.697288851754301,96.37739235429704,16.737051504280167,0.8503402542094282
2026-05-14 05:59:15.723654,78.57453629330466,0.39807476635270883,9.861847057942162,91.16766031785379,16.011535327715897,0.8503402542094282
2026-05-14 06:00:15.723654,78.18446921645088,0.4863723065614577,9.664951053440554,92.07751865135664,16.341443605213268,0.8503402542094282
2026-05-14 06:01:15.723654,77.75093845924172,0.389000169074181,9.844687630195319,91.27012390985011,17.300987885772905,0.8503402542094282
2026-05-14 06:02:15.723654,80.63604412780356,0.47903270221604266,9.412138909020708,93.7137287302189,15.780021550643362,0.8503402542094282
2026-05-14 06:03:15.723654,77.9302599333007,0.44917236106801534,9.939839681162704,91.79929653477222,16.313844489413086,0.8503402542094282
2026-05-14 06:04:15.723654,78.67698630696927,0.3547001585762335,9.728425535155806,92.56562950489192,16.398902282317206,0.8503402542094282
2026-05-14 06:05:15.723654,78.07568600361056,0.38502269339987405,9.548907266984118,93.58239101124109,16.310668516766384,0.8503402542094282
2026-05-14 06:06:15.723654,77.52266150407362,0.44046585222500556,10.047105943175971,94.29338463405539,16.994656565361282,0.8503402542094282
2026-05-14 06:07:15.723654,76.19914089712739,0.43237769065054626,9.221810266936965,91.05976031331332,16.1269117541762,0.8503402542094282
2026-05-14 06:08:15.723654,81.36338341626146,0.47199041011934006,9.623922179244605,90.94820904859726,16.39845713221175,0.8503402542094282
2026-05-14 06:09:15.723654,79.58298476523778,0.43326643016478766,8.997882687584061,92.23297447233739,16.46455857583136,0.8503402542094282
2026-05-14 06:10:15.723654,80.0521665664687,0.31468322763086043,9.502383569984328,94.29970770813503,16.921403452163826,0.8503402542094282
2026-05-14 06:11:15.723654,80.36529991590919,0.45361818462629805,9.311038610617706,90.19760589413052,16.30007107937502,0.8503402542094282
2026-05-14 06:12:15.723654,80.98284839785144,0.49416234506207934,9.76418549331762,94.8722918139806,16.686417282098702,0.8503402542094282
2026-05-14 06:13:15.723654,77.86734725391275,0.4179866040081768,10.051741620376184,92.12849415679338,17.303986853260643,0.8503402542094282
2026-05-14 06:14:15.723654,78.3355284384502,0.4907612241406117,9.128976259779023,95.18541857070643,16.128212389931907,0.8503402542094282
2026-05-14 06:15:15.723654,76.14905036358594,0.4354163208064051,9.853862299207076,92.32372729119014,15.747089477676518,0.8503402542094282
2026-05-14 06:16:15.723654,78.7958952187644,0.4201178522469987,9.715516650894635,95.9127993111061,16.466889867269472,0.8503402542094282
2026-05-14 06:17:15.723654,82.69059137702284,0.4357013559126224,9.447092810826215,90.79047545017147,16.365267697747633,0.8503402542094282
2026-05-14 06:18:15.723654,78.30681085661205,0.4725048584999313,9.689765849848342,91.65487192511189,16.58272465111124,0.8503402542094282
2026-05-14 06:19:15.723654,80.32264709089242,0.5008911866552495,9.817271952852503,95.53530347700008,16.5266404552133,0.8503402542094282
2026-05-14 06:20:15.723654,79.75620875828122,0.4869648637211657,9.15118754338439,93.31473151394322,16.110313083527597,0.8503402542094282
2026-05-14 06:21:15.723654,79.73789098488656,0.4860007274683972,9.371928476611963,89.23300143343825,16.290487085393483,0.8503402542094282
2026-05-14 06:22:15.723654,80.80653221146913,0.45137111383335177,9.679476636971458,93.45362356462817,15.857082089795824,0.8503402542094282
2026-05-14 06:23:15.723654,80.01017339068325,0.3827755281841265,10.206249782642422,95.15462458508615,16.20627330662874,0.8503402542094282
2026-05-14 06:24:15.723654,77.75681425265707,0.41984240835517833,9.47917018602176,96.24727771943704,16.589805542777743,0.8503402542094282
2026-05-14 06:25:15.723654,77.51632126961726,0.5190116529436469,9.565813262084353,95.55128952031492,16.192484204183337,0.8503402542094282
2026-05-14 06:26:15.723654,79.70581600292336,0.4400451182430175,8.98412597499944,98.04416038929841,17.141919688366993,0.8503402542094282
2026-05-14 06:27:15.723654,78.18519411514234,0.369376131663065,9.655289246769351,94.18700556720592,16.674431932187332,0.8503402542094282
2026-05-14 06:28:15.723654,79.3627395398225,0.4498016681511541,9.985212472445827,95.14981657863441,15.971769708450747,0.8503402542094282
2026-05-14 06:29:15.723654,81.70471045285922,0.5065203468602721,10.49663778298191,91.76662210189794,16.618038464480854,0.8503402542094282
2026-05-14 06:30:15.723654,74.81538734105634,0.4521470765048182,9.386560673178254,97.86050175802703,16.109289972896427,0.8503402542094282
2026-05-14 06:31:15.723654,75.6012186714998,0.4009264316507318,8.958374431263143,95.51580907739175,15.464055934777559,0.8503402542094282
2026-05-14 06:32:15.723654,79.03649990980064,0.32059902769304793,9.454931421267293,97.3003664799862,16.676921403623616,0.8503402542094282
2026-05-14 06:33:15.723654,77.25259753750444,0.42292944423890355,9.55642582424162,94.95887086006394,15.813168276265305,0.8503402542094282
2026-05-14 06:34:15.723654,80.16471929512898,0.28927003710571897,9.362055396919143,93.03706248347403,16.81326087094134,0.8503402542094282
2026-05-14 06:35:15.723654,79.02484645278805,0.35421146599304343,9.255522824883181,94.41097018747195,16.45706378697344,0.8503402542094282
2026-05-14 06:36:15.723654,77.82133652816282,0.4004479292102588,9.759871161776072,92.9782250226387,16.45255183589118,0.8503402542094282
2026-05-14 06:37:15.723654,83.31945792359541,0.35330548684166163,8.995467943155887,95.58078949797434,16.157275927258667,0.8503402542094282
2026-05-14 06:38:15.723654,78.34310969194908,0.3854317997793021,9.473080720398032,97.21068639256981,16.89766168721478,0.8503402542094282
2026-05-14 06:39:15.723654,80.70403177120826,0.3536782658962255,9.205674641662425,88.33545284940627,16.09190704736434,0.8503402542094282
2026-05-14 06:40:15.723654,80.89299112020564,0.4503369444732763,9.484566783742649,93.96900960094102,16.152154686618015,0.8503402542094282
2026-05-14 06:41:15.723654,79.38910251223788,0.46278353265988853,9.066254726405143,94.61290554405183,16.96281489338305,0.8503402542094282
2026-05-14 06:42:15.723654,78.14938416950757,0.45952464929188697,10.395417095970052,93.80492458240334,16.69325098290838,0.8503402542094282
2026-05-14 06:43:15.723654,77.50347058011154,0.4335521768159603,9.689102250122977,94.4032948489174,15.98674979805129,0.8503402542094282
2026-05-14 06:44:15.723654,79.39230829008521,0.4975994156217396,9.685611491982643,95.93758454652081,16.378091472899403,0.8503402542094282
2026-05-14 06:45:15.723654,80.47938522628174,0.43845301059668407,9.265747543722116,94.65065217797488,16.000749126185564,0.8503402542094282
2026-05-14 06:46:15.723654,77.71382419766474,0.4339560340504765,9.640194044642323,91.63514523822288,17.023590343497155,0.8503402542094282
2026-05-14 06:47:15.723654,80.12359730403526,0.38925319690531357,9.089745323693533,93.72380101021426,16.273625600975137,0.8503402542094282
2026-05-14 06:48:15.723654,79.20586566154036,0.4063337856280794,8.948783704404782,93.2369162917748,16.343787902371563,0.8503402542094282
2026-05-14 06:49:15.723654,80.24690679698243,0.3895796349553053,10.054623164640056,90.19032906707362,17.15218120680703,0.8503402542094282
2026-05-14 06:50:15.723654,78.53094680567811,0.4674688623030356,9.574961207845906,96.29272124042807,16.302916475629313,0.8503402542094282
2026-05-14 06:51:15.723654,76.78234389707869,0.4955148330494109,9.516976568863642,94.45672711562555,17.113973414928115,0.8503402542094282
2026-05-14 06:52:15.723654,76.91567426324545,0.4542641635678206,9.374052335689418,93.74927145708838,16.532736940597864,0.8503402542094282
2026-05-14 06:53:15.723654,75.97914102454044,0.385547766544836,9.956342630352227,95.78599254554672,16.465277669242102,0.8503402542094282
2026-05-14 06:54:15.723654,79.4658316644601,0.4097774934040349,9.957995778376679,93.6129050127888,16.612518503973142,0.8503402542094282
2026-05-14 06:55:15.723654,81.27164503571845,0.38562104444356243,10.018657517977353,90.95268734889038,17.311418523462116,0.8503402542094282
2026-05-14 06:56:15.723654,78.23423357953037,0.4123546812945937,8.984017711273403,93.10402073362174,15.976694192392277,0.8503402542094282
2026-05-14 06:57:15.723654,77.76429205668737,0.4176240703964138,9.838358246970158,94.42881687117838,16.650435784606277,0.8503402542094282
2026-05-14 06:58:15.723654,76.7885459697432,0.3804519142057213,10.090638268133679,92.54320809885063,17.324701583934367,0.8503402542094282
2026-05-14 06:59:15.723654,78.49346234967258,0.42460401549303295,9.872130310697264,96.55739501225445,16.441191177766175,0.8503402542094282
2026-05-14 07:00:15.723654,78.20309864039123,0.4216935962597471,9.652408021097921,95.79621754211664,16.498712387402794,0.8503402542094282
2026-05-14 07:01:15.723654,80.21735734348063,0.5064076052994049,9.665413646307721,94.63691588038668,15.737142045360685,0.8503402542094282
2026-05-14 07:02:15.723654,73.71812447377619,0.4439084051473662,9.522573493244023,92.98404481854764,16.61836255999889,0.8503402542094282
2026-05-14 07:03:15.723654,78.8587772890405,0.4808786312175527,9.576854023105978,92.51976359823679,16.991680577385363,0.8503402542094282
2026-05-14 07:04:15.723654,78.54532259754191,0.45081645286947314,9.407797550770445,92.71395639738225,16.538681572998566,0.8503402542094282
2026-05-14 07:05:15.723654,79.00524203452169,0.44848097045419943,9.470427036635362,90.34089060083633,16.280210516111524,0.8503402542094282
2026-05-14 07:06:15.723654,80.56722168172195,0.40962081472370243,9.47710574187392,95.986363180189,16.140610844276257,0.8503402542094282
2026-05-14 07:07:15.723654,75.89397831094851,0.4164580627095831,9.405768577253664,92.08111752887062,16.408908229956374,0.8503402542094282
2026-05-14 07:08:15.723654,79.96259604192788,0.42402519060746696,9.643115084434157,97.64042556540798,16.325158027126935,0.8503402542094282
2026-05-14 07:09:15.723654,79.53628201672366,0.39902895055590104,9.297112846662193,92.84379486154158,16.257218172144874,0.8503402542094282
2026-05-14 07:10:15.723654,79.69853634252857,0.5419434080208957,9.336207731745533,93.1803595571462,16.465035951350092,0.8503402542094282
2026-05-14 07:11:15.723654,79.7711824448538,0.437667159283597,9.936249500812721,89.16082602730671,15.303132522807882,0.8503402542094282
2026-05-14 07:12:15.723654,77.98782840341401,0.4793546280630432,9.081326353146606,87.99834548898961,16.782187161015322,0.8503402542094282
2026-05-14 07:13:15.723654,79.46689919483974,0.3699791983458863,9.255358882412006,92.07412272910778,16.551865116642688,0.8503402542094282
2026-05-14 07:14:15.723654,77.7269541950683,0.4491928146346338,8.694632763756967,92.29990643812152,15.933570477450193,0.8503402542094282
2026-05-14 07:15:15.723654,78.46690339068934,0.39758723076135083,9.790373896597016,90.294936625057,16.519343196071095,0.8503402542094282
2026-05-14 07:16:15.723654,80.09625759385773,0.5173219905139556,9.406490971300244,94.66252737708216,15.594666061624535,0.8503402542094282
2026-05-14 07:17:15.723654,74.19567233880827,0.4667283374749428,9.549352674533864,96.37063554797398,15.809896013420843,0.8503402542094282
2026-05-14 07:18:15.723654,80.01938902649182,0.5179305107130504,9.676932445135465,94.56677317955922,16.500875498317892,0.8503402542094282
2026-05-14 07:19:15.723654,75.83782183318249,0.4922682654713752,9.367763470686766,95.02257668114316,15.715080304620091,0.8503402542094282
2026-05-14 07:20:15.723654,76.62066541841875,0.49624398864696956,9.446830075940932,96.92016112046221,16.45748212837646,0.8503402542094282
2026-05-14 07:21:15.723654,75.2957892015186,0.4690929986724438,9.374053067301602,95.41098779541122,16.50920289167576,0.8503402542094282
2026-05-14 07:22:15.723654,75.89334829154858,0.43270435695438625,10.209887705274125,94.99958308540604,16.467838581402987,0.8503402542094282
2026-05-14 07:23:15.723654,81.13027155134812,0.4350230419460133,9.613881031707123,91.83035982405892,16.613521470800517,0.8503402542094282
2026-05-14 07:24:15.723654,81.05047158026821,0.38268651108085655,9.97836950900237,93.83019812008688,16.052712702136446,0.8503402542094282
2026-05-14 07:25:15.723654,80.97484890127481,0.4101499068989443,9.778875228874117,93.43009290386006,16.466684386140766,0.8503402542094282
2026-05-14 07:26:15.723654,79.9667051561029,0.4390344715653581,8.952361228492764,91.77112268818834,16.961302450301126,0.8503402542094282
2026-05-14 07:27:15.723654,78.71531156963123,0.3983030535472867,9.143448558051043,91.85413752582544,15.485698137924745,0.8503402542094282
2026-05-14 07:28:15.723654,78.77702331003125,0.3945677396568054,9.261044395332691,93.87736331804122,16.67858277333209,0.8503402542094282
2026-05-14 07:29:15.723654,83.16598061185421,0.3488954477076971,9.898835075618441,95.95981329040727,16.107051088217368,0.8503402542094282
2026-05-14 07:30:15.723654,79.38605665660639,0.401607956218977,9.606727336753908,97.03187219518622,16.799400574221373,0.8503402542094282
2026-05-14 07:31:15.723654,79.9968014939012,0.40297415268812564,9.105803763150984,93.59667374729631,17.099901535337676,0.8503402542094282
2026-05-14 07:32:15.723654,75.92524903425502,0.37173515027702303,9.588901083498506,92.0443005986826,16.10033573434811,0.8503402542094282
2026-05-14 07:33:15.723654,78.13238758397796,0.3562087484763503,9.258784208763375,95.42046600195175,15.842912566790236,0.8503402542094282
2026-05-14 07:34:15.723654,75.78384047844465,0.39298836970916307,9.770607413381239,93.61976655238335,16.264306918847907,0.8503402542094282
2026-05-14 07:35:15.723654,79.06830234246553,0.33720424704287516,9.699432458760795,94.78048023118441,16.291943220857856,0.8503402542094282
2026-05-14 07:36:15.723654,80.99143377102715,0.3681148137382058,9.889393460604357,94.32259749956764,16.32832116296663,0.8503402542094282
2026-05-14 07:37:15.723654,78.93983747669769,0.4191263803953107,9.9171056315536,91.8602519134351,16.11533783833242,0.8503402542094282
2026-05-14 07:38:15.723654,81.05219053157927,0.3947128719266648,9.821180685827763,97.41248213439455,16.2956999444349,0.8503402542094282
2026-05-14 07:39:15.723654,80.34230940058492,0.36680500461886484,9.777440752048628,94.41245814035067,16.733116598985827,0.8503402542094282
2026-05-14 07:40:15.723654,77.68844060336353,0.34143544790749913,9.701996382053137,89.88680386341822,16.337922211784452,0.8503402542094282
2026-05-14 07:41:15.723654,80.86194848027425,0.43408450547950955,10.135523556065229,96.06382847354067,16.16964826374293,0.8503402542094282
2026-05-14 07:42:15.723654,79.0342115071372,0.422121083558636,9.076367733624448,92.13281233540842,16.21621700441579,0.8503402542094282
2026-05-14 07:43:15.723654,74.90714374172245,0.4268642920984399,9.476299209232373,90.66782236575398,16.698703890544383,0.8503402542094282
2026-05-14 07:44:15.723654,80.41133023681624,0.43584134262910224,9.453800310065594,95.19649447188084,16.836707638144063,0.8503402542094282
2026-05-14 07:45:15.723654,79.5943918868737,0.38325900616411973,9.63400099228164,96.40457147002809,16.198282928599852,0.8503402542094282
2026-05-14 07:46:15.723654,83.17546342569918,0.39820807198658853,9.560742866630326,92.66863897636445,16.60823287586585,0.8503402542094282
2026-05-14 07:47:15.723654,75.49514136216376,0.3971875287450217,9.223384402523715,94.28428686416171,16.99382114566017,0.8503402542094282
2026-05-14 07:48:15.723654,80.27159712166342,0.30590665064291317,10.163641658506648,94.60417004961886,16.108347887659217,0.8503402542094282
2026-05-14 07:49:15.723654,79.29384058541619,0.4332991098109924,9.350966147542817,94.40944350306128,16.192861314095566,0.8503402542094282
2026-05-14 07:50:15.723654,78.17086076205428,0.39017566189810354,9.121219375706389,94.3052831088079,16.789247176163887,0.8503402542094282
2026-05-14 07:51:15.723654,80.00935193958706,0.4654858813176195,9.648322825632746,92.94815917194332,16.916429390121312,0.8503402542094282
2026-05-14 07:52:15.723654,76.26454966775044,0.37945604956023377,9.261760741201313,96.17372228665575,16.967991714975756,0.8503402542094282
2026-05-14 07:53:15.723654,79.9541952215243,0.4780861119464476,9.287235927904689,94.71080040809909,16.434010243714138,0.8503402542094282
2026-05-14 07:54:15.723654,80.67334895520415,0.4187284070582479,9.435537896105261,95.0954272054991,16.934682041501336,0.8503402542094282
2026-05-14 07:55:15.723654,77.64289435774072,0.42143583511823896,9.233488572535789,89.01748813339125,16.596827273612583,0.8503402542094282
2026-05-14 07:56:15.723654,80.19739545994358,0.437592959140194,8.966152247301975,93.31191130822418,15.387423577880178,0.8503402542094282
2026-05-14 07:57:15.723654,81.71898696274269,0.3701868895799535,9.927641845466255,95.90534945574542,16.046302281637686,0.8503402542094282
2026-05-14 07:58:15.723654,76.71401484489883,0.4420081295051747,9.297723551473364,94.21857945269355,16.255183662502258,0.8503402542094282
2026-05-14 07:59:15.723654,75.41726791850304,0.31296621772963484,9.619026037176665,92.89049467571587,16.220052549448653,0.8503402542094282
2026-05-14 08:00:15.723654,80.37131242562188,0.48316173251748,9.469257346219743,93.33241275455741,16.74666897446266,0.8503402542094282
2026-05-14 08:01:15.723654,76.26571360803517,0.4356472714232426,9.716586554174931,95.37407058521238,15.528221106654486,0.8503402542094282
2026-05-14 08:02:15.723654,77.45687420781644,0.38057645604468443,9.58098684895105,94.9750993279131,17.24495266162871,0.8503402542094282
2026-05-14 08:03:15.723654,77.98965378669817,0.3996109937703971,9.89592236829191,94.60676404543774,17.130423213499704,0.8503402542094282
2026-05-14 08:04:15.723654,79.55704075345399,0.36663378775019423,9.151082256194943,90.91058567025927,16.827623375284954,0.8503402542094282
2026-05-14 08:05:15.723654,81.35677839360834,0.5169577257551768,9.803952362325257,96.3392873234471,16.206589291578876,0.8503402542094282
2026-05-14 08:06:15.723654,76.6667531139466,0.46699358530673546,9.676324988300106,94.22849891705891,16.690283198222215,0.8503402542094282
2026-05-14 08:07:15.723654,79.62595571235073,0.48868046167853585,9.939516438073372,95.10205087305782,16.919498894187182,0.8503402542094282
2026-05-14 08:08:15.723654,80.00770985228387,0.40143113208412684,9.777990165102228,91.2246200306586,17.02354323405366,0.8503402542094282
2026-05-14 08:09:15.723654,76.59053886790224,0.4387797830255944,9.297474575100438,95.12038813452598,16.479634844941764,0.8503402542094282
2026-05-14 08:10:15.723654,75.79007283110765,0.4455246002367817,9.377644529578472,95.77590361000387,16.49726030227292,0.8503402542094282
2026-05-14 08:11:15.723654,79.77042671821039,0.37661117093509716,9.374221093200077,93.09633289617496,16.924948698026995,0.8503402542094282
2026-05-14 08:12:15.723654,82.3343389230453,0.3842310310987139,9.874075206025589,89.67425533292572,15.899502757359574,0.8503402542094282
2026-05-14 08:13:15.723654,77.06202783506076,0.35686418421382166,9.07594424569201,94.83960799265272,16.389563609041787,0.8503402542094282
2026-05-14 08:14:15.723654,79.73839554264454,0.4590132529919334,9.630705860580045,95.32913652067788,16.461831314784583,0.8503402542094282
2026-05-14 08:15:15.723654,76.60559797082283,0.4773803277268976,9.374287122793946,92.14241757085227,16.40763852000352,0.8503402542094282
2026-05-14 08:16:15.723654,77.1539629088413,0.40361809958638617,9.654236939097325,94.71029364686937,16.047682424692905,0.8503402542094282
2026-05-14 08:17:15.723654,78.00417400153682,0.47820626892436996,9.699940797948468,98.16374024707422,17.086661544776483,0.8503402542094282
2026-05-14 08:18:15.723654,81.2681708845542,0.3550961911630677,9.780178868118313,93.9073965649833,16.221106556136593,0.8503402542094282
2026-05-14 08:19:15.723654,79.31561542849937,0.47175019541643193,9.70127023992955,92.256662565693,16.86782691470203,0.8503402542094282
2026-05-14 08:20:15.723654,77.70440966328239,0.43532377463407207,9.460015742385146,93.57587766490587,16.879718945425974,0.8503402542094282
2026-05-14 08:21:15.723654,76.89919730780252,0.5217493723997044,9.004694941839936,92.81827480186742,16.68170340287659,0.8503402542094282
2026-05-14 08:22:15.723654,80.14821308030494,0.4194658326572725,9.533803551727823,94.83471033903236,16.381062719176878,0.8503402542094282
2026-05-14 08:23:15.723654,81.76594726330413,0.4664570743974379,9.812868067929976,92.08129672163629,16.45690324570287,0.8503402542094282
2026-05-14 08:24:15.723654,78.3786528499929,0.3742095499013845,9.659070017812015,92.9383186528175,16.824299372830836,0.8503402542094282
2026-05-14 08:25:15.723654,76.83920162164566,0.5104416493279489,9.282120965050666,94.452214842778,16.892527113099753,0.8503402542094282
2026-05-14 08:26:15.723654,77.83830388703409,0.4671130508575053,9.182265683288161,96.91784556674224,16.503672090388598,0.8503402542094282
2026-05-14 08:27:15.723654,77.78676193149656,0.40953053006448603,9.793696543446101,92.84469958467625,16.121918613194328,0.8503402542094282
2026-05-14 08:28:15.723654,78.53651155226684,0.36564151304735937,10.097183935010829,92.88082098594768,16.91240585099592,0.8503402542094282
2026-05-14 08:29:15.723654,79.39852491472986,0.3752629161617594,9.549234349864467,95.58161572699862,16.402466790362563,0.8503402542094282
2026-05-14 08:30:15.723654,81.36581063913637,0.475565388324951,9.826695219025783,93.09429662383113,15.956676234014974,0.8503402542094282
2026-05-14 08:31:15.723654,77.75240953670873,0.4343016657191938,9.714756776687992,89.67046735885623,16.492540857099844,0.8503402542094282
2026-05-14 08:32:15.723654,79.29576319808068,0.4106124058700802,9.938402914333048,94.85717031687886,17.151693411946166,0.8503402542094282
2026-05-14 08:33:15.723654,78.54766370673386,0.47136349331120403,10.041540680986541,96.63699706692245,15.950526661191352,0.8503402542094282
2026-05-14 08:34:15.723654,78.47223259234956,0.40723138341336795,9.697797123151183,95.3863172784062,16.07715112089285,0.8503402542094282
2026-05-14 08:35:15.723654,79.1152617752682,0.32349325207805096,9.983604264368852,92.98886168702374,16.524529427827968,0.8503402542094282
2026-05-14 08:36:15.723654,78.3602853194582,0.48179099743652853,8.699768830209072,93.9803894837253,16.443688079156868,0.8503402542094282
2026-05-14 08:37:15.723654,78.07231197225094,0.5108009459676394,9.284821924971554,95.55720252284846,16.67472385225876,0.8503402542094282
2026-05-14 08:38:15.723654,81.50262325250534,0.3911301644469825,9.331130092891158,96.20574998333193,16.709258112070774,0.8503402542094282
2026-05-14 08:39:15.723654,75.8897100540808,0.39752436796269425,9.666935558782704,95.68913861147031,16.156982131309242,0.8503402542094282
2026-05-14 08:40:15.723654,73.15107276780043,0.4506507779727094,9.184924555645093,89.97893257213231,15.080434495413648,0.8503402542094282
2026-05-14 08:41:15.723654,80.60754646782979,0.4309204912061061,9.48332384841461,96.79165889430266,16.815259799417255,0.8503402542094282
2026-05-14 08:42:15.723654,82.21218483287815,0.3548528450775079,9.540655575442097,90.7801834184811,16.381906291977984,0.8503402542094282
2026-05-14 08:43:15.723654,78.48235303990096,0.4558203005490113,9.564689926970855,95.26042444493696,16.848317524475164,0.8503402542094282
2026-05-14 08:44:15.723654,83.2894421022006,0.40872478592155154,9.26871395242837,94.50577739900994,16.095457444335945,0.8503402542094282
2026-05-14 08:45:15.723654,81.94350628430739,0.41032871673859617,9.381347852266089,93.0709787260749,16.85580616964154,0.8503402542094282
2026-05-14 08:46:15.723654,78.66409078097135,0.39240627767933867,10.050626337915345,92.30127048705363,16.514380494922214,0.8503402542094282
2026-05-14 08:47:15.723654,80.28419705065478,0.3429228631650041,9.695098913050062,91.90339481741623,16.90798884832272,0.8503402542094282
2026-05-14 08:48:15.723654,77.05428272359636,0.4591280702783008,9.8827706825167,95.73648321964274,16.62225578202477,0.8503402542094282
2026-05-14 08:49:15.723654,78.51698286157492,0.3956686398691156,9.992331169873417,92.61461972804184,15.97806442112072,0.8503402542094282
2026-05-14 08:50:15.723654,80.31032261749998,0.384682778526533,9.266001713388448,91.1264016440376,16.25514253817546,0.8503402542094282
2026-05-14 08:51:15.723654,78.81415469964134,0.43664420506889273,9.83641263591813,95.06740601570871,16.40116134812913,0.8503402542094282
2026-05-14 08:52:15.723654,78.58319339467488,0.44999749213161694,9.932791811506856,94.26623856734352,16.262032030800512,0.8503402542094282
2026-05-14 08:53:15.723654,76.99385274526323,0.3522293554652465,9.750901664241342,95.16956721565624,16.78527922045905,0.8503402542094282
2026-05-14 08:54:15.723654,78.72226585473021,0.4948363559804453,9.40578521425284,95.92414864279154,16.477226010410945,0.8503402542094282
2026-05-14 08:55:15.723654,77.76288321807564,0.45411613405174583,9.673911598233483,94.72755568691097,16.53723666893382,0.8503402542094282
2026-05-14 08:56:15.723654,78.90379858400065,0.5439082183293797,9.906297756187136,95.45926395834815,16.552497037007413,0.8503402542094282
2026-05-14 08:57:15.723654,80.99389914862765,0.45038935750543035,9.558882188460496,93.4064815178453,16.456138789074373,0.8503402542094282
2026-05-14 08:58:15.723654,72.6387332756782,0.4350196606507399,9.404477938595177,97.1989501649429,16.506269493311596,0.8503402542094282
2026-05-14 08:59:15.723654,76.60165790836439,0.4219956109794519,9.237184437109534,94.96042499980206,16.642071140075462,0.8503402542094282
2026-05-14 09:00:15.723654,80.89526400965084,0.3849455291011295,9.56122319149673,91.28356657752386,16.847344848868076,0.8503402542094282
2026-05-14 09:01:15.723654,80.01732710831456,0.4492798697372363,9.551506472035367,94.8431559499547,17.298767012060015,0.8503402542094282
2026-05-14 09:02:15.723654,78.4093962333503,0.431421877871362,9.225182872873862,92.27708824518047,16.545504104452373,0.8503402542094282
2026-05-14 09:03:15.723654,81.18745184083814,0.41167557747327915,9.480245803834649,93.19983967936838,16.229219122483556,0.8503402542094282
2026-05-14 09:04:15.723654,79.56952765885195,0.34962673642692554,9.935302635628304,92.6827655721182,16.85754920062479,0.8503402542094282
2026-05-14 09:05:15.723654,76.43958755264657,0.45793162521316866,9.752604144972635,94.78201431238892,15.999383197005821,0.8503402542094282
2026-05-14 09:06:15.723654,79.47868112663048,0.3653368094491383,9.47519178609943,96.07243637028778,16.89494842144109,0.8503402542094282
2026-05-14 09:07:15.723654,79.00995063251519,0.3757492898897157,9.744697076280543,94.05237264377318,15.336439658790507,0.8503402542094282
2026-05-14 09:08:15.723654,80.54484440006735,0.4232779769923732,9.911756137023207,91.82306913069152,14.908245551307719,0.8503402542094282
2026-05-14 09:09:15.723654,79.5377524641247,0.4390678025199564,9.04381927434635,92.05661107664392,17.87420632976567,0.8503402542094282
2026-05-14 09:10:15.723654,78.3683635191267,0.46103756750466857,9.35582281441777,89.8330043706708,16.411468334507767,0.8503402542094282
2026-05-14 09:11:15.723654,78.4483756268621,0.4044957067524392,9.516628511976368,94.5421467116684,16.421538982278815,0.8503402542094282
2026-05-14 09:12:15.723654,76.45157241153959,0.4487988582639547,8.966209236031558,89.91289525380873,16.8661877052565,0.8503402542094282
2026-05-14 09:13:15.723654,79.99362529170503,0.421619850432156,9.132386211201764,92.59778828702898,16.365224084062465,0.8503402542094282
2026-05-14 09:14:15.723654,75.7877968102861,0.3875381857846961,9.746719864081289,96.86822089695556,16.28688008157644,0.8503402542094282
2026-05-14 09:15:15.723654,80.49256145606651,0.3287866151564844,9.748856134962368,92.40571333892217,16.650270266259703,0.8503402542094282
2026-05-14 09:16:15.723654,78.4840799109549,0.4905103191750495,9.28869006812631,95.2688227635008,16.356843726257452,0.8503402542094282
2026-05-14 09:17:15.723654,78.66297379141498,0.4152969240278973,9.297318831280052,93.98541223656379,16.465273346844807,0.8503402542094282
2026-05-14 09:18:15.723654,79.46206524424778,0.4287148759705009,9.790419127511957,95.86062740047187,15.971285796991818,0.8503402542094282
2026-05-14 09:19:15.723654,80.71712974861586,0.36517279733036506,9.727377529069607,95.25308773778286,15.540939012074466,0.8503402542094282
2026-05-14 09:20:15.723654,79.16554324049314,0.40106481301784197,9.323391185247672,96.71531482977514,16.169757887587007,0.8503402542094282
2026-05-14 09:21:15.723654,77.36683088919821,0.42827436568611243,9.75669768651781,93.73031299635687,17.079782730740344,0.8503402542094282
2026-05-14 09:22:15.723654,80.0415360713625,0.31557905269928627,9.392180673576183,92.88992596967373,16.73627793462043,0.8503402542094282
2026-05-14 09:23:15.723654,73.72995063468609,0.5519401041217439,9.710328591096548,94.31136377621252,17.08738131611529,0.8503402542094282
2026-05-14 09:24:15.723654,83.66689285305957,0.4680269509152779,9.835664691569772,94.2749902173059,16.425834581222244,0.8503402542094282
2026-05-14 09:25:15.723654,78.02799385942451,0.38318401910013067,9.344916532718436,91.31249823969117,16.458661732563208,0.8503402542094282
2026-05-14 09:26:15.723654,75.61024959298155,0.4340354448930433,9.540121580215583,94.3074807651505,16.23553167289572,0.8503402542094282
2026-05-14 09:27:15.723654,85.13330548779533,0.49249541369487343,9.177658012602869,94.47934634323093,16.192594386437058,0.8503402542094282
2026-05-14 09:28:15.723654,76.95062529401949,0.35748601512966105,9.680685769856062,92.65084969823798,16.980510469918322,0.8503402542094282
2026-05-14 09:29:15.723654,80.9671491764952,0.49318533794643027,9.295304732806054,94.96434138976115,16.81282456622687,0.8503402542094282
2026-05-14 09:30:15.723654,78.03122839722639,0.385901020816214,10.033876962361077,94.46860191984123,16.814581333261586,0.8503402542094282
2026-05-14 09:31:15.723654,77.33543272377847,0.3635253953597481,9.380185830280652,93.76556739359714,15.964487454497045,0.8503402542094282
2026-05-14 09:32:15.723654,78.95989513013355,0.3400643592824328,9.215006535887323,95.35543266493087,16.798492718044667,0.8503402542094282
2026-05-14 09:33:15.723654,78.19583121666058,0.37360140323201013,9.242799697170483,93.2670736764945,16.818856703728365,0.8503402542094282
2026-05-14 09:34:15.723654,80.83607613012296,0.39966303191175934,9.20497303483285,94.5492974441098,16.084829972592793,0.8503402542094282
2026-05-14 09:35:15.723654,77.94307946971192,0.49075342320770965,9.799155391198015,94.32955879288004,15.860637957349358,0.8503402542094282
2026-05-14 09:36:15.723654,79.40237788237563,0.4776224832252341,9.438330662898625,96.71583834835056,17.142970102664822,0.8503402542094282
2026-05-14 09:37:15.723654,82.30705041172126,0.4397517750124254,9.727238272570089,96.84198474503931,16.720294426440205,0.8503402542094282
2026-05-14 09:38:15.723654,77.9771165318539,0.4020624768594647,9.622587248760407,91.4324873244847,16.424968000223622,0.8503402542094282
2026-05-14 09:39:15.723654,81.17267898389483,0.3149269261275937,10.01136539316664,96.25835860578344,16.26671514999048,0.8503402542094282
2026-05-14 09:40:15.723654,80.06636640317794,0.4246470050311741,9.92001787315989,95.97897645391701,15.796562096314213,0.8503402542094282
2026-05-14 09:41:15.723654,80.15410957436266,0.4142082260036954,9.575870533783716,92.5572663664375,17.370665992466137,0.8503402542094282
2026-05-14 09:42:15.723654,81.05970838723947,0.3875010604872094,9.150637580555216,93.24226490642143,16.71384878095137,0.8503402542094282
2026-05-14 09:43:15.723654,79.45999643532676,0.48714625992426996,9.787996679282541,95.95274821988293,16.660025158210935,0.8503402542094282
2026-05-14 09:44:15.723654,76.20098728701234,0.4147046921285127,9.869047684600885,93.91056431132783,16.74814264221759,0.8503402542094282
2026-05-14 09:45:15.723654,78.34208811694205,0.3729990262587655,9.514017543414452,94.63170505444243,16.168753598174995,0.8503402542094282
2026-05-14 09:46:15.723654,78.50816225772098,0.37751645658655864,9.886794237897513,93.42469865320106,17.22297523046881,0.8503402542094282
2026-05-14 09:47:15.723654,82.03708044851614,0.42043732044977056,9.248486142864081,89.84181441291045,15.760578921392323,0.8503402542094282
2026-05-14 09:48:15.723654,76.231915097637,0.493413100058933,9.58576813879637,94.7928192165611,15.386386953438155,0.8503402542094282
2026-05-14 09:49:15.723654,76.5836518889998,0.4688436075081721,9.637052996343062,93.71919961100593,16.77901863720578,0.8503402542094282
2026-05-14 09:50:15.723654,82.25118035970594,0.4134374955090052,9.571831703425707,94.39880400583974,17.692652275542713,0.8503402542094282
2026-05-14 09:51:15.723654,74.78087221859627,0.45865076942529814,9.516580088000566,95.14715362074548,16.167911180908355,0.8503402542094282
2026-05-14 09:52:15.723654,78.88165468571742,0.4600601476591325,10.484893822941437,95.62968254718128,16.072564658890464,0.8503402542094282
2026-05-14 09:53:15.723654,94.05632843336758,0.7999254895161324,8.216114658340345,82.7372544183218,19.517055840479706,0.5849358700431166
2026-05-14 09:54:15.723654,92.35538355925941,0.8750203274878547,8.90114005645465,81.92896815778259,19.07987648089991,0.5849358700431166
2026-05-14 09:55:15.723654,98.10049141269506,0.8592735856106184,8.757442706598793,82.9220681678027,19.188945834794662,0.5849358700431166
2026-05-14 09:56:15.723654,93.88032068152839,0.7173587196493744,9.367460983289769,83.70808480012347,19.3497149321301,0.5849358700431166
2026-05-14 09:57:15.723654,94.78803229765917,0.7858403548990956,8.699030265844717,80.19864527733606,20.289184548595486,0.5849358700431166
2026-05-14 09:58:15.723654,92.4348238005682,0.7709978807429662,8.62272984881343,85.97358625142942,19.15789579920016,0.5849358700431166
2026-05-14 09:59:15.723654,92.43157620535207,0.885313112973192,8.974107798164994,84.47430471615758,19.508508420154254,0.5849358700431166
2026-05-14 10:00:15.723654,99.6925715985779,0.9318509396871307,8.54879300722836,86.64520478734697,19.34222539444828,0.5849358700431166
2026-05-14 10:01:15.723654,95.90203942968849,0.7379826533531586,8.70369188051289,81.77178762105154,19.564670707015487,0.5849358700431166
2026-05-14 10:02:15.723654,97.04600879821861,0.7188718773845095,8.748197150928068,85.64115781131318,19.05730181841211,0.5849358700431166
2026-05-14 10:03:15.723654,96.36197508741772,0.8401544683166793,8.857305679715138,82.85480484558808,18.542350897500977,0.5849358700431166
2026-05-14 10:04:15.723654,92.66078750256294,0.858063820658091,8.760645086785015,83.12041031251022,18.938696278407654,0.5849358700431166
2026-05-14 10:05:15.723654,94.2934701064515,0.874941784659732,8.654234385568941,80.71530537512153,19.52246718733892,0.5849358700431166
2026-05-14 10:06:15.723654,94.49409446968356,0.824165988211964,9.237081102049203,83.35631368702366,19.295233136128196,0.5849358700431166
2026-05-14 10:07:15.723654,92.54600081481634,0.8116127223177771,8.93766542369193,80.28668733404218,19.251063846126687,0.5849358700431166
2026-05-14 10:08:15.723654,95.1054299427026,0.8246605677146971,9.065955279726822,84.06631183142171,19.889677248747056,0.5849358700431166
2026-05-14 10:09:15.723654,92.91666876622492,0.8293924232962425,8.780147646046334,81.2589258142145,19.628788800614505,0.5849358700431166
2026-05-14 10:10:15.723654,99.55319440911863,0.8217458912111335,8.906313936611479,83.56647175335533,18.793848964615243,0.5849358700431166
2026-05-14 10:11:15.723654,91.26232724180896,0.7873075207805569,8.33722009584383,86.8056389578429,19.093086452607213,0.5849358700431166
2026-05-14 10:12:15.723654,94.21200913931865,0.8670538861747153,8.418282279272583,81.86370672571556,19.184677434193144,0.5849358700431166
2026-05-14 10:13:15.723654,96.96138578025996,0.8476804471937645,8.829305152884114,83.5536702721967,19.35075922733222,0.5849358700431166
2026-05-14 10:14:15.723654,95.30715360767151,0.7710975811964783,8.768631376619295,81.25005748388917,19.191182571019244,0.5849358700431166
2026-05-14 10:15:15.723654,93.9425519144365,0.9495652760744682,8.742839295003836,80.5889556692015,19.08355119423037,0.5849358700431166
2026-05-14 10:16:15.723654,95.94256528868877,0.9062643922429513,8.577971890147733,80.2325788536774,19.559059805284324,0.5849358700431166
2026-05-14 10:17:15.723654,92.14265038561369,0.8007884228599509,8.677521464476051,83.25816789512446,19.495223528106,0.5849358700431166
2026-05-14 10:18:15.723654,93.53657923284021,0.808909732326987,8.750526504244533,83.69663071676224,19.199554886922794,0.5849358700431166
2026-05-14 10:19:15.723654,95.77585934785816,0.864788170417412,8.87259784482464,84.30460584874311,18.359529716195592,0.5849358700431166
2026-05-14 10:20:15.723654,95.00430319574436,0.8465715723354055,8.973489968500484,82.01273325325708,18.82112166212451,0.5849358700431166
2026-05-14 10:21:15.723654,93.7556464468458,0.8494168899298923,9.064971926606612,82.58251458714147,19.604622456382355,0.5849358700431166
2026-05-14 10:22:15.723654,95.15080741574218,0.8163819060772033,8.691392341183958,84.89065753092899,19.313430207962366,0.5849358700431166
2026-05-14 10:23:15.723654,99.45549865270827,0.7799849627854589,8.910238120738342,82.33903278210164,18.715997806074512,0.5849358700431166
2026-05-14 10:24:15.723654,94.88211352334305,0.8294638189056769,9.630259676647377,83.02914317035827,18.58555193482649,0.5849358700431166
2026-05-14 10:25:15.723654,95.44986923240177,0.7188641930580066,8.727220575348069,83.42948536631499,19.54794149104144,0.5849358700431166
2026-05-14 10:26:15.723654,96.85109229626869,0.7974177139899392,8.70962340574037,81.86519314050332,18.586610022164987,0.5849358700431166
2026-05-14 10:27:15.723654,95.52363735617426,0.7589169175054952,8.63041953995779,81.40708688192619,19.425482892713962,0.5849358700431166
2026-05-14 10:28:15.723654,98.50670799594597,0.7575167957951585,8.198902065260079,83.14766103102454,19.15849019754771,0.5849358700431166
2026-05-14 10:29:15.723654,95.34116641092758,0.8002801691736079,8.69461582048172,84.13245562280588,19.670856745891253,0.5849358700431166
2026-05-14 10:30:15.723654,90.99375025677642,0.804149222983752,8.818950248311669,81.5614825925032,20.016226115452483,0.5849358700431166
2026-05-14 10:31:15.723654,93.63302803695552,0.8205315605849609,8.921614239182036,82.21486522412089,18.227354775666623,0.5849358700431166
2026-05-14 10:32:15.723654,94.04653874357993,0.8740682227316772,8.653739072093808,81.70456619880672,19.613477404320193,0.5849358700431166
2026-05-14 10:33:15.723654,94.24229800536689,0.7970881542528142,8.799644437028341,84.93893522096225,20.341498065435104,0.5849358700431166
2026-05-14 10:34:15.723654,96.55832001272783,0.8805881932547424,8.603017750432993,81.34569858978571,19.181806974378393,0.5849358700431166
2026-05-14 10:35:15.723654,95.11818762793219,0.7686705578670953,8.702219251158146,84.19607000516294,19.33083799707787,0.5849358700431166
2026-05-14 10:36:15.723654,95.91242350418153,0.8371444314421972,8.602705012348332,82.36963354842699,18.551165600571895,0.5849358700431166
2026-05-14 10:37:15.723654,98.47339787578318,0.8232687131662898,8.687351693390895,81.53985063881976,20.61847025073272,0.5849358700431166
2026-05-14 10:38:15.723654,92.7571917329672,0.8011537986550215,8.879558661015167,84.59786073321322,19.629607327176675,0.5849358700431166
2026-05-14 10:39:15.723654,98.51906481295151,0.8479040777083607,8.437998370139349,82.88354455148111,19.304557485825775,0.5849358700431166
2026-05-14 10:40:15.723654,99.04029988042464,0.7527059210141103,9.115580561696918,83.7572635408175,19.56955656718357,0.5849358700431166
2026-05-14 10:41:15.723654,94.69985836414114,0.7804745634290088,8.980069443949748,84.70629685593592,19.636669782438695,0.5849358700431166
2026-05-14 10:42:15.723654,94.87723852665572,0.7926050937693326,8.287171511622196,85.03618133800349,19.362586040790823,0.5849358700431166
2026-05-14 10:43:15.723654,92.97228253168508,0.7956675112704938,8.614779966543917,80.43146593775984,18.741800101266264,0.5849358700431166
2026-05-14 10:44:15.723654,92.63618708380028,0.8019722443409283,8.53319836063048,80.14342495999118,20.161936414853574,0.5849358700431166
2026-05-14 10:45:15.723654,97.40892925947145,0.7836452238593258,8.836534029125433,84.23236498136725,19.74618422695557,0.5849358700431166
2026-05-14 10:46:15.723654,93.26663774409283,0.8772015341344463,8.590436018867269,80.72570999338744,19.51270957922608,0.5849358700431166
2026-05-14 10:47:15.723654,97.48536464565785,0.9519916436118594,8.394890030602285,84.79527417188625,18.945740677672067,0.5849358700431166
2026-05-14 10:48:15.723654,96.47056521846106,0.7490717173737625,8.37597667741978,81.8456851553917,19.190123322402876,0.5849358700431166
2026-05-14 10:49:15.723654,93.62168526433628,0.855548912130996,9.062875995606724,84.59658988421538,19.960035119399265,0.5849358700431166
2026-05-14 10:50:15.723654,95.73550105632368,0.7617513594183167,9.163820564190852,82.18712233051268,19.605850549411617,0.5849358700431166
2026-05-14 10:51:15.723654,98.05131623052321,0.8454305954718451,8.305959966179955,81.56101046870509,19.8120135330114,0.5849358700431166
2026-05-14 10:52:15.723654,94.56560242612736,0.8265748716824334,8.982454934978431,84.79008052588532,19.29004120576156,0.5849358700431166
2026-05-14 10:53:15.723654,94.48651105497206,0.8069627726487072,9.012177257716752,84.50457386386026,19.021991299259938,0.5849358700431166
2026-05-14 10:54:15.723654,97.06807242339927,0.8161444891788359,8.499308957829031,81.87949340391798,18.661270881413948,0.5849358700431166
2026-05-14 10:55:15.723654,94.35902776420562,0.8842824088521347,8.513279055820197,83.77438632376088,18.822296626755126,0.5849358700431166
2026-05-14 10:56:15.723654,94.38322971487011,0.7470941343360624,8.688646141382389,83.01002404211475,19.42078527158668,0.5849358700431166
2026-05-14 10:57:15.723654,95.35040962392374,0.7626765886877228,9.080067083342412,83.81804088216866,19.249838058157575,0.5849358700431166
2026-05-14 10:58:15.723654,94.88548309064272,0.7967083225742141,8.820148312053966,84.34861167358184,18.277193453896054,0.5849358700431166
2026-05-14 10:59:15.723654,93.8263261227208,0.8098488464151457,8.831658791837633,85.78405681357893,18.76477089227044,0.5849358700431166
2026-05-14 11:00:15.723654,93.9079241037773,0.7969694894029976,8.514349333097988,82.70306181150015,19.536042409562818,0.5849358700431166
2026-05-14 11:01:15.723654,92.7961768066843,0.8439869146929703,8.244236941123848,82.27475880884026,18.98589664945984,0.5849358700431166
2026-05-14 11:02:15.723654,98.25356714324113,0.8088560796976907,8.094434568094075,79.39965698800218,19.167656092742174,0.5849358700431166
2026-05-14 11:03:15.723654,96.13138950899281,0.8413689878166878,8.805078641869647,85.721953996736,18.880845689200267,0.5849358700431166
2026-05-14 11:04:15.723654,96.69366890946664,0.7409954506840042,8.48332326024793,79.78335201186104,19.013218649233934,0.5849358700431166
2026-05-14 11:05:15.723654,94.81132536288031,0.8283012695466511,8.77337261599549,81.54232814010122,19.055520877362223,0.5849358700431166
2026-05-14 11:06:15.723654,91.9089544602015,0.8907576436919377,8.663719788259948,82.41966256363729,19.945111463790873,0.5849358700431166
2026-05-14 11:07:15.723654,92.41935473031454,0.7663168392337266,8.42594151266878,83.2616920383257,19.366457114387632,0.5849358700431166
2026-05-14 11:08:15.723654,96.38319873364865,0.9511959608100735,8.07997787386912,84.6149059799735,18.872076013282715,0.5849358700431166
2026-05-14 11:09:15.723654,93.73101749963544,0.7916075885226312,8.482176708886957,86.76648447093157,19.571789963075783,0.5849358700431166
2026-05-14 11:10:15.723654,94.95023975452774,0.8901469825596751,8.301048920539687,80.73602453906283,18.06165743347149,0.5849358700431166
2026-05-14 11:11:15.723654,93.50501871716642,0.8306811212705627,8.78566518350905,83.69611862384443,18.44511288403579,0.5849358700431166
2026-05-14 11:12:15.723654,96.51015728264103,0.834577570847275,8.974723894569149,79.61191044654457,19.306386728967727,0.5849358700431166
2026-05-14 11:13:15.723654,92.52831731757794,0.802730032307757,8.915117079720265,83.57962201423649,18.724871309679173,0.5849358700431166
2026-05-14 11:14:15.723654,94.91639410978183,0.7460194291731429,9.099887828898838,82.98686676273216,19.709916271696496,0.5849358700431166
2026-05-14 11:15:15.723654,93.8507844232209,0.7964173955149959,8.525551574137996,85.14978266511082,18.795925720904595,0.5849358700431166
2026-05-14 11:16:15.723654,96.19303866224335,0.8034735750518606,8.162018620161863,82.25680666615173,18.561087192387408,0.5849358700431166
2026-05-14 11:17:15.723654,94.97165324477767,0.7630758081516006,9.032600140343733,83.21528308101861,19.061843302189462,0.5849358700431166
2026-05-14 11:18:15.723654,96.21563207298816,0.8707915416391182,8.748777984598453,81.85503420262609,18.26365649151277,0.5849358700431166
2026-05-14 11:19:15.723654,93.53174828334264,0.791735582602927,8.786924846027038,82.70714103944862,19.494607785594546,0.5849358700431166
2026-05-14 11:20:15.723654,93.67788125487161,0.819744136592678,9.110003843088416,84.08108522963461,19.12062252872455,0.5849358700431166
2026-05-14 11:21:15.723654,93.69995891354264,0.7909346250995762,8.499623634243765,82.31542107015888,19.52847421894099,0.5849358700431166
2026-05-14 11:22:15.723654,94.46007125482845,0.7551075414662636,9.285258398047285,84.037365184015,18.447169599312247,0.5849358700431166
2026-05-14 11:23:15.723654,94.02014994293134,0.8281405140767459,9.266185238118563,81.18120988520693,19.638661659246807,0.5849358700431166
2026-05-14 11:24:15.723654,97.70282065135768,0.7911634796815966,8.67155352447128,81.32481630697713,19.04891072902868,0.5849358700431166
2026-05-14 11:25:15.723654,94.83066784872713,0.8555786948394436,9.081862651435483,81.90124267248137,18.166978767455834,0.5849358700431166
2026-05-14 11:26:15.723654,94.8613582388605,0.8372730714337572,8.829632916434862,82.74408830670659,19.2130173494008,0.5849358700431166
2026-05-14 11:27:15.723654,97.93473741411749,0.8416829033834505,8.642797082628423,82.39703916753268,19.065715120729966,0.5849358700431166
2026-05-14 11:28:15.723654,98.17732772107428,0.8134311594590152,8.748869306773138,82.43280765985206,19.700132978289815,0.5849358700431166
2026-05-14 11:29:15.723654,98.82352230690235,0.8451268474068945,8.779639481264978,83.47100046807314,17.95848790517596,0.5849358700431166
2026-05-14 11:30:15.723654,96.39414952598263,0.8293045157351173,8.883310225327566,81.97451041355725,18.958412860080287,0.5849358700431166
2026-05-14 11:31:15.723654,94.08179792440664,0.873677344138977,8.64117965914842,87.56275544594426,19.36607250907635,0.5849358700431166
2026-05-14 11:32:15.723654,92.35248247742153,0.8161688802727273,8.559305073482424,79.00866986208462,19.950376769625727,0.5849358700431166
2026-05-14 11:33:15.723654,96.31013288185301,0.8492565608302908,8.80442870821926,80.63339966433979,18.908832729791115,0.5849358700431166
2026-05-14 11:34:15.723654,96.58740934698102,0.7700351934462,7.995276815254105,82.94322278616282,19.079762522555065,0.5849358700431166
2026-05-14 11:35:15.723654,95.17497463024242,0.8590221271110519,8.946089353798712,83.91497441221252,19.748406993612186,0.5849358700431166
2026-05-14 11:36:15.723654,91.86590823578636,0.8478252856591946,8.942769119130432,80.9183102295642,18.39920599522764,0.5849358700431166
2026-05-14 11:37:15.723654,93.41196354446178,0.7895191228095605,8.980833449180079,82.16835723434248,18.72246704042823,0.5849358700431166
2026-05-14 11:38:15.723654,93.68058032402388,0.8785278116430357,8.758720622442436,83.03893275101085,19.095638550218307,0.5849358700431166
2026-05-14 11:39:15.723654,97.48796846606604,0.785137608605163,9.14946009741138,83.81842739956768,19.07043160858116,0.5849358700431166
2026-05-14 11:40:15.723654,99.90564879328156,0.7698142204453953,8.648701882259248,80.93257232339667,19.626872284836917,0.5849358700431166
2026-05-14 11:41:15.723654,98.28222566471635,0.9060923340055571,9.121992236073151,83.00219386613274,18.96802081082391,0.5849358700431166
2026-05-14 11:42:15.723654,91.56150825242486,0.9243898716944148,8.89550103357389,82.4135209919857,19.814669744062314,0.5849358700431166
2026-05-14 11:43:15.723654,92.95831876389299,0.8429272966464588,8.703018869842099,84.67478908148527,19.11885452997577,0.5849358700431166
2026-05-14 11:44:15.723654,92.00199201519054,0.826375013568827,9.069466852691958,83.3390019900167,19.538198860363376,0.5849358700431166
2026-05-14 11:45:15.723654,92.81278882606489,0.8212831552718325,8.567454473602776,84.8913964819341,19.16638708069983,0.5849358700431166
2026-05-14 11:46:15.723654,96.28399515008621,0.8769817162432184,8.962293182665766,83.94367167031196,18.651535170313128,0.5849358700431166
2026-05-14 11:47:15.723654,94.89827557607919,0.7959416748345335,8.651588423118081,82.64836650022417,18.66067851217771,0.5849358700431166
2026-05-14 11:48:15.723654,90.98917061914501,0.7891890425189367,8.812821445706597,80.70108071086969,19.158482417804645,0.5849358700431166
2026-05-14 11:49:15.723654,98.70438464603492,0.8737490226979371,9.247870062865507,84.17969055559013,19.734396211062055,0.5849358700431166
2026-05-14 11:50:15.723654,93.45591833647742,0.7903791815842259,7.933065548288107,85.76972574980927,19.920803289478776,0.5849358700431166
2026-05-14 11:51:15.723654,93.79749330671845,0.8098986096154633,8.52864897602206,84.16274190467965,19.71310757222045,0.5849358700431166
2026-05-14 11:52:15.723654,91.41830384965091,0.8430681214674377,8.671806078613606,83.62422358565804,19.380138300405978,0.5849358700431166
2026-05-14 11:53:15.723654,94.52744291986735,0.817416852265036,8.690645059862957,85.33806720530123,19.36002127963258,0.5849358700431166
2026-05-14 11:54:15.723654,95.34501487288772,0.7590486088807109,8.641233687165403,85.19477312240302,19.169489586130794,0.5849358700431166
2026-05-14 11:55:15.723654,96.22291073659127,0.9109217849517068,9.066389430891995,83.58375147712415,18.895146714470968,0.5849358700431166
2026-05-14 11:56:15.723654,89.79674860530119,0.8141769488116825,8.657003861384295,84.17816719051542,19.07368868608149,0.5849358700431166
2026-05-14 11:57:15.723654,94.2630776785394,0.733626248409964,8.472817261384328,84.35073688332578,20.00859511513518,0.5849358700431166
2026-05-14 11:58:15.723654,94.70879702992174,0.8389867486140312,9.040551057215191,81.77564692932417,19.334048321211554,0.5849358700431166
2026-05-14 11:59:15.723654,93.42286758474867,0.8658374168598757,8.80022852451487,83.99433842968755,18.759342000859537,0.5849358700431166
2026-05-14 12:00:15.723654,96.31791251663456,0.9268318409968759,8.452434101500888,82.71791678642963,19.26644503665288,0.5849358700431166
2026-05-14 12:01:15.723654,96.47666022140463,0.7946188806708516,7.904898523086527,86.11581379005273,19.530894359360904,0.5849358700431166
2026-05-14 12:02:15.723654,91.41795273643966,0.7922177553463473,9.225262338987546,86.29302763864041,19.619961310908305,0.5849358700431166
2026-05-14 12:03:15.723654,94.55162292949326,0.8267455658759506,8.715529868591512,85.65391436826235,18.712720096321277,0.5849358700431166
2026-05-14 12:04:15.723654,93.29224848764458,0.8731099242771259,8.74149917347588,86.15436951263229,18.81488519607856,0.5849358700431166
2026-05-14 12:05:15.723654,94.79429107673535,0.7764755456931274,8.75701641455642,80.44034092772708,18.90682458909135,0.5849358700431166
2026-05-14 12:06:15.723654,92.03134006755676,0.857292356594888,8.969784412057244,79.93690934075597,19.81758417231912,0.5849358700431166
2026-05-14 12:07:15.723654,99.8986780502527,0.8248965142721422,8.562473332061955,89.04609598373077,18.491157050417577,0.5849358700431166
2026-05-14 12:08:15.723654,94.9440607311512,0.8315773085669212,9.158351896265074,84.11691275197825,18.901324351674607,0.5849358700431166
2026-05-14 12:09:15.723654,93.00147905663708,0.8055051039230183,8.452729401845806,83.49308544129404,18.868543209638588,0.5849358700431166
2026-05-14 12:10:15.723654,91.9157722108335,0.8853534843540702,8.605505853100638,80.86116119177404,19.06651173232506,0.5849358700431166
2026-05-14 12:11:15.723654,95.04059092934831,0.7352728586563734,8.854301910267077,81.30311966434414,20.006155704164225,0.5849358700431166
2026-05-14 12:12:15.723654,95.95176882156646,0.8026011954298593,8.531257279034143,83.18749938659742,19.457036670360477,0.5849358700431166
2026-05-14 12:13:15.723654,94.85285954024259,0.8117382545784823,8.772318697374718,82.18971693925076,18.979038336147312,0.5849358700431166
2026-05-14 12:14:15.723654,90.73226291960299,0.8712825064779435,8.844446944225878,81.85052311365781,20.100008790246452,0.5849358700431166
2026-05-14 12:15:15.723654,95.07788075819776,0.7707890163365653,9.011828836570487,84.19353123474319,19.347931292310943,0.5849358700431166
2026-05-14 12:16:15.723654,94.05233658810981,0.8451209811242268,8.676280123063021,84.50931770501636,18.198169072563513,0.5849358700431166
2026-05-14 12:17:15.723654,94.03610087145462,0.9087039498257349,8.52468737350926,82.1897582067383,18.926660630343843,0.5849358700431166
2026-05-14 12:18:15.723654,92.4742355256357,0.7121821561239124,8.685631690572265,83.66915364988799,19.124388765299507,0.5849358700431166
2026-05-14 12:19:15.723654,94.61409067351723,0.8247482384778445,9.061660051594579,83.01654242986623,18.8636000110252,0.5849358700431166
2026-05-14 12:20:15.723654,94.34159682763682,0.8515635329231639,9.178415673692324,82.14114732338632,19.200108193083274,0.5849358700431166
2026-05-14 12:21:15.723654,95.58056268128492,0.7729672945988839,8.760932760293224,80.46608708704048,18.266116147699133,0.5849358700431166
2026-05-14 12:22:15.723654,95.63734061319751,0.803402457868786,8.815491732415715,83.36164484770796,18.662441275236933,0.5849358700431166
2026-05-14 12:23:15.723654,94.81333919348432,0.7609411296845824,9.172099317529769,80.68549411200475,19.052748664084543,0.5849358700431166
2026-05-14 12:24:15.723654,92.8193046213185,0.8511172536033649,8.655378198744899,82.36010136248225,19.57724207209461,0.5849358700431166
2026-05-14 12:25:15.723654,94.9627089807681,0.8484284172321235,8.46040982917411,80.58780091386966,19.2042452805889,0.5849358700431166
2026-05-14 12:26:15.723654,94.26615508642352,0.8539179285580223,8.730835074330585,83.80758548019394,18.33895003459821,0.5849358700431166
2026-05-14 12:27:15.723654,98.68072167664151,0.8143840956837235,8.96408370123111,81.72525146128542,19.304646250677504,0.5849358700431166
2026-05-14 12:28:15.723654,92.2981582703635,0.8451995868483086,8.648015384813599,83.4558158095958,19.49962831463388,0.5849358700431166
2026-05-14 12:29:15.723654,92.43876717497243,0.7883716084046852,8.89200489445538,87.59387775081817,19.08160013223809,0.5849358700431166
2026-05-14 12:30:15.723654,96.08612003326085,0.817247621442401,9.337481288556239,79.90299146779417,19.197951821903512,0.5849358700431166
2026-05-14 12:31:15.723654,91.65275973028888,0.6972676164084892,8.844046226064695,83.67643039401959,19.008222830697733,0.5849358700431166
2026-05-14 12:32:15.723654,94.69145961733349,0.977511166638888,8.677355068719919,84.41768352422483,18.825958889761893,0.5849358700431166
2026-05-14 12:33:15.723654,95.4943129474942,0.8106845111825443,8.63165206531043,87.03523186612532,19.739233781161,0.5849358700431166
2026-05-14 12:34:15.723654,95.17734109221145,0.7073855981381267,8.64650484315358,88.80348993053484,19.03531046624898,0.5849358700431166
2026-05-14 12:35:15.723654,97.11028294152031,0.8946933150329551,8.820496784886142,81.71379153798837,17.932985133677388,0.5849358700431166
2026-05-14 12:36:15.723654,96.27217421463091,0.7818583947941476,8.807652745695657,80.89779412254595,19.01802252933373,0.5849358700431166
2026-05-14 12:37:15.723654,94.9712859072151,0.83602587398754,8.420360953923625,85.79125669924737,18.852193907202846,0.5849358700431166
2026-05-14 12:38:15.723654,91.5549088765065,0.8171450239371519,8.765120202837288,83.71861366806819,19.831707501411373,0.5849358700431166
2026-05-14 12:39:15.723654,94.43095012394127,0.8166152137168865,8.42385229575942,85.03854180750047,19.242795831607882,0.5849358700431166
2026-05-14 12:40:15.723654,94.06379234282467,0.7273624602620519,9.188131268645876,80.94207487281255,18.85500229488398,0.5849358700431166
2026-05-14 12:41:15.723654,95.620536819565,0.7627682985044908,8.306754676653407,79.14953963632334,19.51113977602165,0.5849358700431166
2026-05-14 12:42:15.723654,93.81347530796035,0.9689596995589916,8.456501090440087,81.55453275486683,18.86794481442613,0.5849358700431166
2026-05-14 12:43:15.723654,95.39011710768997,0.7990860279960595,8.938507274330103,81.44025802174737,18.45984544033704,0.5849358700431166
2026-05-14 12:44:15.723654,91.30741831859478,0.7114174865384653,8.599386904286833,82.79547417693823,18.834922785827242,0.5849358700431166
2026-05-14 12:45:15.723654,97.39065939178732,0.8839977054157319,8.654366713895998,79.80959257534074,18.867288745541305,0.5849358700431166
2026-05-14 12:46:15.723654,93.70420500957887,0.7897394468214222,8.545491938959875,82.09050901027506,18.95737049161995,0.5849358700431166
2026-05-14 12:47:15.723654,93.63276559978188,0.8330123203666047,8.862918224900808,81.5761446273597,19.78617396257235,0.5849358700431166
2026-05-14 12:48:15.723654,92.94372319373177,0.7417061642445583,8.869041031538865,81.76261853289598,19.311287034947526,0.5849358700431166
2026-05-14 12:49:15.723654,90.09651059521194,0.8922189920094785,8.95649563254147,80.39648170339866,18.41125273764569,0.5849358700431166
2026-05-14 12:50:15.723654,98.24837960560805,0.7857271997604272,8.504552155509563,78.86533061342611,18.975252196768054,0.5849358700431166
2026-05-14 12:51:15.723654,94.44840856774148,0.8583708497737994,8.335084081674006,80.35686121724345,19.37612261695707,0.5849358700431166
2026-05-14 12:52:15.723654,96.91730793986713,0.7440385773794309,9.079261836019272,83.47251848469831,19.696543969106155,0.5849358700431166
2026-05-14 12:53:15.723654,94.76340707437777,0.6964822990609276,8.709217395434537,85.51772243906721,18.703768290026975,0.5849358700431166
2026-05-14 12:54:15.723654,94.12791785959809,0.8137895197577761,7.8849534461688044,86.74012995259963,18.699953459620247,0.5849358700431166
2026-05-14 12:55:15.723654,95.91531866235859,0.8182611381279147,9.132093327037158,84.20954704658084,19.033179163808345,0.5849358700431166
2026-05-14 12:56:15.723654,93.11681761237443,0.862488730004432,8.192775218942964,84.68921564227645,18.601118923791397,0.5849358700431166
2026-05-14 12:57:15.723654,97.40841512132627,0.8306611720684599,8.948044740484383,83.56141242937412,18.274452751998332,0.5849358700431166
2026-05-14 12:58:15.723654,93.18238947062231,0.8562156618158943,8.804804355337302,85.75941461233602,19.35227858108742,0.5849358700431166
2026-05-14 12:59:15.723654,92.97044401600768,0.7827929880492934,8.78568282728632,78.76934666972446,19.987362242380325,0.5849358700431166
2026-05-14 13:00:15.723654,95.78734127016811,0.8839479247877687,8.280626427886599,85.88656512243519,20.266390755082707,0.5849358700431166
2026-05-14 13:01:15.723654,92.26209108665836,0.8611662846805135,8.755140593535538,80.30856710522818,19.397083285494766,0.5849358700431166
2026-05-14 13:02:15.723654,96.57105420708768,0.7925398673018828,9.104582566205917,80.06390798814627,18.40326322634401,0.5849358700431166
2026-05-14 13:03:15.723654,95.1770425885905,0.8238654588339387,8.539835563602118,85.01662367366845,19.416088456676807,0.5849358700431166
2026-05-14 13:04:15.723654,96.62012593928102,0.8164393731677118,8.935581690522852,82.50613419566469,20.17755064461213,0.5849358700431166
2026-05-14 13:05:15.723654,93.27875625716902,0.9278610664082407,8.765273994256171,80.64641302258718,19.834680974813132,0.5849358700431166
2026-05-14 13:06:15.723654,95.15565057420291,0.865152399854337,9.121964385692127,84.07334591001472,18.854520877162425,0.5849358700431166
2026-05-14 13:07:15.723654,96.8552745527515,0.8226339703080549,8.960564955711876,79.08997365414174,19.37413215807376,0.5849358700431166
2026-05-14 13:08:15.723654,93.62667614712294,0.9052616767942516,8.941733814496077,83.87715029342327,19.39379629624394,0.5849358700431166
2026-05-14 13:09:15.723654,92.90696609165956,0.9037590294617278,9.352218735654422,84.18326182282111,19.945843083855653,0.5849358700431166
2026-05-14 13:10:15.723654,93.76555140006792,0.7827405166240761,8.767085034748026,84.26731687846046,18.953647958947272,0.5849358700431166
2026-05-14 13:11:15.723654,95.97938417814996,0.8379156690389958,8.455315577542033,84.43502083662811,19.58240542082959,0.5849358700431166
2026-05-14 13:12:15.723654,95.24678643259378,0.8802286000984098,8.389586472080264,84.33333564598837,18.565500946370445,0.5849358700431166
2026-05-14 13:13:15.723654,92.67568508094682,0.7910496532484356,8.472189555057076,82.3014431642424,19.043566144213237,0.5849358700431166
2026-05-14 13:14:15.723654,96.57815677007576,0.80653824300004,8.279119898098472,85.67757049471498,18.73209623276131,0.5849358700431166
2026-05-14 13:15:15.723654,94.78640694320373,0.8449230202823607,8.814690735650185,85.58579389676763,19.390142871265212,0.5849358700431166
2026-05-14 13:16:15.723654,93.18122863801878,0.9315243036349082,8.813107649130819,83.10275434848165,19.632604011096618,0.5849358700431166
2026-05-14 13:17:15.723654,95.40274968927314,0.8425576045822915,9.502462809709556,82.84719194521458,18.991760852560134,0.5849358700431166
2026-05-14 13:18:15.723654,95.13700482143793,0.876171991714377,8.30284740107223,79.46632301877166,18.85708366425876,0.5849358700431166
2026-05-14 13:19:15.723654,91.63600187929441,0.8013546275590432,8.905557518968136,81.61593707462015,18.43722801117816,0.5849358700431166
2026-05-14 13:20:15.723654,95.04252212084369,0.8657233691660836,8.246315578574366,85.03789959833664,19.559294401437995,0.5849358700431166
2026-05-14 13:21:15.723654,96.81201800172624,0.8835202056789094,9.415411787527233,82.68525070448656,19.20542708960776,0.5849358700431166
2026-05-14 13:22:15.723654,94.07097093091694,0.8226950371731157,9.214669616820244,80.70740583386333,18.720116463486043,0.5849358700431166
2026-05-14 13:23:15.723654,97.65820967042211,0.8735980202804295,8.645868116084225,85.10623880396611,19.32124922081485,0.5849358700431166
2026-05-14 13:24:15.723654,97.90439701541497,0.8263216746266637,9.062497244291125,88.68145862270991,19.449690877092564,0.5849358700431166
2026-05-14 13:25:15.723654,95.00250412900267,0.8587185441963741,8.645223352668184,88.17337021277413,19.240676818416823,0.5849358700431166
2026-05-14 13:26:15.723654,94.35798115696197,0.7808117446843232,9.08397366761128,85.13180962738015,18.901964113861787,0.5849358700431166
2026-05-14 13:27:15.723654,96.05675048765784,0.7471683965246823,8.810298782651296,84.30294750587807,20.004306204348445,0.5849358700431166
2026-05-14 13:28:15.723654,93.36221019195561,0.7586785634952089,8.486179221851836,80.72429780109483,19.818969978448322,0.5849358700431166
2026-05-14 13:29:15.723654,98.00112638746107,0.8386070238327665,9.121196093834893,83.66535156288514,19.103085475718448,0.5849358700431166
2026-05-14 13:30:15.723654,94.23777255930547,0.8070766453664469,8.29046714323664,83.92594432893935,19.13047434446181,0.5849358700431166
2026-05-14 13:31:15.723654,96.39456924556875,0.8272723697572556,8.705996499658621,81.65504874170941,19.186717917979713,0.5849358700431166
2026-05-14 13:32:15.723654,96.38032225904531,0.7654292453811321,8.781049736233571,83.86352070478364,18.7916089077597,0.5849358700431166
2026-05-14 13:33:15.723654,93.72813518759699,0.8341267373736359,8.414781304641563,84.09728223222345,18.70296411273923,0.5849358700431166
2026-05-14 13:34:15.723654,97.02955518347943,0.9394875822047402,8.496580569618803,84.46585052647401,18.787270347127823,0.5849358700431166
2026-05-14 13:35:15.723654,96.98575614500857,0.7593332744810644,8.898983637657663,81.65145686794597,19.047149005019648,0.5849358700431166
2026-05-14 13:36:15.723654,92.84179724711838,0.8637137184801128,8.503713503797472,84.50136332038832,18.978592285437667,0.5849358700431166
2026-05-14 13:37:15.723654,94.67490305381527,0.8299839903053315,8.526260208631694,83.81816902880645,19.915808581746038,0.5849358700431166
2026-05-14 13:38:15.723654,93.34765822574757,0.8811867020990174,9.204236900175685,81.76512482366859,18.423113997023556,0.5849358700431166
2026-05-14 13:39:15.723654,95.50776959775652,0.7952258187969814,9.31538857587825,83.46704988272434,18.749541595551243,0.5849358700431166
2026-05-14 13:40:15.723654,92.60952877538958,0.8770914428898666,8.583452417904093,83.48509240064553,19.62854267212507,0.5849358700431166
2026-05-14 13:41:15.723654,93.93533109355133,0.8202997534983171,8.749837087182593,84.76408382475685,19.446013467323993,0.5849358700431166
2026-05-14 13:42:15.723654,94.46362033490334,0.825778648010151,8.643273906672302,80.44220998788578,19.279441728267898,0.5849358700431166
2026-05-14 13:43:15.723654,98.68823131907912,0.7784102379007719,8.522898697248538,81.65597925843718,19.512937188930394,0.5849358700431166
2026-05-14 13:44:15.723654,95.80081870580587,0.8146693103145023,8.479401891637659,83.58218838500451,18.36833023590093,0.5849358700431166
2026-05-14 13:45:15.723654,95.19070093112798,0.8661724142397218,8.379447869139247,80.33239824806535,19.94036024541626,0.5849358700431166
2026-05-14 13:46:15.723654,93.68032851840383,0.8793935872325161,8.70860831057,83.07352516784202,19.369847649317155,0.5849358700431166
2026-05-14 13:47:15.723654,93.13585008392012,0.8292210521101073,8.640360785682121,80.7564479149146,19.319382336932033,0.5849358700431166
2026-05-14 13:48:15.723654,94.37723218365716,0.8147449535130897,8.391759327105103,86.58023553725027,19.58899839276189,0.5849358700431166
2026-05-14 13:49:15.723654,96.83215956575695,0.807323959813241,8.236052743278323,87.30326956670369,19.1200925455659,0.5849358700431166
2026-05-14 13:50:15.723654,93.40624820537289,0.8434362736594808,9.104943846530338,83.35133368955374,19.78992888353852,0.5849358700431166
2026-05-14 13:51:15.723654,97.06984767444673,0.7687771355652222,8.552670578431506,85.3125091282842,17.794335017663613,0.5849358700431166
2026-05-14 13:52:15.723654,94.60493641108302,0.7510546348540915,8.611841469699291,82.79979462366626,18.971519110615077,0.5849358700431166
2026-05-14 13:53:15.723654,93.79932529318778,0.7677390124538844,9.442380990174955,87.13235881004738,18.569608389440692,0.5849358700431166
2026-05-14 13:54:15.723654,98.06808130002013,0.8026229204116825,8.793563852128862,83.27088688193083,18.82076697894185,0.5849358700431166
2026-05-14 13:55:15.723654,96.87155248462528,0.828890521464158,8.611842183163576,80.78825591412372,18.70384379270927,0.5849358700431166
2026-05-14 13:56:15.723654,91.6210875662088,0.8232073723560835,8.395807932444031,82.86631377668759,19.835692226374018,0.5849358700431166
2026-05-14 13:57:15.723654,97.30244694325617,0.8209823502301942,8.728682192286405,87.1571839005667,19.411019359748188,0.5849358700431166
2026-05-14 13:58:15.723654,94.24823487765995,0.7512952890793025,8.872969575578772,85.05608234689039,18.83481553731201,0.5849358700431166
2026-05-14 13:59:15.723654,95.48625330768905,0.8044175301895736,8.699597890369649,78.4217906866,19.039750597710764,0.5849358700431166
2026-05-14 14:00:15.723654,96.8425864022291,0.7910260671569972,8.770565520593944,81.88553338834083,19.33086213771522,0.5849358700431166
2026-05-14 14:01:15.723654,94.47080140234064,0.7756341179012247,9.154573050428887,85.25529882878911,18.848187917604744,0.5849358700431166
2026-05-14 14:02:15.723654,95.89942441624855,0.8494667950763441,8.947497980632702,80.00892300973452,19.653944570085145,0.5849358700431166
2026-05-14 14:03:15.723654,93.76444987156152,0.8047047982632618,9.54617213580741,84.0011815631667,18.957480061845246,0.5849358700431166
2026-05-14 14:04:15.723654,90.49325905190118,0.8920844016326429,8.35124470888677,81.39055699472567,18.98496515002491,0.5849358700431166
2026-05-14 14:05:15.723654,97.73667138081358,0.861258194268613,8.707456357177271,84.01401892900232,18.85044845313328,0.5849358700431166
2026-05-14 14:06:15.723654,95.18315517654369,0.8262630321742319,9.045438578833755,85.33179104660258,19.397629990671653,0.5849358700431166
2026-05-14 14:07:15.723654,94.17915268232079,0.8596873096548314,8.727217070268436,81.2336060642984,18.94899740361336,0.5849358700431166
2026-05-14 14:08:15.723654,95.07290176498164,0.8681069841185624,8.699749158482204,80.97903737924545,19.179012141217243,0.5849358700431166
2026-05-14 14:09:15.723654,95.1307598775261,0.8318880763804628,9.030769064915678,85.43528128190447,18.853535863378,0.5849358700431166
2026-05-14 14:10:15.723654,93.6715608813151,0.7705862593875514,8.964452311213492,86.2950750184001,18.993100335614372,0.5849358700431166
2026-05-14 14:11:15.723654,94.420986667963,0.8959353227802739,8.906474966093851,84.26990621132678,18.55518304658197,0.5849358700431166
2026-05-14 14:12:15.723654,96.26130393597182,0.7761393779098372,8.414601554348861,82.70389164819125,18.857744937844487,0.5849358700431166
2026-05-14 14:13:15.723654,94.46064840864291,0.7505471132090792,9.04245250206965,85.65280739075753,18.176970062498427,0.5849358700431166
2026-05-14 14:14:15.723654,96.8607634087461,0.7820697634442437,9.011900271224185,83.26054181639184,19.165029081609333,0.5849358700431166
2026-05-14 14:15:15.723654,94.53365249857056,0.8832026551469994,8.382931206371842,84.61311547919469,19.70130638201361,0.5849358700431166
2026-05-14 14:16:15.723654,96.33652795849382,0.938831140651496,8.59612358131194,85.31204444691173,19.097595981898124,0.5849358700431166
2026-05-14 14:17:15.723654,97.37065995011834,0.8222117451492567,8.638444875570608,86.00957920946793,18.904860330059368,0.5849358700431166
2026-05-14 14:18:15.723654,92.07839627961188,0.7967538507766336,8.94051749410591,86.18151230489886,19.20620598721709,0.5849358700431166
2026-05-14 14:19:15.723654,97.54024193188104,0.7546874488614455,8.621828570683979,82.82028456741646,19.09336158583257,0.5849358700431166
2026-05-14 14:20:15.723654,95.07203657391338,0.8571417428049347,8.621365558678201,83.67549217563092,19.128079854406806,0.5849358700431166
2026-05-14 14:21:15.723654,93.0520679896307,0.8169128604812533,8.711709751160214,83.06727367171858,19.166521027859556,0.5849358700431166
2026-05-14 14:22:15.723654,95.05519487863977,0.8009814359799586,9.136622030320728,81.05847354331864,18.790156245333883,0.5849358700431166
2026-05-14 14:23:15.723654,100.4637750458601,0.7706966271858636,8.348681207716421,84.8663882917271,18.112081372681896,0.5849358700431166
2026-05-14 14:24:15.723654,94.43329997746811,0.9298874411891496,8.291326833483328,79.43350583024724,18.401050698589984,0.5849358700431166
2026-05-14 14:25:15.723654,96.70056693410696,0.8788350309346157,8.601030971035797,84.76385960972681,19.845768963324826,0.5849358700431166
2026-05-14 14:26:15.723654,98.47854062627265,0.8102794308763327,8.064366094828353,81.7556769569053,18.937239202101203,0.5849358700431166
2026-05-14 14:27:15.723654,94.38597020425621,0.8132032248848892,9.09047598950855,85.94629165509983,19.06480447260644,0.5849358700431166
2026-05-14 14:28:15.723654,97.10081754951663,0.8404792632668796,8.77415940198812,85.2105231159446,19.18676732368779,0.5849358700431166
2026-05-14 14:29:15.723654,99.01947015160852,0.7506756365955971,8.600256340401744,83.14439700781676,19.370367644797827,0.5849358700431166
2026-05-14 14:30:15.723654,97.43976877161917,0.8213762665735173,8.328138715277488,85.08246259463468,19.528120682639816,0.5849358700431166
2026-05-14 14:31:15.723654,91.02013047865418,0.8224059882517851,8.27776506092526,82.06813260672055,18.699236836087433,0.5849358700431166
2026-05-14 14:32:15.723654,96.52237719389697,0.8284377036439343,8.369130309902541,85.15756672763935,18.433738387604624,0.5849358700431166
2026-05-14 14:33:15.723654,95.56407537835489,0.7818956614707473,8.645104485370194,84.40597629780144,19.411365999098596,0.5849358700431166
2026-05-14 14:34:15.723654,97.57778594452492,0.8184835099517525,8.846742869018351,82.52196015691602,19.24163624088023,0.5849358700431166
2026-05-14 14:35:15.723654,95.78281989343002,0.8176807025626063,8.2136824649016,84.06037659438647,19.33292203824656,0.5849358700431166
2026-05-14 14:36:15.723654,93.54350084471709,0.7583768431316994,9.19757135528054,84.38032582351347,19.036100784107976,0.5849358700431166
2026-05-14 14:37:15.723654,92.62978203111801,0.7815054535142578,9.145584729165218,83.67275868346076,18.87534776606848,0.5849358700431166
2026-05-14 14:38:15.723654,95.9232262598623,0.7818762855630089,9.205060519213463,86.10303587151812,18.917354263967443,0.5849358700431166
2026-05-14 14:39:15.723654,93.64650730335127,0.6916895350007111,8.31033337866394,80.71849525180916,19.218236470062525,0.5849358700431166
2026-05-14 14:40:15.723654,94.25138038853028,0.755329420564563,8.670458397389982,84.40810909701936,19.414560974526626,0.5849358700431166
2026-05-14 14:41:15.723654,91.10450723569524,0.8161830209111336,8.339805377037866,85.20089219600521,19.542714507745583,0.5849358700431166
2026-05-14 14:42:15.723654,93.10779334476408,0.7842939348153051,8.616427494979858,78.89184801226199,19.31862538628912,0.5849358700431166
2026-05-14 14:43:15.723654,94.35815870473273,0.871104949063718,8.425284844740583,82.15918890522481,18.397378670549273,0.5849358700431166
2026-05-14 14:44:15.723654,92.89526667042449,0.7634970951319141,9.053599713783283,82.00091110422188,19.21272914194114,0.5849358700431166
2026-05-14 14:45:15.723654,94.14232098968938,0.7591229316346845,8.704317483177856,84.59564146545186,18.546761603297156,0.5849358700431166
2026-05-14 14:46:15.723654,96.52207337887575,0.7801101488614403,8.609912432307498,84.45880104774477,18.81892322095909,0.5849358700431166
2026-05-14 14:47:15.723654,94.97899751608472,0.8068616534959204,8.793618012140495,78.63595659067768,18.23580039196479,0.5849358700431166
2026-05-14 14:48:15.723654,96.13578180950667,0.8744552652177776,8.481661599069893,82.9093780973824,19.298000926019984,0.5849358700431166
2026-05-14 14:49:15.723654,96.2902830007304,0.7212123313517826,8.488995536035835,82.73227604202492,19.50221139818686,0.5849358700431166
2026-05-14 14:50:15.723654,99.90070876485598,0.8111959085948393,8.332714371498152,84.20197095612727,19.811139194339187,0.5849358700431166
2026-05-14 14:51:15.723654,95.119876039372,0.7772637676776104,9.042205792573355,84.72452603872154,18.63760087747102,0.5849358700431166
2026-05-14 14:52:15.723654,95.66669903248167,0.8724594733182687,9.109374622897016,83.26453685110576,18.971601576479173,0.5849358700431166
2026-05-14 14:53:15.723654,97.35839544157552,0.7620881697862808,8.886381397405652,80.65738154699581,19.683329435698635,0.5849358700431166
2026-05-14 14:54:15.723654,94.38775676619068,0.8860253567176986,8.902231437036008,80.95099434160082,19.862955165607453,0.5849358700431166
2026-05-14 14:55:15.723654,98.00633833026845,0.8667105195652859,8.526331250618483,82.78540689300985,19.223354908271713,0.5849358700431166
2026-05-14 14:56:15.723654,93.49642699875012,0.9072135235584853,8.79810555164716,77.99073870750996,19.32031920594694,0.5849358700431166
2026-05-14 14:57:15.723654,94.20753300377837,0.8188498671294027,8.64422180039364,85.01152763493805,19.710485188845524,0.5849358700431166
2026-05-14 14:58:15.723654,95.4699541219303,0.8056306355784172,8.742406448686598,83.43663403487993,18.749426279636413,0.5849358700431166
2026-05-14 14:59:15.723654,96.06170509455546,0.8455983111283484,9.216939982062351,85.90813436230162,18.80780384077377,0.5849358700431166
2026-05-14 15:00:15.723654,96.54444454643092,0.7750485257806015,8.963587240411604,82.36420640420445,18.63901468788104,0.5849358700431166
2026-05-14 15:01:15.723654,95.4639384828078,0.688867838527618,8.229514937807782,83.04245103417611,19.191862182886254,0.5849358700431166
2026-05-14 15:02:15.723654,94.16521025709662,0.7436243799994452,8.509440057487797,84.17985345619945,19.441532184883012,0.5849358700431166
2026-05-14 15:03:15.723654,94.87140156222111,0.8804378839871745,8.87402671716712,81.90252349380825,19.010390272863024,0.5849358700431166
2026-05-14 15:04:15.723654,92.09811548299729,0.8171892454157542,9.08843779589575,84.76801497114661,19.851645962528394,0.5849358700431166
2026-05-14 15:05:15.723654,94.29807730981501,0.889901184661038,8.696816342194959,86.34060496686446,19.13971292584777,0.5849358700431166
2026-05-14 15:06:15.723654,96.31831054502155,0.8963518131508179,8.696779321554988,83.83421277681302,19.795073012171983,0.5849358700431166
2026-05-14 15:07:15.723654,94.63784146955287,0.756551580810017,9.397709726504822,82.4579058730504,19.230019325037603,0.5849358700431166
2026-05-14 15:08:15.723654,97.21586113631525,0.792171499748765,8.45244723616271,83.90490939527433,18.25410310061264,0.5849358700431166
2026-05-14 15:09:15.723654,94.32803564367715,0.8348481281510954,8.6738220410818,80.31053291535318,19.94773027767084,0.5849358700431166
2026-05-14 15:10:15.723654,95.11092410531134,0.8941538008234121,8.676796735075216,81.63741083834314,19.285231759696412,0.5849358700431166
2026-05-14 15:11:15.723654,94.47227354475655,0.7637081220357572,9.195742887765597,82.15289435593668,18.230508107171048,0.5849358700431166
2026-05-14 15:12:15.723654,97.56017990532766,0.7973812941446939,8.572460442344662,79.86665962766472,20.021112042867326,0.5849358700431166
2026-05-14 15:13:15.723654,92.32488662299362,0.8255186689706075,9.028593706891481,84.24086866773087,19.120814143572737,0.5849358700431166
2026-05-14 15:14:15.723654,91.50051608083817,0.7821099531469609,8.811147711542105,81.82308666175068,19.252321029568215,0.5849358700431166
2026-05-14 15:15:15.723654,96.26733461504328,0.8707213392253301,8.386953802785545,87.79072691168258,19.5343809718459,0.5849358700431166
2026-05-14 15:16:15.723654,94.90041949007487,0.8770730240891571,9.46442994172934,80.51999459961092,19.038009978323156,0.5849358700431166
2026-05-14 15:17:15.723654,90.14698447766634,0.8322287715677263,8.864425882706891,83.31911057083916,18.823374514069677,0.5849358700431166
2026-05-14 15:18:15.723654,90.80481876503634,0.8412728791059135,9.191437955303947,82.2153978902578,19.370671264080404,0.5849358700431166
2026-05-14 15:19:15.723654,91.7675591705729,0.8454568481199508,8.636792920805952,81.87259890051884,18.770459478960767,0.5849358700431166
2026-05-14 15:20:15.723654,94.11662463334697,0.8417178607199519,8.361158649770694,82.60320413858896,19.129905410569258,0.5849358700431166
2026-05-14 15:21:15.723654,92.70576934834928,0.9124294550190759,8.498758966110946,82.05856097445769,18.661487324657582,0.5849358700431166
2026-05-14 15:22:15.723654,98.50080797168923,0.8502414563652991,8.473830008256257,85.6098979194446,19.250990646713273,0.5849358700431166
2026-05-14 15:23:15.723654,95.418354639636,0.8053723344977025,8.529982814042258,84.07296699983388,18.87809768457104,0.5849358700431166
2026-05-14 15:24:15.723654,98.5373590565632,0.7591316396731699,9.215654641985832,83.17479710412907,19.300184166579385,0.5849358700431166
2026-05-14 15:25:15.723654,96.57016333067186,0.7910837301851033,9.01408212553894,77.98234709096232,18.79064653295786,0.5849358700431166
2026-05-14 15:26:15.723654,93.05572218273086,0.759920894316737,8.690321158705665,84.16893473808805,19.501971298818486,0.5849358700431166
2026-05-14 15:27:15.723654,95.38560131181382,0.7893115216906478,8.8655125414769,83.64600619142637,19.61866938353684,0.5849358700431166
2026-05-14 15:28:15.723654,96.45772120327602,0.8241200156313565,8.485631708280973,82.09153449006051,18.875746619749815,0.5849358700431166
2026-05-14 15:29:15.723654,94.27331512958048,0.8359987163148128,8.969359927167767,83.29519741569392,19.15870369351907,0.5849358700431166
2026-05-14 15:30:15.723654,95.190460407413,0.796800929278708,8.477189932836463,79.88655900710324,18.803066620530394,0.5849358700431166
2026-05-14 15:31:15.723654,95.85013870394857,0.7874506230333467,8.683465498901567,84.33029737654931,19.410986047780167,0.5849358700431166
2026-05-14 15:32:15.723654,92.74478209308091,0.8724491627580072,9.093012636935995,81.13773508728755,18.738722864748254,0.5849358700431166
2026-05-14 15:33:15.723654,97.28602916370538,0.81525351887256,8.088874225893793,80.5980717922593,19.02595648698259,0.5849358700431166
2026-05-14 15:34:15.723654,92.57776249684379,0.8019250064035031,8.764526474234422,86.32194400979412,19.005414341454937,0.5849358700431166
2026-05-14 15:35:15.723654,97.04893139655852,0.8940342030371636,9.185100510934973,83.96694398849581,18.168996725649347,0.5849358700431166
2026-05-14 15:36:15.723654,95.82549752822072,0.8750161893260021,8.730487478498723,86.88660254187516,19.580558080302563,0.5849358700431166
2026-05-14 15:37:15.723654,96.04039455171856,0.876915230495617,8.854818565507612,78.41181380293396,18.90107182383365,0.5849358700431166
2026-05-14 15:38:15.723654,97.2981838519087,0.7822166279304102,8.687765858558267,81.30776217391853,20.042602597169715,0.5849358700431166
2026-05-14 15:39:15.723654,98.26683271224903,0.7784027501782886,8.798997010246074,82.03644670619657,19.45811361908452,0.5849358700431166
2026-05-14 15:40:15.723654,95.92321395189765,0.8631814735159884,8.854383144441716,89.26824721450161,18.636679417063462,0.5849358700431166
2026-05-14 15:41:15.723654,91.48264108853996,0.802941684900252,8.284411130461269,80.41251026171268,18.649983972469848,0.5849358700431166
2026-05-14 15:42:15.723654,93.05946998654974,0.7748652898378221,8.910273295262973,82.385056679554,19.060884012132593,0.5849358700431166
2026-05-14 15:43:15.723654,96.69231334641486,0.7842800686962538,8.675443840517932,84.12895477391051,18.179857399258722,0.5849358700431166
2026-05-14 15:44:15.723654,90.13403677951183,0.8399020613752113,8.90241189429942,87.5258750714295,19.229688737502237,0.5849358700431166
2026-05-14 15:45:15.723654,96.54332723192918,0.8128225627560264,8.843975776604875,86.73194848522374,18.088644890506014,0.5849358700431166
2026-05-14 15:46:15.723654,95.73108031255636,0.9293755314391934,8.839417875892153,86.69858072819036,18.83603522480411,0.5849358700431166
2026-05-14 15:47:15.723654,94.83975280908557,0.8242724300547545,8.089530286321718,81.06107914602427,18.60220375987684,0.5849358700431166
2026-05-14 15:48:15.723654,96.54797995347805,0.8662038502195278,8.852018542941309,85.04564059543608,19.068566593207944,0.5849358700431166
2026-05-14 15:49:15.723654,97.30771113649207,0.8230356170669287,8.772166824357376,82.86624953519984,19.492866538387045,0.5849358700431166
2026-05-14 15:50:15.723654,94.06145016418716,0.8714177637952285,8.415162867914548,81.19960229226828,19.494354677132083,0.5849358700431166
2026-05-14 15:51:15.723654,94.72675936824697,0.7999016241276686,9.021824929871988,82.1829119735525,19.05054067241865,0.5849358700431166
2026-05-14 15:52:15.723654,97.70230369755531,0.8995533122258577,9.226527073210448,82.83318324785685,19.765992752061067,0.5849358700431166
2026-05-14 15:53:15.723654,93.00594214187564,0.777251051199222,8.049670854342041,86.74317120552173,18.71865137503079,0.5849358700431166
2026-05-14 15:54:15.723654,94.65078263791888,0.7770799778389109,8.963357184628391,82.64616748028999,18.49823285435236,0.5849358700431166
2026-05-14 15:55:15.723654,95.78717292578511,0.7509096936948136,8.503585892534701,79.18365657247251,18.438662243470027,0.5849358700431166
2026-05-14 15:56:15.723654,95.26090613685395,0.7243693930301789,8.310463892742835,83.39269696945905,18.878837851522306,0.5849358700431166
2026-05-14 15:57:15.723654,98.88792106933161,0.9142910222365439,8.494430871304003,84.51171003853163,19.525282578008557,0.5849358700431166
2026-05-14 15:58:15.723654,93.70889008136419,0.7478191181104149,8.751118075336931,83.05174345209645,18.932759051083522,0.5849358700431166
2026-05-14 15:59:15.723654,95.78848153374196,0.7850597145850452,8.409208345855607,83.61560074242433,19.34362634585327,0.5849358700431166
2026-05-14 16:00:15.723654,92.55055790961289,0.8690007254848792,8.223663268796527,82.24120788429339,19.02163703147003,0.5849358700431166
2026-05-14 16:01:15.723654,93.63140037210913,0.7943431712577654,9.316129954821783,81.69566662364687,20.37125216080479,0.5849358700431166
2026-05-14 16:02:15.723654,95.7781013568751,0.8271989518009247,8.89767971614565,88.45729030022858,18.653844797603107,0.5849358700431166
2026-05-14 16:03:15.723654,92.66301195954021,0.784852885106729,8.764450554218717,79.94589255209952,19.161810919228135,0.5849358700431166
2026-05-14 16:04:15.723654,98.29094206424034,0.830166564466564,8.667001972436767,82.16111390435742,19.599897151844615,0.5849358700431166
2026-05-14 16:05:15.723654,93.2521822509369,0.9149159909652875,9.334815534443656,83.91093639904824,19.14488375553051,0.5849358700431166
2026-05-14 16:06:15.723654,96.96516741389611,0.8773361200466914,8.513010090811525,82.34432453545126,18.489467582227185,0.5849358700431166
2026-05-14 16:07:15.723654,95.7219776740811,0.8559275891081697,8.349829918770967,82.48703699209236,18.477014340778158,0.5849358700431166
2026-05-14 16:08:15.723654,93.10624817692532,0.8501470479466401,8.534762990125865,82.79578288966007,18.336985435595174,0.5849358700431166
2026-05-14 16:09:15.723654,95.27782821686232,0.8203825289430926,8.5361198351194,83.01940620635972,19.240788739820555,0.5849358700431166
2026-05-14 16:10:15.723654,93.27411149959431,0.7487830677352362,9.296479939935393,82.13088939230413,19.102261247975388,0.5849358700431166
2026-05-14 16:11:15.723654,96.92552726745362,0.9990489543138493,8.38146167516269,84.29708922917769,18.79686515692178,0.5849358700431166
2026-05-14 16:12:15.723654,93.82626718825958,0.7865855938849856,8.417111119789174,83.31485207815535,18.413389956044714,0.5849358700431166
2026-05-14 16:13:15.723654,96.79746293043674,0.8253463417369938,8.881538101999782,82.46505757783223,18.967039332462956,0.5849358700431166
2026-05-14 16:14:15.723654,95.47897560774764,0.7643936633150338,8.647410479805348,81.67820777396776,18.705356894273326,0.5849358700431166
2026-05-14 16:15:15.723654,90.68417131616171,0.889562524409325,8.548845984183219,85.72418691205178,19.685037460265978,0.5849358700431166
2026-05-14 16:16:15.723654,92.33184838438001,0.7681756331516828,9.522958497936054,86.89928668557896,19.13488204290478,0.5849358700431166
2026-05-14 16:17:15.723654,95.41859401024769,0.7910538747879656,8.884513424389452,81.96307100027973,18.13446441741964,0.5849358700431166
2026-05-14 16:18:15.723654,92.2607362243909,0.8236508323278544,8.415487439478573,83.2628798718976,18.6133107798524,0.5849358700431166
2026-05-14 16:19:15.723654,93.339139952409,0.8652544602559847,8.82905177442138,83.37810595909798,19.59012328610416,0.5849358700431166
2026-05-14 16:20:15.723654,95.86506498410769,0.8949243594978935,8.616849831434807,82.53816484466965,18.50008666637316,0.5849358700431166
2026-05-14 16:21:15.723654,94.04588636266816,0.8708346896504474,9.14480382180799,85.31804513789801,18.253545366294112,0.5849358700431166
2026-05-14 16:22:15.723654,97.07013822273446,0.7306702637717215,9.024242807366054,82.66186574858256,19.50190795653576,0.5849358700431166
2026-05-14 16:23:15.723654,92.23895110162385,0.8811545765706325,8.315315186297882,82.06052498001831,18.651593985684315,0.5849358700431166
2026-05-14 16:24:15.723654,91.39527809176799,0.8273225733147486,9.296634345480438,88.7312452463647,19.199219193111958,0.5849358700431166
2026-05-14 16:25:15.723654,97.13721034754803,0.834200926831752,8.904472568559813,82.71313749947019,19.248179762280134,0.5849358700431166
2026-05-14 16:26:15.723654,95.97880520662585,0.7936732084915086,8.731559320161454,83.2805745637297,19.563842958234094,0.5849358700431166
2026-05-14 16:27:15.723654,92.77178345415763,0.8200190845049425,9.328409250845159,85.72555510689655,19.825230824013186,0.5849358700431166
2026-05-14 16:28:15.723654,94.95271147776906,0.8386460731196262,9.055478460140227,86.51794586078654,18.17483984312739,0.5849358700431166
2026-05-14 16:29:15.723654,92.2729651833133,0.8880684000054575,8.671740803398707,82.05399322320852,18.523560806071032,0.5849358700431166
2026-05-14 16:30:15.723654,93.79381439432477,0.7524777307641338,9.382135891949092,83.35256269776353,19.121666028687475,0.5849358700431166
2026-05-14 16:31:15.723654,96.08000114774866,0.8707134533986536,9.03857405709574,85.54467868953981,18.835218524173403,0.5849358700431166
2026-05-14 16:32:15.723654,94.30811418749927,0.8610477777074389,8.596590891637463,83.38722153767021,19.35002318178124,0.5849358700431166
2026-05-14 16:33:15.723654,96.47421796203375,0.7337121468168151,8.969231305096033,82.92998668602122,19.504370155001023,0.5849358700431166
2026-05-14 16:34:15.723654,96.45771118212265,0.902991947991283,9.16084370441571,86.09057812694526,19.87247645915195,0.5849358700431166
2026-05-14 16:35:15.723654,95.48660576704488,0.8242054492871671,9.01665273508285,84.86159670459071,18.996108181199702,0.5849358700431166
2026-05-14 16:36:15.723654,95.71349461502953,0.8208413715960954,8.498627737591333,85.97835628447737,19.178240920833876,0.5849358700431166
2026-05-14 16:37:15.723654,99.00126431281069,0.7413215814253334,8.58777397827634,83.46271247510641,19.719331848383288,0.5849358700431166
2026-05-14 16:38:15.723654,95.70278654261736,0.8381198326443626,8.416628472363104,81.08355200726572,19.311893629713783,0.5849358700431166
2026-05-14 16:39:15.723654,92.17563580977628,0.7960023074208586,8.905082808855106,81.43278625717112,19.953319280749735,0.5849358700431166
2026-05-14 16:40:15.723654,97.35172048588878,0.74402519501841,8.475096237174753,78.82588031273477,18.759345618294766,0.5849358700431166
2026-05-14 16:41:15.723654,96.4366247505578,0.8019014478215822,8.893046783214139,80.35276616516119,19.549628926859786,0.5849358700431166
2026-05-14 16:42:15.723654,93.7936293415563,0.8232046790494704,8.726945259711433,80.85433775994011,18.57409913369894,0.5849358700431166
2026-05-14 16:43:15.723654,96.83943673541985,0.8425458028104099,9.069822322595376,84.04675127272971,19.22213661697344,0.5849358700431166
2026-05-14 16:44:15.723654,91.45182656007945,0.8090778600972666,8.746592314008225,87.30364919826982,19.49411961561817,0.5849358700431166
2026-05-14 16:45:15.723654,97.97597016083205,0.8524730802300615,8.541416642044506,83.63168323402438,19.26875312270095,0.5849358700431166
2026-05-14 16:46:15.723654,93.02553665787163,0.8033768261056791,8.693077512026198,86.60867446685491,18.110271036873343,0.5849358700431166
2026-05-14 16:47:15.723654,97.31548463884508,0.775756433187356,8.343183853948466,85.7573190618016,19.516590334186024,0.5849358700431166
2026-05-14 16:48:15.723654,97.41288520217537,0.8626312923126039,9.37276111065057,84.51488247561365,19.072402611507254,0.5849358700431166
2026-05-14 16:49:15.723654,95.58970055205567,0.8847696513526233,8.520995012551314,82.09365763666192,18.99616129226988,0.5849358700431166
2026-05-14 16:50:15.723654,90.69468219988232,0.8295001153562025,8.188968998944041,83.5035534275899,19.583286177636456,0.5849358700431166
2026-05-14 16:51:15.723654,93.95009487612532,0.9064519884446687,8.316657340303802,85.77995616498833,19.48820982777229,0.5849358700431166
2026-05-14 16:52:15.723654,91.47178130079162,0.9581359098873518,8.735684024478159,81.6424667574134,18.447097702176823,0.5849358700431166
2026-05-14 16:53:15.723654,94.46381174209364,0.8162258513158271,8.785601268691249,82.80184248927675,19.46725395462638,0.5849358700431166
2026-05-14 16:54:15.723654,94.1285881320865,0.7258479890733015,8.709999161434457,78.66247949497811,19.327526615014527,0.5849358700431166
2026-05-14 16:55:15.723654,92.94524733684773,0.8307642126811151,9.14903010458673,81.49993741118867,19.68126942882489,0.5849358700431166
2026-05-14 16:56:15.723654,94.03706866404069,0.9102559350386044,8.645261826169886,81.71644883071129,19.494260524766478,0.5849358700431166
2026-05-14 16:57:15.723654,94.03226833816572,0.7805237192288746,8.611455654918212,83.30822173735866,19.82173136519126,0.5849358700431166
2026-05-14 16:58:15.723654,91.03567230649384,0.8237502278828461,8.942278688525562,83.78433195170827,19.8055738842856,0.5849358700431166
2026-05-14 16:59:15.723654,94.75515713789595,0.8133686228260278,8.932506474233353,83.59606243162737,18.955436930428597,0.5849358700431166
2026-05-14 17:00:15.723654,95.93613587658575,0.7899697802744928,8.571454464523551,82.34144675819344,19.827175879652035,0.5849358700431166
2026-05-14 17:01:15.723654,88.46181508544157,0.8423761366734722,8.765089154389416,80.03569388324843,19.305504689136832,0.5849358700431166
2026-05-14 17:02:15.723654,95.85535178107605,0.8520781565031951,7.959259191215865,86.13021362543356,18.78177294722641,0.5849358700431166
2026-05-14 17:03:15.723654,96.27698329091935,0.8596498839694394,8.491798484443562,84.71835470642777,18.957894679112652,0.5849358700431166
2026-05-14 17:04:15.723654,90.76109343873668,0.880983291211714,8.522294121224478,81.68844787624856,18.949108365550472,0.5849358700431166
2026-05-14 17:05:15.723654,95.44832124806777,0.8197326743942199,8.9192276875415,80.71845606866735,18.779448114353464,0.5849358700431166
2026-05-14 17:06:15.723654,94.67185365276993,0.9174905595682604,8.720663848605222,85.56787932904794,19.169918883960992,0.5849358700431166
2026-05-14 17:07:15.723654,93.93653052253785,0.8102599737296031,8.704281696520685,84.60472627964614,19.83794693335711,0.5849358700431166
2026-05-14 17:08:15.723654,95.62320949278563,0.8819500788724128,8.465370688840444,82.56817378409662,18.788490032465,0.5849358700431166
2026-05-14 17:09:15.723654,95.53273697916269,0.8046482756763544,8.973739491239607,81.53543137845979,19.172156786229472,0.5849358700431166
2026-05-14 17:10:15.723654,96.2775636194375,0.7193310561832946,9.391297002328411,82.83113103196492,18.138121342730745,0.5849358700431166
2026-05-14 17:11:15.723654,95.22003559456657,0.8242683683339826,8.7302392962576,85.379817027578,19.52436378528236,0.5849358700431166
2026-05-14 17:12:15.723654,95.49960017946069,0.8451039766326575,8.723500075297924,86.94841650020477,18.411043290389948,0.5849358700431166
2026-05-14 17:13:15.723654,95.18315114584479,0.8258474264947641,8.998791731948726,81.70972704687487,18.278804998370564,0.5849358700431166
2026-05-14 17:14:15.723654,95.21749382960938,0.8366577195462553,9.201687432963643,80.8567107090745,19.72798818292719,0.5849358700431166
2026-05-14 17:15:15.723654,99.63867652546723,0.8037079505592012,8.367524944281381,82.58348606897793,19.15764378325452,0.5849358700431166
2026-05-14 17:16:15.723654,96.03142354742683,0.7930264584434227,9.221367170373552,81.16837017170855,18.281038723482432,0.5849358700431166
2026-05-14 17:17:15.723654,97.11726864598762,0.708865143375015,8.693568679467534,89.63279706014076,19.144619523088867,0.5849358700431166
2026-05-14 17:18:15.723654,92.66231249602049,0.8197263217459854,8.739567373543489,83.7187346824309,19.48177279064864,0.5849358700431166
2026-05-14 17:19:15.723654,92.82562546067751,0.9069735976971648,8.828341895441135,84.85102289452828,18.83656659969101,0.5849358700431166
2026-05-14 17:20:15.723654,97.47661207140406,0.8097435744946718,8.83807336417741,81.53122264735045,18.652175486367767,0.5849358700431166
2026-05-14 17:21:15.723654,96.28025841031877,0.8004158534249558,8.498660683878036,82.11106811767061,19.50011783542754,0.5849358700431166
2026-05-14 17:22:15.723654,93.64577207500577,0.8167134483552169,8.75931593521548,79.56273702970407,18.415078096882073,0.5849358700431166
2026-05-14 17:23:15.723654,95.57640357590812,0.7857447268776903,9.071825083513474,85.33104901022575,19.51022563274655,0.5849358700431166
2026-05-14 17:24:15.723654,98.54339137203819,0.818441728548166,8.9494721879005,82.22863284853261,20.376826256003195,0.5849358700431166
2026-05-14 17:25:15.723654,98.87111510228503,0.8231902166612147,8.870783479100908,86.11603000045429,19.07707154716178,0.5849358700431166
2026-05-14 17:26:15.723654,93.59059965581358,0.8662956824856692,8.77833938395445,83.76342370101518,18.733505628034848,0.5849358700431166
2026-05-14 17:27:15.723654,91.4685035006862,0.8344033154292801,9.02629622257761,82.94582130357259,19.868856059348264,0.5849358700431166
2026-05-14 17:28:15.723654,93.49601514658191,0.7698609721870291,8.73463851797051,83.23224965102209,19.535625665236445,0.5849358700431166
2026-05-14 17:29:15.723654,93.35392214928503,0.89100090677607,9.344882698881825,83.31914674778798,19.775496509660993,0.5849358700431166
2026-05-14 17:30:15.723654,92.79085365616247,0.8763572719944209,9.068990532697189,85.12430936210443,19.142859755133685,0.5849358700431166
2026-05-14 17:31:15.723654,88.99534991492894,0.7905098377527187,8.567032804823969,81.44092492560371,19.211762801842365,0.5849358700431166
2026-05-14 17:32:15.723654,94.06592090637052,0.781365594447074,8.437167565655002,81.96640883075422,19.711390905493797,0.5849358700431166
2026-05-14 17:33:15.723654,93.581797688158,0.7968492596136615,8.617798325622376,84.07542182934351,19.3787660438331,0.5849358700431166
2026-05-14 17:34:15.723654,88.81453471892667,0.8736779556267055,9.185718020402476,81.29706172700133,18.664492177201414,0.5849358700431166
2026-05-14 17:35:15.723654,94.00334102185646,0.7847959939624949,8.821985672313332,79.50438422900694,18.591677495550464,0.5849358700431166
2026-05-14 17:36:15.723654,97.98224219776282,0.7761851965679242,9.127836093560227,84.10811119290494,18.246007442274703,0.5849358700431166
2026-05-14 17:37:15.723654,96.17450618784541,0.8167128298256824,8.618167493254427,83.88734898806868,19.387958042352228,0.5849358700431166
2026-05-14 17:38:15.723654,96.31903144136223,0.8815088373127252,8.877248383962856,80.64616662415195,18.91381857074324,0.5849358700431166
2026-05-14 17:39:15.723654,100.78994446795024,0.8588207479544114,9.465593800372798,86.18830296612305,19.271542335346705,0.5849358700431166
2026-05-14 17:40:15.723654,95.50666193697523,0.8207671929414828,8.2334662253754,83.43352930666111,19.75597857583993,0.5849358700431166
2026-05-14 17:41:15.723654,93.70456780777059,0.8431938448884155,9.01028492389731,81.57807392309972,18.924989867397,0.5849358700431166
2026-05-14 17:42:15.723654,92.86802481645867,0.7814879146008548,8.36852602503343,81.59653787896862,19.86036913996775,0.5849358700431166
2026-05-14 17:43:15.723654,93.07289373923241,0.8289191558883596,8.603946984028063,85.75516667579855,19.806222447870642,0.5849358700431166
2026-05-14 17:44:15.723654,96.6319877616909,0.8379029225904628,8.68548974907708,81.01368539334217,20.12240574012993,0.5849358700431166
2026-05-14 17:45:15.723654,93.38450176190788,0.8557785122869672,9.072677281916368,82.286873807914,19.669647563226814,0.5849358700431166
2026-05-14 17:46:15.723654,96.4322742040907,0.9089943867044133,8.614003670201337,80.82570676716524,18.89789642184658,0.5849358700431166
2026-05-14 17:47:15.723654,95.32155488248166,0.8255068312895779,8.636776241246984,79.57903988377018,19.385882797633386,0.5849358700431166
2026-05-14 17:48:15.723654,98.8485367555774,0.8458087568414753,8.937548265845404,84.54232541403488,19.349164634510032,0.5849358700431166
2026-05-14 17:49:15.723654,96.76717973114918,0.8423648789946084,8.661004459233366,81.80545698170717,19.026154471928496,0.5849358700431166
2026-05-14 17:50:15.723654,95.53210679031433,0.8067920468791764,8.84910921506878,84.2757350691255,19.567231015203923,0.5849358700431166
2026-05-14 17:51:15.723654,97.46943773509095,0.826496565859268,8.36247464058505,82.70722660808629,19.17267258327213,0.5849358700431166
2026-05-14 17:52:15.723654,91.23231028505882,0.8920294209404492,8.797520983882489,84.16014047088524,19.833404530831967,0.5849358700431166
2026-05-14 17:53:15.723654,93.6435621371283,0.8512982914795266,8.72184837319877,83.02926106769283,18.76454510566664,0.5849358700431166
2026-05-14 17:54:15.723654,98.23505422478605,0.8038211929315465,8.96464688419806,79.6474200267808,19.740635564413726,0.5849358700431166
2026-05-14 17:55:15.723654,97.00827010932711,0.8274679004501903,8.686724870287971,84.1974348129518,20.295036630008976,0.5849358700431166
2026-05-14 17:56:15.723654,91.37737439960603,0.8616975643140314,8.48132241948318,83.35759800912521,19.0267012400295,0.5849358700431166
2026-05-14 17:57:15.723654,94.04721128181748,0.8220729384826886,8.414556266546013,85.4557956739806,18.253569543969533,0.5849358700431166
2026-05-14 17:58:15.723654,95.98337682306968,0.8062694023085966,8.403530141987114,83.80220154292206,18.372165756215594,0.5849358700431166
2026-05-14 17:59:15.723654,94.98327544085227,0.7514523495447474,8.893189235424698,81.54872013446392,18.925144291054178,0.5849358700431166
2026-05-14 18:00:15.723654,95.49174657329932,0.7839690893432133,8.737418410228859,80.36977379923496,19.46607910136691,0.5849358700431166
2026-05-14 18:01:15.723654,98.43367540851453,0.9622066383308232,8.782158054129281,84.97384308331904,18.260328463115087,0.5849358700431166
2026-05-14 18:02:15.723654,97.90931645002416,0.8614076201715304,8.60962757664398,85.87179640230269,19.023403261246163,0.5849358700431166
2026-05-14 18:03:15.723654,93.98779743138388,0.8463629412066996,8.435801260180254,85.44068433052456,18.62264639360541,0.5849358700431166
2026-05-14 18:04:15.723654,92.80373821776662,0.7771117055149084,8.982657621384186,82.16388407868526,18.476643407385247,0.5849358700431166
2026-05-14 18:05:15.723654,93.6924877975414,0.8209940764013007,8.400515865030034,81.09407258365599,20.206289466618625,0.5849358700431166
2026-05-14 18:06:15.723654,93.18271698978522,0.8064440764966747,8.644636509889564,82.55472118618378,19.461314669553385,0.5849358700431166
2026-05-14 18:07:15.723654,96.80013369835709,0.8072984733587455,8.383864124151645,85.94631525742248,19.102970753970492,0.5849358700431166
2026-05-14 18:08:15.723654,98.36449142712733,0.7103169000570669,8.813428576514346,87.23464746947708,18.974009231849752,0.5849358700431166
2026-05-14 18:09:15.723654,94.45286095074373,0.837371779514842,8.587168864463862,82.77329093761921,18.98173375247313,0.5849358700431166
2026-05-14 18:10:15.723654,93.64900632856025,0.884039022445353,8.89313101981828,83.89869126593128,19.554926803013892,0.5849358700431166
2026-05-14 18:11:15.723654,94.37513613100606,0.78388600401768,8.574020318744981,83.40100088393389,18.621035445382383,0.5849358700431166
2026-05-14 18:12:15.723654,93.90332576423964,0.7967903628417534,9.392174479078053,77.84980492185684,19.060831438866014,0.5849358700431166
2026-05-14 18:13:15.723654,112.80398499579326,1.1899071584607155,8.258395371518143,73.9645876900904,21.225099544419045,0.3441233764972715
2026-05-14 18:14:15.723654,104.86876554114589,1.1940877196059079,7.799688148111097,72.16426424756025,21.30927260703773,0.3441233764972715
2026-05-14 18:15:15.723654,112.8423202234107,1.3040568123667915,8.097532510750336,72.8354006120674,20.97015302630168,0.3441233764972715
2026-05-14 18:16:15.723654,110.28967773325584,1.27296021525735,7.958168013384268,69.00694297838442,21.89379107093505,0.3441233764972715
2026-05-14 18:17:15.723654,111.32339683306381,1.1045226532348005,8.0853153845907,74.66738709216305,21.522212584022817,0.3441233764972715
2026-05-14 18:18:15.723654,107.771055571993,1.2346117964322705,7.91135620570121,70.794562734491,20.534028992192443,0.3441233764972715
2026-05-14 18:19:15.723654,111.87429645016233,1.2146481340776487,8.058762193630566,72.88438578618926,21.29426702792572,0.3441233764972715
2026-05-14 18:20:15.723654,107.20112411328049,1.1622421530260985,7.396343964955762,72.29280775295383,21.403297476851737,0.3441233764972715
2026-05-14 18:21:15.723654,110.57235750454454,1.1818186120854246,8.270847063654482,76.46320527011773,22.087851281939336,0.3441233764972715
2026-05-14 18:22:15.723654,110.29361710492083,1.184408069213132,7.738133726967747,75.2448231626495,22.39863992613805,0.3441233764972715
2026-05-14 18:23:15.723654,110.03680948946455,1.2796778926753989,7.57469861707349,71.45660829033177,21.986366988901416,0.3441233764972715
2026-05-14 18:24:15.723654,109.88117783047021,1.2495040440826832,8.027728637273793,72.0289842148342,21.451969613924764,0.3441233764972715
2026-05-14 18:25:15.723654,106.28722946831624,1.127385401599241,8.324103328867217,75.51050988883009,21.740268377430322,0.3441233764972715
2026-05-14 18:26:15.723654,105.91044236824277,1.1658947564784483,7.664870162893799,76.1180015674664,21.266905168245984,0.3441233764972715
2026-05-14 18:27:15.723654,107.18110198860062,1.185304743510164,7.840323792441431,76.73242288029827,21.19136078626019,0.3441233764972715
2026-05-14 18:28:15.723654,106.55414089171445,1.0761692594662169,8.02313417876779,72.64107483217501,20.84431393177142,0.3441233764972715
2026-05-14 18:29:15.723654,111.73105033267528,1.2171771926255548,8.023904765810645,76.4935875482326,21.89003425172659,0.3441233764972715
2026-05-14 18:30:15.723654,107.70688560712685,1.1318539270545545,8.277764592827973,74.55766897282557,21.643640119012616,0.3441233764972715
2026-05-14 18:31:15.723654,107.65960180442589,1.2142123136043805,7.80572046455163,73.5609617507035,22.282238308220776,0.3441233764972715
2026-05-14 18:32:15.723654,108.03092893854343,1.1051654724004498,7.716605971930782,75.75353271326611,21.68613180371739,0.3441233764972715
2026-05-14 18:33:15.723654,109.0948426527862,1.1583602449885142,8.177978101757772,72.06672535791041,21.711599019348583,0.3441233764972715
2026-05-14 18:34:15.723654,107.8900882725378,1.13893196599034,7.8411238990443115,73.01412016692294,21.534351317060434,0.3441233764972715
2026-05-14 18:35:15.723654,109.82350900038594,0.9993966706826706,7.790074962167785,72.98179510517878,22.31129725433145,0.3441233764972715
2026-05-14 18:36:15.723654,107.19259219339945,1.1919547661590884,8.480879222412566,71.13899799999632,21.755753847959486,0.3441233764972715
2026-05-14 18:37:15.723654,107.74805374229467,1.158583248139631,7.79143687930582,72.3012204430591,22.919722308980532,0.3441233764972715
2026-05-14 18:38:15.723654,111.04150915430704,1.2389018283434032,8.179968175542763,70.55242148308695,21.756245220188937,0.3441233764972715
2026-05-14 18:39:15.723654,111.4984566391784,1.1411449615521372,8.321968129640153,75.17360747959901,22.48478625743412,0.3441233764972715
2026-05-14 18:40:15.723654,108.51703138513648,1.1289343861403065,7.923881696680051,76.6360770462181,20.644563294606304,0.3441233764972715
2026-05-14 18:41:15.723654,105.21584597930165,1.1882846992006735,7.899593341659568,73.78039084624223,22.031422120645217,0.3441233764972715
2026-05-14 18:42:15.723654,108.24745871792601,1.0901646437075616,8.645714596651798,71.77047848501331,21.029247674021235,0.3441233764972715
2026-05-14 18:43:15.723654,111.5600374376089,1.1645904792020167,8.013353173881372,74.73051530801149,22.100557786582282,0.3441233764972715
2026-05-14 18:44:15.723654,108.68567602380017,1.2598125355498078,7.3916301748713735,75.28450953379702,21.139002456018456,0.3441233764972715
2026-05-14 18:45:15.723654,112.0971400433797,1.19091715919562,7.830498529888994,75.09061724593413,22.00536040863091,0.3441233764972715
2026-05-14 18:46:15.723654,110.63638565588099,1.1323301232724396,7.887164992405189,73.75678938564799,21.538136408702254,0.3441233764972715
2026-05-14 18:47:15.723654,110.8520883610404,1.0830698736287623,8.132668245857866,73.18497235101758,21.13951592683531,0.3441233764972715
2026-05-14 18:48:15.723654,107.86762385462451,1.1730880520281946,6.952044598153959,72.36235591830776,21.12085882270414,0.3441233764972715
2026-05-14 18:49:15.723654,110.41816382880896,1.1435386011285666,7.967835989440668,76.84948831521346,22.055941994934997,0.3441233764972715
2026-05-14 18:50:15.723654,111.15714021005061,1.1588213137335501,8.195279813278711,73.29713945898366,21.460719629688818,0.3441233764972715
2026-05-14 18:51:15.723654,110.17196809765682,1.1539652558330462,8.480271060824776,73.44467478069498,21.86794651815712,0.3441233764972715
2026-05-14 18:52:15.723654,112.26379836867831,1.2353976239828515,7.609694398684658,74.65472684991063,21.98412593225761,0.3441233764972715
2026-05-14 18:53:15.723654,111.13632345448521,1.128150193548361,7.835259558386618,75.7540515313741,21.177886049685963,0.3441233764972715
2026-05-14 18:54:15.723654,108.75320529683508,1.2626087257291911,8.018030354376378,72.31138678422317,21.119957556595832,0.3441233764972715
2026-05-14 18:55:15.723654,110.01803606933409,1.1171575348302323,7.95816934032289,74.4313961298709,22.20834114530112,0.3441233764972715
2026-05-14 18:56:15.723654,110.6876935709037,1.148111679354984,8.38589592476093,73.1659049847959,20.94091472400258,0.3441233764972715
2026-05-14 18:57:15.723654,109.00851469163277,1.2557233953113778,8.081942144511292,73.78997878855043,22.37737205737871,0.3441233764972715
2026-05-14 18:58:15.723654,106.48988771605485,1.1195349795514542,7.547616188201765,74.51023143285097,21.642012798584847,0.3441233764972715
2026-05-14 18:59:15.723654,112.43807014472327,1.1959886891109313,7.911122981648024,73.76852480564708,21.617619944257765,0.3441233764972715
2026-05-14 19:00:15.723654,106.00907486350738,1.3193315174708373,8.188331434922388,74.18495167593603,21.866348227166576,0.3441233764972715
2026-05-14 19:01:15.723654,110.77141937133692,1.1767872609789711,7.842997788619605,74.96383643253426,21.75162165529301,0.3441233764972715
2026-05-14 19:02:15.723654,107.7328172119849,1.254766715822456,8.12037574038871,75.22457378442613,22.254726678867243,0.3441233764972715
2026-05-14 19:03:15.723654,109.39637505249338,1.1996625356032986,8.27537830104365,72.31521289229076,21.585792066450285,0.3441233764972715
2026-05-14 19:04:15.723654,109.60369458346601,1.136012007669923,8.727661166093979,70.95034817290606,20.909714283183707,0.3441233764972715
2026-05-14 19:05:15.723654,111.98105056157087,1.21947824779392,7.724580684247582,74.97951309009424,22.29269145752594,0.3441233764972715
2026-05-14 19:06:15.723654,109.29207129496974,1.3137560802578219,7.515151586231404,75.15258196760907,22.142030403137788,0.3441233764972715
2026-05-14 19:07:15.723654,111.1352852133742,1.1735971489218104,7.94523768488847,74.65322540206537,21.96664347835332,0.3441233764972715
2026-05-14 19:08:15.723654,110.55754428272844,1.2358178297937623,7.726709142371794,73.3093931016436,21.088758268965407,0.3441233764972715
2026-05-14 19:09:15.723654,108.58037185799142,1.234575979844808,8.064765305709383,78.9786533861904,21.655469418622143,0.3441233764972715
2026-05-14 19:10:15.723654,109.47198117132318,1.1891240812261035,7.841027521633834,73.64926183513568,22.12266024858311,0.3441233764972715
2026-05-14 19:11:15.723654,109.58053874641925,1.1441419487599191,7.754844743348224,72.86453127655918,21.595697952232726,0.3441233764972715
2026-05-14 19:12:15.723654,111.73977048111624,1.116790503185771,7.936422246125188,74.05355509876102,20.64191335121257,0.3441233764972715
2026-05-14 19:13:15.723654,107.6854008442309,1.1498205082672834,7.793579017336666,74.14871414993415,21.478486430276387,0.3441233764972715
2026-05-14 19:14:15.723654,108.24202520496164,1.2052130665817244,8.54929254478569,77.04344809337437,20.59738034899612,0.3441233764972715
2026-05-14 19:15:15.723654,110.506741777834,1.1749137707509008,8.078916732351422,72.96836899280576,21.617560549970886,0.3441233764972715
2026-05-14 19:16:15.723654,109.65541220230774,1.1548673473866466,7.76345986514426,72.86754369465189,21.67589586725567,0.3441233764972715
2026-05-14 19:17:15.723654,110.55059009353224,1.2264823841211,7.884113122571741,74.33262419449633,22.040017531003933,0.3441233764972715
2026-05-14 19:18:15.723654,111.68378720045197,1.1808732925475167,7.966090612009931,74.14718352756364,20.983912498578583,0.3441233764972715
2026-05-14 19:19:15.723654,108.96537838809269,1.2210442551777492,8.224954268324925,73.22439985116308,21.667625335570868,0.3441233764972715
2026-05-14 19:20:15.723654,107.70329672958233,1.218989542665344,8.009023698650873,73.21303215649858,21.37790431698059,0.3441233764972715
2026-05-14 19:21:15.723654,109.226809676364,1.1614210530074949,8.229813040292584,72.9743679638585,22.355248283040975,0.3441233764972715
2026-05-14 19:22:15.723654,112.28301841712647,1.1392377607613675,8.053281410320599,72.46362181721847,21.39544245343298,0.3441233764972715
2026-05-14 19:23:15.723654,113.35745234545331,1.168436364398303,8.140437940615044,74.84757764790741,21.058451548785666,0.3441233764972715
2026-05-14 19:24:15.723654,107.6424064613453,1.1235138166836869,7.766578909322482,68.0648748412565,21.8310574354241,0.3441233764972715
2026-05-14 19:25:15.723654,113.46098509267586,1.1912059722059192,7.607489471689632,72.47938229409097,21.329327812514787,0.3441233764972715
2026-05-14 19:26:15.723654,107.31742785573695,1.2268240671738506,8.275448142804414,71.45403147225554,21.92130675725104,0.3441233764972715
2026-05-14 19:27:15.723654,112.40622273731825,1.2789428455155707,8.891933736417604,71.96094976100447,22.970876448224885,0.3441233764972715
2026-05-14 19:28:15.723654,108.64418463314614,1.154191662485067,8.130491841955168,72.60081239170484,21.758288305350547,0.3441233764972715
2026-05-14 19:29:15.723654,106.7124430346891,1.171877305150921,8.418044799800319,73.65081247702855,21.629564128397227,0.3441233764972715
2026-05-14 19:30:15.723654,110.30311461959833,1.2423480167199759,7.5358027158349845,74.93398316356573,21.424696665406405,0.3441233764972715
2026-05-14 19:31:15.723654,109.68587320078738,1.2368124437422117,7.674114134068262,71.73964617700469,20.59105125517038,0.3441233764972715
2026-05-14 19:32:15.723654,108.25427952663615,1.2503365524730337,7.996193972949774,71.08468526858128,21.31592686273976,0.3441233764972715
2026-05-14 19:33:15.723654,106.37687400318246,1.1275556301675347,8.14901580257093,71.4171884072788,22.115083387628935,0.3441233764972715
2026-05-14 19:34:15.723654,109.21035682850304,1.1880946704513191,7.9488582392094465,75.31063073697831,21.95034617891579,0.3441233764972715
2026-05-14 19:35:15.723654,110.02270611398805,1.2120543905494752,7.968743228515687,74.84934107370896,21.38982734729038,0.3441233764972715
2026-05-14 19:36:15.723654,109.35706065448852,1.1700827477857778,7.895204567696056,72.38671146444727,21.792611286956728,0.3441233764972715
2026-05-14 19:37:15.723654,111.97380923579064,1.2423700338375707,7.655400528708184,76.3433411627046,21.39968698421832,0.3441233764972715
2026-05-14 19:38:15.723654,110.5540634404549,1.1385041686517323,8.074964103654017,74.39238142568468,20.81646383906746,0.3441233764972715
2026-05-14 19:39:15.723654,110.5691317428521,1.2511116856460085,7.979975745787327,76.48527132154689,21.46391948830108,0.3441233764972715
2026-05-14 19:40:15.723654,111.05176647225694,1.0728864369565378,8.758003463285855,76.75585155037678,21.416453482900447,0.3441233764972715
2026-05-14 19:41:15.723654,105.40841935687608,1.1982163536693673,7.599192465369688,74.65464213500583,21.764549094609425,0.3441233764972715
2026-05-14 19:42:15.723654,107.46979107215967,1.2398632864348116,8.274042540333667,75.71658173446798,21.563195086861732,0.3441233764972715
2026-05-14 19:43:15.723654,106.5215492763363,1.2327085488646496,7.951258709751078,70.98537477350553,22.23478591801445,0.3441233764972715
2026-05-14 19:44:15.723654,113.55141245116873,1.1817525288051327,8.680106475872803,73.94756451711356,21.368538282944108,0.3441233764972715
2026-05-14 19:45:15.723654,108.09168050179275,1.26566905565373,7.798326965075483,75.23547367984084,21.27918431749768,0.3441233764972715
2026-05-14 19:46:15.723654,108.43198388501499,1.235327419952571,7.918359075605009,72.95534430105027,22.125168583614688,0.3441233764972715
2026-05-14 19:47:15.723654,112.54739199660696,1.2160494254183045,7.83593919680463,72.7437180612957,21.598723866897302,0.3441233764972715
2026-05-14 19:48:15.723654,109.99445753401503,1.134421639747104,8.249281511365774,73.93596171917005,20.70091207570822,0.3441233764972715
2026-05-14 19:49:15.723654,107.49474444524225,1.1586085015715095,8.010512822839498,77.54349265089886,21.6778518880971,0.3441233764972715
2026-05-14 19:50:15.723654,107.67105363036646,1.194846475469451,7.926743805255651,74.41445153895795,21.849050078545094,0.3441233764972715
2026-05-14 19:51:15.723654,111.77105870461159,1.1826006104705915,8.524058287771766,75.58098038496324,21.20504646262119,0.3441233764972715
2026-05-14 19:52:15.723654,113.77230874166064,1.2001646609175975,7.781832778300144,77.0707611623517,22.59765502762651,0.3441233764972715
2026-05-14 19:53:15.723654,109.2865468827246,1.158632422235313,7.980657642255716,75.19439851492626,22.19769456254254,0.3441233764972715
2026-05-14 19:54:15.723654,110.49357207189085,1.1889010956776813,8.481773660583142,73.13926211378782,22.07422590421074,0.3441233764972715
2026-05-14 19:55:15.723654,108.77647181346116,1.2053660831546373,7.998301360054679,73.65323069458523,21.37007297629618,0.3441233764972715
2026-05-14 19:56:15.723654,112.0423054725251,1.147168633348666,7.810300453727202,78.00692219158108,22.04769001735445,0.3441233764972715
2026-05-14 19:57:15.723654,104.58237001277763,1.1555519982935727,7.488773328223199,71.86355367306035,19.989508901910266,0.3441233764972715
2026-05-14 19:58:15.723654,109.07861825477582,1.1267178442960273,8.050341706530746,70.51469254212581,21.600222161613306,0.3441233764972715
2026-05-14 19:59:15.723654,108.52276485392305,1.2589125835135226,8.455777188015503,75.33562626591143,21.39545934469668,0.3441233764972715
2026-05-14 20:00:15.723654,113.3233582006843,1.1061631713621016,7.611302540622716,73.59736886011272,22.685785289487846,0.3441233764972715
2026-05-14 20:01:15.723654,108.94791959642353,1.1746526730936286,7.599797022658272,75.65679423043161,22.035354362191963,0.3441233764972715
2026-05-14 20:02:15.723654,110.93074781296353,1.1523539016117246,7.820358098979913,71.17869055908092,21.600702485907753,0.3441233764972715
2026-05-14 20:03:15.723654,107.19178275160671,1.1249441099916284,7.905262914418612,72.78662270952243,21.28977697061631,0.3441233764972715
2026-05-14 20:04:15.723654,110.28548660384423,1.1877673253616068,7.94592332033848,74.13096091651383,21.06300271447497,0.3441233764972715
2026-05-14 20:05:15.723654,109.56315465798306,1.1913450598963244,7.5814560716845705,75.75632256863159,21.118049382413787,0.3441233764972715
2026-05-14 20:06:15.723654,109.53321700857659,1.2420355222808563,8.310073156805975,73.83360183702852,21.37751673358625,0.3441233764972715
2026-05-14 20:07:15.723654,111.24762122731485,1.2175496841445237,7.846860623478576,72.17514776588747,20.522588644179287,0.3441233764972715
2026-05-14 20:08:15.723654,109.66066109353089,1.1796800480031728,8.373227541884578,74.48304524685159,22.22588083211363,0.3441233764972715
2026-05-14 20:09:15.723654,107.95786895433137,1.2407224518024738,7.873695215760418,75.3201271834754,20.82938703876194,0.3441233764972715
2026-05-14 20:10:15.723654,109.8228680088961,1.0845805381817972,7.952228883709289,74.64564304764669,21.29828195941174,0.3441233764972715
2026-05-14 20:11:15.723654,107.25172215265178,1.2261208587188894,8.001331292537738,72.78579376582951,21.579714195604424,0.3441233764972715
2026-05-14 20:12:15.723654,114.62593569405489,1.2414900777431699,8.381142229948168,74.63602769787559,21.64200887131586,0.3441233764972715
2026-05-14 20:13:15.723654,104.56043283350287,1.149865917930936,7.888197805531073,70.01515093179579,20.98005833991957,0.3441233764972715
2026-05-14 20:14:15.723654,105.39092446831845,1.181898743469224,8.27799992074646,75.97848409713951,21.766158466066905,0.3441233764972715
2026-05-14 20:15:15.723654,107.42580472776658,1.0872116773280949,7.505309519671364,71.22696990538186,21.114336386009448,0.3441233764972715
2026-05-14 20:16:15.723654,109.03310041418054,1.1331067243477444,8.134062897592294,73.30038805429191,21.564039090897797,0.3441233764972715
2026-05-14 20:17:15.723654,111.63309851550612,1.1248033485440743,8.157981502979526,73.73698860293871,21.392023094542438,0.3441233764972715
2026-05-14 20:18:15.723654,111.12311005189564,1.227765642981943,7.748422890695286,73.40061389217502,21.699372076319317,0.3441233764972715
2026-05-14 20:19:15.723654,108.80658391411855,1.2130660018684827,8.116727734864897,77.43005754060289,20.79362666706239,0.3441233764972715
2026-05-14 20:20:15.723654,109.10772543066892,1.1383898096784832,8.213602366123528,70.53059127979976,21.731922590139728,0.3441233764972715
2026-05-14 20:21:15.723654,108.09250054746703,1.1471068419480421,7.5984206684296085,72.83478316748885,22.101016500172747,0.3441233764972715
2026-05-14 20:22:15.723654,109.30222004310475,1.2151989561478165,8.531762676081698,74.29244622953601,21.279366448996115,0.3441233764972715
2026-05-14 20:23:15.723654,110.28710184052929,1.1566001279383782,7.881043324502664,70.72514946065289,22.02189498056948,0.3441233764972715
2026-05-14 20:24:15.723654,108.58059225886483,1.192919847544886,7.721581550909823,74.6368303193218,21.17779561595974,0.3441233764972715
2026-05-14 20:25:15.723654,109.06917996676006,1.227706236816049,8.269597923161573,73.72087491485698,20.674700718673925,0.3441233764972715
2026-05-14 20:26:15.723654,115.33821855028499,1.2711078837677496,8.249172576958305,72.25852749670892,21.501970154176302,0.3441233764972715
2026-05-14 20:27:15.723654,108.26575655061067,1.2470077322089121,8.111120996747365,72.1966073431712,21.323388685464895,0.3441233764972715
2026-05-14 20:28:15.723654,111.59497369530352,1.2638198275951167,8.490869598537689,75.27899918999881,21.432453800625968,0.3441233764972715
2026-05-14 20:29:15.723654,102.86956975950547,1.198672936444504,8.031821501838584,74.04489925253357,21.58571490854389,0.3441233764972715
2026-05-14 20:30:15.723654,106.70007308626539,1.211685363096652,8.22203502370137,75.12961262401018,22.03205473681398,0.3441233764972715
2026-05-14 20:31:15.723654,110.56070070000696,1.1633134646771472,8.011119075116987,73.94718479439761,21.612615959580594,0.3441233764972715
2026-05-14 20:32:15.723654,111.34903272210717,1.2159983729052173,8.6555731613628,78.17787301966021,21.598591026334248,0.3441233764972715
2026-05-14 20:33:15.723654,101.67928631324497,1.245656558560456,7.870257227795698,72.16196721622885,21.359543597532603,0.3441233764972715
2026-05-14 20:34:15.723654,108.4593113165345,1.2144284257593625,7.564539395753947,71.60949356830766,21.730345512125993,0.3441233764972715
2026-05-14 20:35:15.723654,110.59848547099033,1.2158920175008934,7.796259245811825,71.80840376135838,21.305448818133325,0.3441233764972715
2026-05-14 20:36:15.723654,109.83234291473316,1.2580888037177202,7.418138973760589,73.32347754597413,20.892427014514684,0.3441233764972715
2026-05-14 20:37:15.723654,106.04811205545673,1.2321627675213336,8.195757501841616,74.66380209178539,22.019279154892782,0.3441233764972715
2026-05-14 20:38:15.723654,108.39315961663144,1.1621830594374163,8.688089314508588,73.27179295137171,21.92633229155433,0.3441233764972715
2026-05-14 20:39:15.723654,109.36536049209035,1.091402008750172,7.418981428351435,72.60696662001105,22.086816860862278,0.3441233764972715
2026-05-14 20:40:15.723654,110.92918072343572,1.2295187934652945,7.73625627581092,76.99668004013549,21.076319584934094,0.3441233764972715
2026-05-14 20:41:15.723654,109.77824620750364,1.1832973207587059,7.980207983397439,76.44211933648208,21.206210974944305,0.3441233764972715
2026-05-14 20:42:15.723654,106.65338689873985,1.1848147095644137,7.912422109205857,80.51970089805616,21.89701997324727,0.3441233764972715
2026-05-14 20:43:15.723654,108.53391625972647,1.1310093567947384,7.4682836063211795,71.714496888416,21.616237120906852,0.3441233764972715
2026-05-14 20:44:15.723654,112.20725471335325,1.2398993923734887,8.101098578985729,73.11859972848589,21.693172413233363,0.3441233764972715
2026-05-14 20:45:15.723654,108.31532141519456,1.2697331350422865,7.97561307510929,73.5922593433974,20.45085502251695,0.3441233764972715
2026-05-14 20:46:15.723654,108.96172771711818,1.2256391421523398,7.712053356380252,72.26349439090524,21.955121743894118,0.3441233764972715
2026-05-14 20:47:15.723654,106.3992829631276,1.2367049856311887,7.872726962439884,72.98779861890846,20.996827032464488,0.3441233764972715
2026-05-14 20:48:15.723654,110.10868993101948,1.3068085345055618,8.266819301330004,72.03636453600978,22.12657652777302,0.3441233764972715
2026-05-14 20:49:15.723654,108.71923831829521,1.2525391843254707,8.274373050141124,67.87865192894739,21.056726418549772,0.3441233764972715
2026-05-14 20:50:15.723654,111.24136785583448,1.1913977988613436,7.72524334517946,72.49775602890324,20.605647924982595,0.3441233764972715
2026-05-14 20:51:15.723654,109.17585083511092,1.294349421554881,8.273850146711512,78.1457690622677,21.999964779922276,0.3441233764972715
2026-05-14 20:52:15.723654,111.40755609686909,1.2825188696413439,8.145549107294483,73.3904804168771,22.07509499333829,0.3441233764972715
2026-05-14 20:53:15.723654,112.26027788440749,1.1598167031184823,7.815899404789806,74.04264712475262,21.974515668493115,0.3441233764972715
2026-05-14 20:54:15.723654,110.94877950748683,1.1126065552447129,8.60585194961081,72.48260520109716,21.426233736582997,0.3441233764972715
2026-05-14 20:55:15.723654,107.54728869018807,1.3187313770509472,8.104991330578205,72.06298489852773,21.990728010008507,0.3441233764972715
2026-05-14 20:56:15.723654,110.89086896878378,1.1744285840750985,8.28455214332683,72.11435113822913,21.312307097552658,0.3441233764972715
2026-05-14 20:57:15.723654,105.33216410103158,1.1176173810431147,8.57465937119302,77.04779231533549,21.591660559351766,0.3441233764972715
2026-05-14 20:58:15.723654,112.67846030454339,1.1758112109236776,7.959347038721442,73.87795635682197,21.496305437365503,0.3441233764972715
2026-05-14 20:59:15.723654,108.92220476304335,1.2409848406115704,8.077410825678676,75.18989858875847,22.07445649766595,0.3441233764972715
2026-05-14 21:00:15.723654,110.12896900147318,1.1353013689586808,7.626510362802604,74.06249632950546,21.473138082614817,0.3441233764972715
2026-05-14 21:01:15.723654,109.52738026800395,1.1830122332916635,8.807442227541785,71.10448254860819,20.563793100116722,0.3441233764972715
2026-05-14 21:02:15.723654,110.01735107720293,1.164993807524683,8.1271904904108,74.93270110445886,22.200818582616733,0.3441233764972715
2026-05-14 21:03:15.723654,106.33814576939584,1.1559790403612347,8.160998507156044,75.30586225126531,22.655491010171477,0.3441233764972715
2026-05-14 21:04:15.723654,111.26400535239145,1.1809755054597788,7.765239403609017,72.63635535445282,21.26241482354873,0.3441233764972715
2026-05-14 21:05:15.723654,110.66306466719124,1.1966648075333843,7.635275258239161,72.89313212171,21.997540011752996,0.3441233764972715
2026-05-14 21:06:15.723654,110.05592212011183,1.2122471660547314,8.147246642508994,77.01779652910858,21.67678776693947,0.3441233764972715
2026-05-14 21:07:15.723654,108.58055181442232,1.1380271831974147,8.107252966954729,68.88352703034069,21.46662173411093,0.3441233764972715
2026-05-14 21:08:15.723654,108.94091769032103,1.1155913925732288,7.753890377895016,75.38425012018735,21.674122109564767,0.3441233764972715
2026-05-14 21:09:15.723654,109.55617407757836,1.1991323119506938,8.060158405876491,76.25066018560749,21.62048082587911,0.3441233764972715
2026-05-14 21:10:15.723654,106.43617118252621,1.2653214334978133,8.143472209690469,72.58642759830073,20.932065375879777,0.3441233764972715
2026-05-14 21:11:15.723654,110.1444258520798,1.177956335005374,8.504614165301538,73.0731204985572,21.14007584018605,0.3441233764972715
2026-05-14 21:12:15.723654,111.14418984663557,1.2300790298899342,8.082965539774873,75.11764915524067,21.539922674656165,0.3441233764972715
2026-05-14 21:13:15.723654,109.82032761218221,1.2420644793822888,8.219965629698265,73.42638618322562,22.23494750799036,0.3441233764972715
2026-05-14 21:14:15.723654,104.62288666458069,1.2864186008251894,7.520582401024594,72.51074941034626,21.53830746742975,0.3441233764972715
2026-05-14 21:15:15.723654,109.05963606870739,1.2341354872554204,7.715019143908744,74.28646869485699,21.26966018591741,0.3441233764972715
2026-05-14 21:16:15.723654,109.94287936883855,1.180576322264199,8.060250825296707,72.66508539496216,21.303734259979244,0.3441233764972715
2026-05-14 21:17:15.723654,109.92714243821857,1.231000710541895,7.852886329232461,72.02739997074504,21.865496317863204,0.3441233764972715
2026-05-14 21:18:15.723654,109.28758962404834,1.2253398419533903,7.760630965480471,70.206057209044,21.292264194114118,0.3441233764972715
2026-05-14 21:19:15.723654,107.81989219163368,1.1798755152500777,7.841316565210698,75.24696896256376,21.414691103816025,0.3441233764972715
2026-05-14 21:20:15.723654,109.65354640771152,1.1916966631761399,8.090856657215472,73.71667683898092,21.814066580232442,0.3441233764972715
2026-05-14 21:21:15.723654,107.76128714251209,1.253785831586787,7.961408914481254,71.1418367840935,21.65280291352317,0.3441233764972715
2026-05-14 21:22:15.723654,107.65023644526875,1.2170816619795366,8.695251802304528,72.19179087677516,21.72495240163928,0.3441233764972715
2026-05-14 21:23:15.723654,105.84158623275445,1.2065101967261602,7.766655989551908,72.51526582302189,21.00812299010737,0.3441233764972715
2026-05-14 21:24:15.723654,110.81689986227317,1.2341801531277559,8.039385693889367,72.03608164921943,22.353527753079216,0.3441233764972715
2026-05-14 21:25:15.723654,107.8517771546544,1.0757133202577207,8.169886832478936,71.55538571260783,22.053070631776873,0.3441233764972715
2026-05-14 21:26:15.723654,108.59032201681687,1.2140005972813026,8.452820233457462,71.34721733064941,21.27579766958108,0.3441233764972715
2026-05-14 21:27:15.723654,109.20125526484958,1.26069250120581,7.8348553141096815,72.57592766799284,21.797836522805188,0.3441233764972715
2026-05-14 21:28:15.723654,108.19813995874257,1.1914412293989736,7.5669089032013765,78.19359494500405,20.884911619872582,0.3441233764972715
2026-05-14 21:29:15.723654,108.7090920021833,1.182190883461988,8.606176569798853,71.11524349802538,22.55061830276666,0.3441233764972715
2026-05-14 21:30:15.723654,110.86695105236775,1.204669701475255,7.736980023386428,74.90721754396701,21.197022923817386,0.3441233764972715
2026-05-14 21:31:15.723654,111.88591991656054,1.1352618337987062,7.99842258115499,72.65438888386451,21.06500475381379,0.3441233764972715
2026-05-14 21:32:15.723654,110.83523704397953,1.2105878726245745,8.395073189162114,70.20518484347453,22.090851586197807,0.3441233764972715
2026-05-14 21:33:15.723654,114.3634952208775,1.1612328807952454,8.600914713124507,73.23861251577121,20.872561366246632,0.3441233764972715
2026-05-14 21:34:15.723654,108.74133252535012,1.2362251336378565,7.780917184792355,72.56425774187788,21.85553595117388,0.3441233764972715
2026-05-14 21:35:15.723654,109.35871764364086,1.2130460828784297,8.103718991719315,74.724185698994,21.342615642122514,0.3441233764972715
2026-05-14 21:36:15.723654,109.8160592942245,1.1374462849692961,8.41890021624283,72.49638562625623,22.123189978801978,0.3441233764972715
2026-05-14 21:37:15.723654,108.88538348819797,1.1939148857919588,7.883880764224605,71.7329441975548,20.686386041224633,0.3441233764972715
2026-05-14 21:38:15.723654,107.24194909297879,1.1676194925932966,8.09593388314048,75.78569368645739,21.33588750512886,0.3441233764972715
2026-05-14 21:39:15.723654,107.58867588162936,1.1116791959539571,8.176389214863047,76.53132409054955,22.19193136900543,0.3441233764972715
2026-05-14 21:40:15.723654,110.77246290645819,1.2157421011174727,8.541657263404616,74.42909798272449,21.881831073039372,0.3441233764972715
2026-05-14 21:41:15.723654,108.71102968645971,1.1157127667113549,7.827215459341942,73.74661698282155,21.589158921277935,0.3441233764972715
2026-05-14 21:42:15.723654,113.2051691198745,1.1878787936336461,8.386023162699509,72.89478057673823,21.40292829214467,0.3441233764972715
2026-05-14 21:43:15.723654,106.69458213571681,1.1466985346102643,8.190464546900941,73.78005542067913,22.030235544975902,0.3441233764972715
2026-05-14 21:44:15.723654,109.71510530685381,1.1661922486722056,8.676859188627903,73.57712792246477,22.140266719879936,0.3441233764972715
2026-05-14 21:45:15.723654,108.55017899707435,1.219294909223271,8.31077482723732,74.18191900104202,20.381524773678983,0.3441233764972715
2026-05-14 21:46:15.723654,109.38910233187593,1.2453379376420914,8.190614379400134,74.65661281034936,20.697637768048526,0.3441233764972715
2026-05-14 21:47:15.723654,107.9116872688136,1.2043828168116648,8.155485112527883,76.19426862015666,21.486332857454236,0.3441233764972715
2026-05-14 21:48:15.723654,110.16424558351135,1.1846336473506573,7.736287308541348,69.25335239770136,21.774271081092323,0.3441233764972715
2026-05-14 21:49:15.723654,109.70049182698934,1.1529061831490843,7.546618212537055,75.02441408870834,21.42580619792951,0.3441233764972715
2026-05-14 21:50:15.723654,110.4663468549,1.2770173617746807,7.389940865395904,72.36573344248613,21.45407842837133,0.3441233764972715
2026-05-14 21:51:15.723654,112.26224975845702,1.1019947842937685,8.613128437195996,74.03664686302344,21.510765904160355,0.3441233764972715
2026-05-14 21:52:15.723654,108.9564778837259,1.1620017836450913,8.346805157272561,71.62789355172598,21.731473325849212,0.3441233764972715
2026-05-14 21:53:15.723654,108.58423407874976,1.145708262828388,8.808162682196983,74.60303652939778,21.86539900735786,0.3441233764972715
2026-05-14 21:54:15.723654,111.62815097150103,1.1127474379881654,8.558057702228425,68.74702070290071,21.174383030008023,0.3441233764972715
2026-05-14 21:55:15.723654,108.43453406380591,1.212901103502618,8.09798560933426,73.43130557849408,21.552767562713424,0.3441233764972715
2026-05-14 21:56:15.723654,107.39655136311858,1.108953315529884,8.250323616192633,75.15234728496323,22.351013422605813,0.3441233764972715
2026-05-14 21:57:15.723654,107.7725632165333,1.2184556957691388,7.947258110982395,76.14588503027782,22.069747623366357,0.3441233764972715
2026-05-14 21:58:15.723654,109.77501620861263,1.1668384274207935,8.320649783074293,75.05874410640399,21.216546033984194,0.3441233764972715
2026-05-14 21:59:15.723654,106.69700006320485,1.169388290220003,8.486994274096277,76.05790937735694,21.002602500191994,0.3441233764972715
2026-05-14 22:00:15.723654,107.01708257836387,1.247549127738067,7.691679358064466,74.78352570717487,21.250730627359122,0.3441233764972715
2026-05-14 22:01:15.723654,112.58668725920708,1.1452936952971988,8.375378588553563,74.13465236801159,21.68486366214443,0.3441233764972715
2026-05-14 22:02:15.723654,105.4119802474609,1.0736692675938069,7.966200347411621,74.25874718672408,20.996167321158424,0.3441233764972715
2026-05-14 22:03:15.723654,107.17521058921102,1.2118885667453994,8.201226473628955,73.48945293911501,21.948867095620322,0.3441233764972715
2026-05-14 22:04:15.723654,107.00419281872341,1.1660181893997443,8.526733411226918,73.90157931977049,21.621922492320785,0.3441233764972715
2026-05-14 22:05:15.723654,113.96449058209919,1.1138478269616543,8.271299239484447,77.09290761950706,21.396337271778012,0.3441233764972715
2026-05-14 22:06:15.723654,111.0718589838734,1.1347139603935474,7.826350410821609,74.53486789198612,21.95804957158258,0.3441233764972715
2026-05-14 22:07:15.723654,111.5944704349762,1.2622963646010674,8.01213616192526,76.15215857023604,21.38761381330271,0.3441233764972715
2026-05-14 22:08:15.723654,111.15678003334024,1.1941893751467019,8.166073501616392,74.61195080793493,20.75641373012838,0.3441233764972715
2026-05-14 22:09:15.723654,107.10435369244216,1.1889420072449688,7.526186405599464,75.42735726629037,21.994544218171356,0.3441233764972715
2026-05-14 22:10:15.723654,110.00693851591929,1.1277582346161967,8.44641181115237,77.83935633932758,21.63230464875027,0.3441233764972715
2026-05-14 22:11:15.723654,110.37366816706619,1.1939018679938949,8.191480886191455,73.52581754663807,21.541484115105384,0.3441233764972715
2026-05-14 22:12:15.723654,111.16403261115845,1.3010961433489148,7.612348759171293,73.55731009108493,20.968535992411244,0.3441233764972715
2026-05-14 22:13:15.723654,112.53664720731588,1.154428036788098,7.599409891356077,75.04130905758801,22.43092179239884,0.3441233764972715
2026-05-14 22:14:15.723654,110.67979314728524,1.1940548291181887,8.155112406324614,76.59461638554197,21.12166660002021,0.3441233764972715
2026-05-14 22:15:15.723654,109.12890320199108,1.1611804278286162,7.6820105373043015,73.10818454105726,22.11262678301851,0.3441233764972715
2026-05-14 22:16:15.723654,110.48580170694916,1.2160304602595027,8.07631281298781,74.81158262534804,21.15847106385323,0.3441233764972715
2026-05-14 22:17:15.723654,108.73357763830926,1.1934151471025265,8.115624887156383,74.40531076973461,21.489598594019096,0.3441233764972715
2026-05-14 22:18:15.723654,108.59775060790305,1.3417034994063077,8.304406311371535,74.5912300117961,21.442161985924088,0.3441233764972715
2026-05-14 22:19:15.723654,108.45015975627595,1.177274905567745,8.12021878256782,70.0040639717647,20.774071437339945,0.3441233764972715
2026-05-14 22:20:15.723654,108.0788326322858,1.1941719070930212,7.96058818534626,76.72117751208982,20.8175678415294,0.3441233764972715
2026-05-14 22:21:15.723654,107.84990647095697,1.259819522303648,8.071705926894358,75.53462022549317,22.584389706662016,0.3441233764972715
2026-05-14 22:22:15.723654,107.96498857436006,1.1788492183644912,7.950642059212553,69.8557490509243,21.4035678331493,0.3441233764972715
2026-05-14 22:23:15.723654,111.11472178492504,1.2108444123447049,8.218095080308219,73.01391709861186,21.230717617024464,0.3441233764972715
2026-05-14 22:24:15.723654,111.89110875396095,1.1589490779362093,8.120594741129779,74.09160442124593,22.289624743155844,0.3441233764972715
2026-05-14 22:25:15.723654,111.29542212550842,1.1190520042207368,7.676104179459303,74.92275469602913,21.5265974113377,0.3441233764972715
2026-05-14 22:26:15.723654,108.44225384225618,1.2345963294538163,8.088607944118488,73.86984983366975,21.94868055540481,0.3441233764972715
2026-05-14 22:27:15.723654,108.60237942027658,1.2622408845277204,7.795955842521913,75.07879319257503,22.275682654357208,0.3441233764972715
2026-05-14 22:28:15.723654,106.59800643161951,1.1666481764614702,8.375032347357482,76.07942415535291,21.473018434833165,0.3441233764972715
2026-05-14 22:29:15.723654,107.88325522280999,1.2316117263706308,8.387434860266296,71.43560836286608,20.956809410544096,0.3441233764972715
2026-05-14 22:30:15.723654,109.80311077413091,1.2152829669255374,7.942649403922799,75.12352269985556,21.203697931608595,0.3441233764972715
2026-05-14 22:31:15.723654,105.12321021201623,1.1626198816374629,8.051339773445745,73.21325514009794,20.979464603197542,0.3441233764972715
2026-05-14 22:32:15.723654,105.72129945840608,1.158110495035698,8.301666860986739,76.27732993871822,22.152622927096512,0.3441233764972715
2026-05-14 22:33:15.723654,107.7207783398666,1.1261296190725745,8.181360513985783,75.03513508308671,21.758851037627533,0.3441233764972715
2026-05-14 22:34:15.723654,105.32447086168818,1.1404707060099195,8.023463492406021,74.73937144915172,21.94241991632853,0.3441233764972715
2026-05-14 22:35:15.723654,109.6411044547278,1.2003541255810046,8.057829767000147,75.13617380832783,21.71519906077274,0.3441233764972715
2026-05-14 22:36:15.723654,109.48407273025829,1.1703964952972237,8.056757557004559,74.73411781756941,21.692503929476317,0.3441233764972715
2026-05-14 22:37:15.723654,110.11425024685421,1.250951028321652,8.11191930631579,72.46693801894455,22.00056962802437,0.3441233764972715
2026-05-14 22:38:15.723654,106.62020073482587,1.1297442662171284,8.133124308907835,74.79772839546402,20.93624062327529,0.3441233764972715
2026-05-14 22:39:15.723654,108.5869624481902,1.1535107436431098,7.886367232627336,75.65213061243675,21.91201896680091,0.3441233764972715
2026-05-14 22:40:15.723654,109.31435305045629,1.1565168388983464,7.627475228425773,76.60530493745476,21.854823185169746,0.3441233764972715
2026-05-14 22:41:15.723654,107.93925920201742,1.2197949101353374,8.011303043319428,73.19071605016617,21.776371999172085,0.3441233764972715
2026-05-14 22:42:15.723654,107.86960091033826,1.1666271092785871,8.068808448751678,72.76603267412044,21.893308840161048,0.3441233764972715
2026-05-14 22:43:15.723654,113.09073041752023,1.1461000286237357,7.532832540600602,69.76145472493833,21.483532164279794,0.3441233764972715
2026-05-14 22:44:15.723654,108.02626822991134,1.1942079603074467,8.072149431099644,70.55850136666267,20.651324320286584,0.3441233764972715
2026-05-14 22:45:15.723654,109.9444638908559,1.1905863769900906,7.904624729981849,70.45064788962625,21.79446186640978,0.3441233764972715
2026-05-14 22:46:15.723654,111.8963965010116,1.1977140572650389,7.778127962322295,73.85403939103317,20.875709194560443,0.3441233764972715
2026-05-14 22:47:15.723654,111.4685188378413,1.1879071519805697,7.501923055965845,73.1635863390035,21.7904169901444,0.3441233764972715
2026-05-14 22:48:15.723654,108.68650216821267,1.170020149182084,7.665049467377633,74.89801703405418,21.234531635017717,0.3441233764972715
2026-05-14 22:49:15.723654,105.03970665615364,1.165252066720573,8.32671504416292,72.99107616669096,22.427758727589044,0.3441233764972715
2026-05-14 22:50:15.723654,110.21053330726075,1.2007528433681112,7.993850649716532,73.62836264436228,21.427054417467534,0.3441233764972715
2026-05-14 22:51:15.723654,108.74805862599865,1.2103582933574502,7.751620760554645,71.61314740244234,20.997168709589594,0.3441233764972715
2026-05-14 22:52:15.723654,113.44390650551802,1.2103320803376219,8.123717789995858,71.649905719304,21.8704373853647,0.3441233764972715
2026-05-14 22:53:15.723654,109.11945471725706,1.1945233823106802,7.739384034732748,74.08547277472601,21.346849465924045,0.3441233764972715
2026-05-14 22:54:15.723654,107.82137509610334,1.2205202520444551,7.571057786932814,74.89448758851915,21.901009301803782,0.3441233764972715
2026-05-14 22:55:15.723654,107.59331005906122,1.1427985121974693,7.965462425111895,74.3290074808153,21.482338739120173,0.3441233764972715
2026-05-14 22:56:15.723654,110.21972233054747,1.2719639178809627,7.880055098746901,70.33457511848403,21.97172802654261,0.3441233764972715
2026-05-14 22:57:15.723654,112.71922656201878,1.203453353406649,7.706045526885714,73.51715033342046,20.999504492921467,0.3441233764972715
2026-05-14 22:58:15.723654,110.6383083980896,1.116250415119171,7.942331493443355,71.75625940730305,21.622178577594767,0.3441233764972715
2026-05-14 22:59:15.723654,108.61991405588819,1.192653040416606,8.039075295981725,71.79161700444264,21.872204766791796,0.3441233764972715
2026-05-14 23:00:15.723654,109.25506610647749,1.1343884848607977,8.704648096353553,74.7177953933251,21.482135958327632,0.3441233764972715
2026-05-14 23:01:15.723654,112.18300646356735,1.275905715723423,7.988765302797649,74.45973003276039,21.064764826025815,0.3441233764972715
2026-05-14 23:02:15.723654,109.05821190862768,1.1738618075660994,8.087818239578311,74.43045601716489,21.838680459441314,0.3441233764972715
2026-05-14 23:03:15.723654,109.82788272276363,1.1232778039226345,7.75082999776949,72.67211982096352,21.41764593906567,0.3441233764972715
2026-05-14 23:04:15.723654,111.45414599110794,1.1256679859114471,7.925145615040605,75.67095405631896,21.40882749777898,0.3441233764972715
2026-05-14 23:05:15.723654,110.27342870984936,1.1768378331076976,8.109405106689232,73.30798997227178,21.89229897139146,0.3441233764972715
2026-05-14 23:06:15.723654,106.26248459535084,1.1656493348346655,8.121341932500107,74.83232555590324,22.305242546404198,0.3441233764972715
2026-05-14 23:07:15.723654,108.57054807643256,1.2577890233471365,7.8346629814939135,76.42222788298015,21.967499798376473,0.3441233764972715
2026-05-14 23:08:15.723654,107.52568025089927,1.1991668971166838,8.016999378832157,75.01610424724086,21.447130440810632,0.3441233764972715
2026-05-14 23:09:15.723654,108.73810495884025,1.2522696643922353,8.002753861155114,75.4177797082744,21.446090492505185,0.3441233764972715
2026-05-14 23:10:15.723654,112.68592392861876,1.149898203787318,7.848127070117659,76.81396942212267,21.336293039579658,0.3441233764972715
2026-05-14 23:11:15.723654,112.5547460224925,1.2284069642338333,7.985975217523565,70.13834811585654,21.549107082891368,0.3441233764972715
2026-05-14 23:12:15.723654,109.55585751723056,1.2421758219193113,8.508904282363849,72.39496070160337,21.959357117021376,0.3441233764972715
2026-05-14 23:13:15.723654,110.88340172219041,1.237485570374615,8.181977103132478,69.87993967796731,21.481055018763406,0.3441233764972715
2026-05-14 23:14:15.723654,107.04118226032988,1.1736846466081892,8.326371400331983,74.37523673164081,22.132811668226,0.3441233764972715
2026-05-14 23:15:15.723654,110.03610525159078,1.1188986382706476,7.276116027519994,74.06255258325004,21.4518030018517,0.3441233764972715
2026-05-14 23:16:15.723654,107.39870593139995,1.0987835727715238,7.811947165450002,73.3759520901613,21.89170514688048,0.3441233764972715
2026-05-14 23:17:15.723654,109.72985957329968,1.2642182976127292,7.7216889126781965,75.52705284400572,21.58241560659165,0.3441233764972715
2026-05-14 23:18:15.723654,110.74193565840088,1.1619891920908156,8.353874241658993,74.35538457658134,21.21904374256841,0.3441233764972715
2026-05-14 23:19:15.723654,109.32854935233733,1.1718371423072378,8.179123634683153,71.40538156114184,21.544090383969436,0.3441233764972715
2026-05-14 23:20:15.723654,110.14321191546237,1.1854661006137444,8.436452502808514,75.31298060803296,21.555025836656913,0.3441233764972715
2026-05-14 23:21:15.723654,109.78597560515905,1.1985982128281927,8.153360010741862,70.11361906856165,21.40800308714261,0.3441233764972715
2026-05-14 23:22:15.723654,106.38371927377686,1.247728982627067,8.014115273490937,73.37825316053161,22.007164901043904,0.3441233764972715
2026-05-14 23:23:15.723654,110.19724700506346,1.1273832095351324,8.011098520733604,73.09460111343809,20.68649979072426,0.3441233764972715
2026-05-14 23:24:15.723654,107.9720449436893,1.1746379191532694,7.997884850044262,70.80047221253625,22.134599026551022,0.3441233764972715
2026-05-14 23:25:15.723654,109.14839129238084,1.1856925890871208,8.152562620993766,72.18878255208352,21.786944221593632,0.3441233764972715
2026-05-14 23:26:15.723654,108.61844811812735,1.1389856582217333,8.204404377498435,76.74828277749448,21.9211809217702,0.3441233764972715
2026-05-14 23:27:15.723654,111.19855254044457,1.1577834049259779,7.553084210741278,76.74521010409055,22.586023679729664,0.3441233764972715
2026-05-14 23:28:15.723654,112.43821095770308,1.1670256383051052,7.685979827873162,71.63356966425172,20.71689995122026,0.3441233764972715
2026-05-14 23:29:15.723654,109.13784017334362,1.2640988331582155,7.989871339930142,74.3695808605874,22.24656471717939,0.3441233764972715
2026-05-14 23:30:15.723654,108.54440678649891,1.2855915080900724,8.62999845174105,73.5027123825299,21.26999910301768,0.3441233764972715
2026-05-14 23:31:15.723654,110.74707350294433,1.1664386881281499,7.685403564371614,76.32741236693683,22.166989928665824,0.3441233764972715
2026-05-14 23:32:15.723654,109.66362061769084,1.1206716975676838,7.663512254126599,73.97939363672917,21.308830717774768,0.3441233764972715
2026-05-14 23:33:15.723654,108.6704115458805,1.2349130930070928,8.252323924718581,76.52122042088608,21.063454623338657,0.3441233764972715
2026-05-14 23:34:15.723654,108.66621427279028,1.2217640200270985,8.166793631795683,76.8296958250661,21.76903458797932,0.3441233764972715
2026-05-14 23:35:15.723654,113.04881561837482,1.21081582534025,8.351020363768413,73.11790516632195,21.56590984096928,0.3441233764972715
2026-05-14 23:36:15.723654,111.17448621784266,1.2644638437837454,8.25114121428504,73.59859151602161,22.247433749791455,0.3441233764972715
2026-05-14 23:37:15.723654,104.96864009760395,1.112703210178749,8.236860396592332,73.79315177239711,21.861523060589366,0.3441233764972715
2026-05-14 23:38:15.723654,109.4814124550276,1.2123622199842865,7.788049283193858,74.90590723205024,22.055973499131078,0.3441233764972715
2026-05-14 23:39:15.723654,111.79369861802617,1.2844926499865277,8.10559966254253,74.31275723358522,20.79718000294036,0.3441233764972715
2026-05-14 23:40:15.723654,108.28977460788686,1.1741608315537622,8.347465995174721,72.54293281171161,21.9569362449017,0.3441233764972715
2026-05-14 23:41:15.723654,109.34935397623696,1.1749565294983546,8.107038320231792,72.98262231538517,21.344247610980954,0.3441233764972715
2026-05-14 23:42:15.723654,105.94302559858347,1.1714172248876982,7.888379685647197,72.7329730811927,21.767202766322306,0.3441233764972715
2026-05-14 23:43:15.723654,110.66986131574473,1.195424660486209,8.330994686626656,74.91605891155159,21.411238140124464,0.3441233764972715
2026-05-14 23:44:15.723654,108.42688483873495,1.1994560470924351,8.204500262462386,76.56062367395386,22.154352757497332,0.3441233764972715
2026-05-14 23:45:15.723654,108.26965139714937,1.1787146212477297,8.233675470967146,75.90093061600881,22.02825096937968,0.3441233764972715
2026-05-14 23:46:15.723654,109.22484174450102,1.121113802632667,7.732689216618137,74.31020208852969,21.729879024739457,0.3441233764972715
2026-05-14 23:47:15.723654,107.15523866329494,1.1860434157985564,8.22173743658335,71.46248174487657,22.111264835929493,0.3441233764972715
2026-05-14 23:48:15.723654,108.59753511304406,1.2466955908829254,7.872334395759045,71.7116840941225,21.329697740106425,0.3441233764972715
2026-05-14 23:49:15.723654,109.16230116400907,1.1643909399155188,7.967569703019881,74.43286535924324,21.473176550129086,0.3441233764972715
2026-05-14 23:50:15.723654,109.2203726222597,1.098353615293963,8.149879534294957,73.58652846450752,22.36391272526872,0.3441233764972715
2026-05-14 23:51:15.723654,107.47346707565579,1.093400168829117,8.217790677670827,74.45798909651685,21.054549724761713,0.3441233764972715
2026-05-14 23:52:15.723654,106.29309950015553,1.2606847717883072,8.456603246673849,68.7900215424786,21.329654720399034,0.3441233764972715
2026-05-14 23:53:15.723654,112.6809815197315,1.1600118073651995,7.885186459283819,73.19941640463212,20.998317748143204,0.3441233764972715
2026-05-14 23:54:15.723654,105.94304592170762,1.2364423007908303,7.479489057617512,74.25947796410837,22.00205598140611,0.3441233764972715
2026-05-14 23:55:15.723654,106.45014481236139,1.1376015151243393,8.396323886009291,74.83071850034494,21.25012338158784,0.3441233764972715
2026-05-14 23:56:15.723654,111.75709541688605,1.2441417214268078,8.113085937396527,71.96461460414353,21.35204188329139,0.3441233764972715
2026-05-14 23:57:15.723654,109.92537089807449,1.1743851937967182,8.31405728296227,70.70538689967219,20.811634470494166,0.3441233764972715
2026-05-14 23:58:15.723654,109.71433963312857,1.1592377145637476,7.8442555450824925,70.22882162154207,21.568539157426375,0.3441233764972715
2026-05-14 23:59:15.723654,109.24708719416218,1.21648888435168,8.053041969428106,73.49972690340987,22.147266553422455,0.3441233764972715
2026-05-15 00:00:15.723654,106.72766280326661,1.2106343961964716,7.53102598005321,72.08821129988924,20.95243766871563,0.3441233764972715
2026-05-15 00:01:15.723654,110.91648248106755,1.180544423574323,8.028319156113922,71.55146908443196,21.40891948706084,0.3441233764972715
2026-05-15 00:02:15.723654,107.82566680354549,1.2029876859968036,7.735042788892331,76.42452379030101,20.72097601021524,0.3441233764972715
2026-05-15 00:03:15.723654,107.7395577452506,1.2676749607523976,7.901828505103205,71.13517773108204,21.66830201629612,0.3441233764972715
2026-05-15 00:04:15.723654,108.40181292573463,1.1420214224731775,7.7036088862522,79.30168227114275,21.432990284935215,0.3441233764972715
2026-05-15 00:05:15.723654,105.50146268949796,1.2585004232043695,8.215691401024985,72.23200219785129,21.092206690684215,0.3441233764972715
2026-05-15 00:06:15.723654,110.69954300248017,1.17146901887962,7.454576783958284,77.33941498910019,21.341771003919305,0.3441233764972715
2026-05-15 00:07:15.723654,112.34374088312856,1.2477366831523784,7.732067266146971,75.83131478861715,21.233044960095445,0.3441233764972715
2026-05-15 00:08:15.723654,105.61919623655582,1.1625850269529856,8.151661380024699,72.83946176389819,21.405242064564735,0.3441233764972715
2026-05-15 00:09:15.723654,111.63972950002093,1.1891396342685974,7.779380636106329,75.16899570722552,21.657604018504408,0.3441233764972715
2026-05-15 00:10:15.723654,104.30938780723963,1.2052325809426652,8.149918741806646,73.80517731905258,22.004616525562074,0.3441233764972715
2026-05-15 00:11:15.723654,108.00781024151071,1.2006399246951378,7.562282318141609,74.57911582668852,22.535296082797235,0.3441233764972715
2026-05-15 00:12:15.723654,107.36288470522862,1.145824828654704,7.819365496624349,74.02493151149405,21.027248098600428,0.3441233764972715
2026-05-15 00:13:15.723654,110.19509216754567,1.226156932527551,8.19267429352795,70.22810420861471,22.056350067606587,0.3441233764972715
2026-05-15 00:14:15.723654,111.22733223867107,1.225323003871408,8.144222804088562,74.20531368830113,22.074960934090484,0.3441233764972715
2026-05-15 00:15:15.723654,113.19962438537063,1.1361629120858503,8.355807748230246,73.59250086387596,21.493929709012985,0.3441233764972715
2026-05-15 00:16:15.723654,106.27953602939964,1.169575464778323,7.73319064210129,72.83722620087897,21.00967304313821,0.3441233764972715
2026-05-15 00:17:15.723654,108.4547806355377,1.1635094174029226,8.061396605023456,70.5354353353082,20.836007161154622,0.3441233764972715
2026-05-15 00:18:15.723654,110.07642595162477,1.143943029400588,8.354729066560795,74.21547450392096,21.86214731013049,0.3441233764972715
2026-05-15 00:19:15.723654,112.1739820510055,1.168329394663764,7.860024117866932,75.50834023108848,21.81352301699213,0.3441233764972715
2026-05-15 00:20:15.723654,108.97793679052111,1.2533878336018898,7.968696836539836,73.83048233500243,21.569377560444416,0.3441233764972715
2026-05-15 00:21:15.723654,107.48340962036677,1.1876942047284123,8.451398182711362,74.6548716906432,21.57429794822675,0.3441233764972715
2026-05-15 00:22:15.723654,109.02906284783238,1.2003582866744102,8.25730011803857,74.98341272167036,21.392833804116297,0.3441233764972715
2026-05-15 00:23:15.723654,110.00216059838394,1.2078119223115067,7.730211633233721,74.10139614225825,20.478114291876103,0.3441233764972715
2026-05-15 00:24:15.723654,110.31766482980608,1.2168320879822268,8.256633967227753,72.97484135555173,21.713289652539302,0.3441233764972715
2026-05-15 00:25:15.723654,112.20050510124605,1.2545034176686558,8.023618319723846,74.04357432134998,22.1142218073945,0.3441233764972715
2026-05-15 00:26:15.723654,106.35099337963936,1.1676611481202415,8.433041266152841,75.71533614326039,21.743398123852238,0.3441233764972715
2026-05-15 00:27:15.723654,106.34093259950247,1.1813194236020346,7.855395510616835,74.42701286552528,21.154092892629844,0.3441233764972715
2026-05-15 00:28:15.723654,107.3011506202145,1.0805716713699107,8.398911534984824,72.96539403700474,21.63733912687855,0.3441233764972715
2026-05-15 00:29:15.723654,109.34812117721535,1.1304432386060679,7.654650656057357,71.75430480789639,21.19718201561259,0.3441233764972715
2026-05-15 00:30:15.723654,110.08580990419132,1.1440290520780623,8.556317318970201,75.81923713167716,21.96294600986014,0.3441233764972715
2026-05-15 00:31:15.723654,109.11327960521741,1.259528972040117,7.966968440155478,73.70241223158237,21.64375350490192,0.3441233764972715
2026-05-15 00:32:15.723654,110.7562434912504,1.215660339204242,7.889832545958434,72.69894762103895,21.878717713603326,0.3441233764972715
2026-05-15 00:33:15.723654,110.78307057794618,1.164147379012949,7.556213708588278,73.35030286787438,21.870529134440215,0.3441233764972715
2026-05-15 00:34:15.723654,112.96343110300327,1.1239170371370597,7.904398753642643,72.9861279368401,22.236668904743034,0.3441233764972715
2026-05-15 00:35:15.723654,109.28271440924644,1.1384486072854796,8.19997871436836,72.95565801980896,20.946572598348308,0.3441233764972715
2026-05-15 00:36:15.723654,107.56705079561141,1.2705170329752238,8.147632895986654,73.98045517079595,21.433819367121263,0.3441233764972715
2026-05-15 00:37:15.723654,109.93689509440131,1.1978267325542176,8.120020777954013,73.99462524044637,21.99316540418006,0.3441233764972715
2026-05-15 00:38:15.723654,109.39880610216517,1.1349179934764608,7.848643262221555,69.80689767291143,22.572174793048482,0.3441233764972715
2026-05-15 00:39:15.723654,111.07810659406908,1.1423114104976309,7.947816674672685,72.491182111478,22.330039840714342,0.3441233764972715
2026-05-15 00:40:15.723654,106.51284308162185,1.1895387381950318,7.99981177672236,75.41861232130908,21.506761621164937,0.3441233764972715
2026-05-15 00:41:15.723654,105.83617965685283,1.1712590435219707,7.740721464108818,73.92409415300398,22.275854753287447,0.3441233764972715
2026-05-15 00:42:15.723654,105.87374692169915,1.1438037984840976,7.866562243356766,73.00167286906444,21.928829067079906,0.3441233764972715
2026-05-15 00:43:15.723654,109.00550857504093,1.204605071540115,7.844638216372282,74.22478375072673,21.947665050466142,0.3441233764972715
2026-05-15 00:44:15.723654,107.88799831068954,1.2228828412444186,8.048081960110085,75.85585554085536,21.4580562849888,0.3441233764972715
2026-05-15 00:45:15.723654,110.11508672048791,1.1817846236701663,8.003506450879641,74.28279591634224,21.827169969639737,0.3441233764972715
2026-05-15 00:46:15.723654,106.8534675863157,1.2554966156949867,7.474471217326875,72.39531084041307,21.511631699644834,0.3441233764972715
2026-05-15 00:47:15.723654,110.17730934833561,1.2626235616411616,7.4748826830242825,72.74954680311144,20.49534949112765,0.3441233764972715
2026-05-15 00:48:15.723654,109.4158413579842,1.1973991144790943,8.50960885214319,74.00620458167776,22.080778799748476,0.3441233764972715
2026-05-15 00:49:15.723654,110.52027157324183,1.1620525254038343,7.609681905454203,74.31493965647448,20.812715226454603,0.3441233764972715
2026-05-15 00:50:15.723654,111.943011555503,1.1757118301522516,8.39092335294524,72.80450619162606,21.69319162822778,0.3441233764972715
2026-05-15 00:51:15.723654,109.77129512483309,1.1815627293535467,7.902572275472838,74.5498470968319,21.09568460328568,0.3441233764972715
2026-05-15 00:52:15.723654,106.93372675224559,1.2459562799204342,8.250520526159445,73.89671827709535,22.391337426299177,0.3441233764972715
2026-05-15 00:53:15.723654,108.81706637271402,1.2499500962535417,8.085042354969561,71.71543355973807,22.48278633091271,0.3441233764972715
2026-05-15 00:54:15.723654,111.33401910341188,1.1777638837036146,8.250521507352,72.95752819189505,21.973340752557057,0.3441233764972715
2026-05-15 00:55:15.723654,104.57044027959579,1.1328248685693632,8.326148052777903,73.26562398345303,21.662537382471655,0.3441233764972715
2026-05-15 00:56:15.723654,106.65902608593284,1.276208285039198,8.389529022607118,73.3635646231402,21.35641830659562,0.3441233764972715
2026-05-15 00:57:15.723654,111.4118061330031,1.2829384577625391,8.31849820623522,78.10854039468407,21.097590570496326,0.3441233764972715
2026-05-15 00:58:15.723654,107.71382374916612,1.1243678793514253,8.164898324386659,74.1161421594996,21.48279067329129,0.3441233764972715
2026-05-15 00:59:15.723654,110.9711146664103,1.245431365514826,7.574671406705762,72.57099100408863,21.968838032088815,0.3441233764972715
2026-05-15 01:00:15.723654,108.41712004244654,1.1439046314361851,8.337931357786934,71.1859349204429,21.40797633113173,0.3441233764972715
2026-05-15 01:01:15.723654,110.00988546177332,1.1551239395585868,8.267316826295767,72.62718110949612,22.263075981750244,0.3441233764972715
2026-05-15 01:02:15.723654,109.10110481517216,1.2173784420893605,8.25617731538666,72.50985505440272,20.53202296069934,0.3441233764972715
2026-05-15 01:03:15.723654,110.07410891949138,1.1874293526103363,8.199117937764353,73.31188011512518,21.34355238562693,0.3441233764972715
2026-05-15 01:04:15.723654,113.3695434321271,1.1101972321785538,8.252555273001086,72.61573134352408,21.390876926157073,0.3441233764972715
2026-05-15 01:05:15.723654,108.71839174501578,1.1436432215455299,8.203737392562687,76.54622225179078,21.793773065650615,0.3441233764972715
2026-05-15 01:06:15.723654,109.5593614025879,1.1344929102991304,8.187417709239151,78.07763432334946,21.368418923129738,0.3441233764972715
2026-05-15 01:07:15.723654,108.60063025145998,1.1557604787050428,7.885545859143488,68.2743359525461,21.76128392795514,0.3441233764972715
2026-05-15 01:08:15.723654,107.66149305745448,1.1033017793145028,8.25832711441158,71.60089948980699,21.389431708085407,0.3441233764972715
2026-05-15 01:09:15.723654,112.28548219254087,1.113354145352867,7.572590659112486,74.30354743901553,22.13350991703247,0.3441233764972715
2026-05-15 01:10:15.723654,106.20391397469979,1.2041994220959515,8.206669991480322,69.64661409250621,21.958016903980894,0.3441233764972715
2026-05-15 01:11:15.723654,111.10580916984807,1.1682256565912916,8.408074038181217,76.03784620854054,21.61032519788589,0.3441233764972715
2026-05-15 01:12:15.723654,108.44970662951384,1.1351735406249448,8.021101076681957,74.90445289929922,21.396677804506965,0.3441233764972715
2026-05-15 01:13:15.723654,104.95759539963964,1.2472506299829214,8.089437096045282,73.0056860665372,21.98734542923893,0.3441233764972715
2026-05-15 01:14:15.723654,112.40187460312923,1.043719356779698,8.162649224468437,70.91163663827017,21.808321488426756,0.3441233764972715
2026-05-15 01:15:15.723654,109.60845181491287,1.2156012615761203,7.882595845143419,70.01845483625256,21.333582139398953,0.3441233764972715
2026-05-15 01:16:15.723654,110.16629268044328,1.234584551687854,7.680820739350057,75.8190559136369,21.234830090204024,0.3441233764972715
2026-05-15 01:17:15.723654,110.07749717335277,1.158320237610811,8.087021317805446,75.54869032903142,20.945259196383017,0.3441233764972715
2026-05-15 01:18:15.723654,107.99278561667005,1.193063064621197,8.75284522780092,72.0385556355572,22.578833178025743,0.3441233764972715
2026-05-15 01:19:15.723654,113.36144401751405,1.1789493777190132,7.942924371631845,72.38080466256147,21.52466496986095,0.3441233764972715
2026-05-15 01:20:15.723654,106.5391585450446,1.1800029843880628,8.481434211647072,72.54276493493742,21.43840408303276,0.3441233764972715
2026-05-15 01:21:15.723654,105.95031646162923,1.202518039660645,8.111714634977227,73.8923397794224,21.450352709916213,0.3441233764972715
2026-05-15 01:22:15.723654,108.7670815726188,1.2089099469391265,8.023725149015227,74.39487880300152,21.66625764375456,0.3441233764972715
2026-05-15 01:23:15.723654,111.59945198435523,1.2176646401228455,8.090228682436871,76.80177912119522,21.768900499555567,0.3441233764972715
2026-05-15 01:24:15.723654,111.96252278774455,1.2141620656734247,7.479794405812352,76.37460458652951,21.62635435569862,0.3441233764972715
2026-05-15 01:25:15.723654,109.24868786836215,1.1978823526285716,7.9288751809046945,74.21899278066876,21.26282820185574,0.3441233764972715
2026-05-15 01:26:15.723654,111.90114192763245,1.1781355295730402,7.917594976675085,71.9150834284523,21.693154129601606,0.3441233764972715
2026-05-15 01:27:15.723654,109.72681161041389,1.203236165937968,7.724194563240276,70.56257266226771,21.871561886280563,0.3441233764972715
2026-05-15 01:28:15.723654,112.32188113391672,1.132497254134598,8.509202514560325,74.33275717736362,21.55523478275187,0.3441233764972715
2026-05-15 01:29:15.723654,108.55750001707216,1.1145890342828428,8.328688684269196,72.21372233701565,21.168862897158483,0.3441233764972715
2026-05-15 01:30:15.723654,111.33645002993762,1.0896657629205064,7.575290786291365,73.7286665728747,21.70540844952971,0.3441233764972715
2026-05-15 01:31:15.723654,110.32206670610155,1.1687250105842801,8.791481030084322,73.3091499423592,21.443373158975923,0.3441233764972715
2026-05-15 01:32:15.723654,107.75862407253595,1.1900102760801463,8.216858499105847,76.17209116895778,20.814124102807178,0.3441233764972715
2026-05-15 01:33:15.723654,108.86060673345231,1.20615011579455,8.208487389870175,73.77803237549993,21.829978219793336,0.3441233764972715
2026-05-15 01:34:15.723654,107.7346696243121,1.2617102068700106,8.330158560385645,71.07507948576051,21.021214710968906,0.3441233764972715
2026-05-15 01:35:15.723654,107.2587539099499,1.2177134337989193,7.646951799566574,73.1028863914747,21.78611843323567,0.3441233764972715
2026-05-15 01:36:15.723654,109.22026554107084,1.196759311039728,7.712629316087187,74.95464380668535,21.252160288789288,0.3441233764972715
2026-05-15 01:37:15.723654,108.70335806136782,1.195701521649392,8.06329359595107,73.81289509792205,21.183452824038906,0.3441233764972715
2026-05-15 01:38:15.723654,108.75349858776532,1.1839241147959445,7.619844559541689,72.83986912726411,21.752606174543708,0.3441233764972715
2026-05-15 01:39:15.723654,106.79772420247302,1.2416440178338048,8.413254108271767,71.2746339079707,22.237576051552356,0.3441233764972715
2026-05-15 01:40:15.723654,109.06543423273943,1.2047406632119455,7.883374813853341,75.61102471434438,21.76181324445162,0.3441233764972715
2026-05-15 01:41:15.723654,107.7242908969685,1.1255548352558282,7.594279398929048,74.14081861275638,21.845001940917154,0.3441233764972715
2026-05-15 01:42:15.723654,110.6545287677226,1.1779158805237238,7.685271192792506,72.40078546384329,22.134940554508248,0.3441233764972715
2026-05-15 01:43:15.723654,108.38334028096355,1.1909858167881666,7.709674984419348,74.43810115080893,21.329923954187745,0.3441233764972715
2026-05-15 01:44:15.723654,111.44602283771523,1.2224928205644334,7.883658345519345,73.51160700519553,21.28320811500697,0.3441233764972715
2026-05-15 01:45:15.723654,106.5137310170737,1.140942813776732,8.091835327808061,74.41545405635003,21.633040186823603,0.3441233764972715
2026-05-15 01:46:15.723654,108.74913130224644,1.230468265540142,8.051432700860095,75.17144271608275,20.671878668926027,0.3441233764972715
2026-05-15 01:47:15.723654,101.50779690692703,1.1980043366459967,7.604940433375368,73.34003165446475,21.407717714514984,0.3441233764972715
2026-05-15 01:48:15.723654,112.52739861499478,1.203814762901273,8.082127837531417,75.4389173691582,21.743015028446806,0.3441233764972715
2026-05-15 01:49:15.723654,108.43724342418685,1.2373887317668208,7.699445091125333,74.41142943495798,20.78498133795913,0.3441233764972715
2026-05-15 01:50:15.723654,109.7604851251957,1.1934644173427393,8.535306618066214,70.6349872730073,21.25832264710038,0.3441233764972715
2026-05-15 01:51:15.723654,110.997962263312,1.2005807980739582,8.086461644893065,71.85266365397378,21.26335706098157,0.3441233764972715
2026-05-15 01:52:15.723654,111.84267942661022,1.1812394755663964,8.144978038335157,73.53455840233791,20.967223477402403,0.3441233764972715
2026-05-15 01:53:15.723654,111.22021826231371,1.2089765544807176,8.724061180701971,71.73377230058976,21.970052695627526,0.3441233764972715
2026-05-15 01:54:15.723654,106.72950947808971,1.1916822636377467,8.325322106210765,69.62066482769788,21.45629999790648,0.3441233764972715
2026-05-15 01:55:15.723654,108.22617794207846,1.1487170703393366,8.147933925169621,76.00630647273606,21.49212687741271,0.3441233764972715
2026-05-15 01:56:15.723654,109.76357026528375,1.1895303729070552,8.03291118139874,71.58624978446664,22.112988535888732,0.3441233764972715
2026-05-15 01:57:15.723654,109.94298814648138,1.2035590097542217,7.79041724078414,72.84649426391238,21.470699136171895,0.3441233764972715
2026-05-15 01:58:15.723654,106.284348023266,1.0994132189942087,7.852145750300244,74.80997659277564,21.232197540062316,0.3441233764972715
2026-05-15 01:59:15.723654,107.31498701498228,1.1430806525922093,7.895767402548221,73.05721713425065,22.641526961130563,0.3441233764972715
2026-05-15 02:00:15.723654,111.46183866713835,1.2350536408681791,8.38294423877383,71.76729332122277,20.947583927533664,0.3441233764972715
2026-05-15 02:01:15.723654,107.1388568270956,1.2505402419209846,7.868212592827067,71.26222269541229,21.343268134917377,0.3441233764972715
2026-05-15 02:02:15.723654,108.87538634673446,1.1972355989388208,8.107655435705428,72.10857393214384,21.901594431284142,0.3441233764972715
2026-05-15 02:03:15.723654,108.07421034266339,1.1760011184188406,8.238402350642822,72.48129225200218,21.274090523236715,0.3441233764972715
2026-05-15 02:04:15.723654,110.53593350954998,1.1409282764238418,7.916932522410594,74.87641941597664,22.585812455745273,0.3441233764972715
2026-05-15 02:05:15.723654,110.5634064196892,1.2074469234035934,8.191610604593635,71.61855451175676,21.616564604367237,0.3441233764972715
2026-05-15 02:06:15.723654,109.29306443349091,1.1998941622727306,8.067322545234576,74.52433441472509,21.403032637577684,0.3441233764972715
2026-05-15 02:07:15.723654,109.4698152449073,1.1224235069512432,7.936397946090941,76.54660215624415,21.718170404841413,0.3441233764972715
2026-05-15 02:08:15.723654,109.31075533539756,1.27862109906681,7.624119636001491,71.54602394899842,22.415121940665422,0.3441233764972715
2026-05-15 02:09:15.723654,109.44451928226158,1.171685783439603,7.672608831963122,74.66032759268089,21.830996169791018,0.3441233764972715
2026-05-15 02:10:15.723654,107.16360868849392,1.1768011559765714,7.931715379881895,74.2768893527284,20.999141113916963,0.3441233764972715
2026-05-15 02:11:15.723654,111.85649231919002,1.2296061243339729,7.92341746187197,73.33209763661412,21.490555159888476,0.3441233764972715
2026-05-15 02:12:15.723654,107.7959803041507,1.161643464342341,7.951289019189432,76.99067180130511,22.032075389192503,0.3441233764972715
2026-05-15 02:13:15.723654,111.22190682483696,1.2023112159043123,7.697172026812445,73.6819528507361,22.044010464833974,0.3441233764972715
2026-05-15 02:14:15.723654,106.83606815142913,1.215642595597756,8.729152897070644,75.88856835187032,22.26578080280828,0.3441233764972715
2026-05-15 02:15:15.723654,109.78927491104803,1.2322115326923422,7.817014165185604,75.35666268457331,21.885960302057665,0.3441233764972715
2026-05-15 02:16:15.723654,109.93241975823904,1.2496153062400177,7.870734678137598,73.39082002694353,21.606497255706433,0.3441233764972715
2026-05-15 02:17:15.723654,107.29337546798492,1.1951615324441052,7.516691005605661,75.85884412874728,21.58208491831027,0.3441233764972715
2026-05-15 02:18:15.723654,108.31081160235618,1.1420962546393367,7.9619964206060585,75.14145448143569,21.832635724396066,0.3441233764972715
2026-05-15 02:19:15.723654,107.9415215156068,1.141512951622711,8.22943974138771,72.3202402506608,21.588721122067035,0.3441233764972715
2026-05-15 02:20:15.723654,109.60010669521226,1.1994180418404297,8.289851258546376,71.23900918615621,20.603186572397043,0.3441233764972715
2026-05-15 02:21:15.723654,108.217702847707,1.273891355645702,8.639022359518028,77.42728933102264,21.46227555114694,0.3441233764972715
2026-05-15 02:22:15.723654,105.78836724619406,1.0666629801715006,7.848158681026992,73.36878779959214,22.209078935555265,0.3441233764972715
2026-05-15 02:23:15.723654,111.0882083292486,1.1951851892036738,7.765416698209473,71.84337594340109,21.685830078563004,0.3441233764972715
2026-05-15 02:24:15.723654,110.74669936784316,1.203408998366372,7.721990741609819,75.06627031747503,21.77172171857799,0.3441233764972715
2026-05-15 02:25:15.723654,107.21126459778336,1.14459888673908,8.238918921860284,73.29591998959907,22.353339885845514,0.3441233764972715
2026-05-15 02:26:15.723654,110.35485596229286,1.1594833758446292,8.029308449374534,73.8917018451663,21.19457107840643,0.3441233764972715
2026-05-15 02:27:15.723654,107.52742101380846,1.2188844299445678,8.285952118604444,74.97249799899677,22.316425282189186,0.3441233764972715
2026-05-15 02:28:15.723654,108.26905093814051,1.2675284735576493,7.762093793925569,71.73956393315387,20.67878679395266,0.3441233764972715
2026-05-15 02:29:15.723654,108.46100678251008,1.15862881841262,8.19015131356821,74.25271694313176,20.962279549517717,0.3441233764972715
2026-05-15 02:30:15.723654,108.56714493331208,1.1652418341997084,7.499575455403247,71.80304160586412,21.173359419720242,0.3441233764972715
2026-05-15 02:31:15.723654,112.2198474498056,1.1933874710519603,8.231020755676065,70.76766406559244,22.155873476534282,0.3441233764972715
2026-05-15 02:32:15.723654,111.9548015362119,1.0838976868968615,7.820775112317061,74.75646620592188,21.880960461796377,0.3441233764972715
