timestamp,incineration_on,steam_flow,steam_temperature
2026-05-15 10:38:29.027650,True,72.71358904230509,360.0238124961626
2026-05-15 10:39:29.027650,True,70.93428089228892,356.7145907780056
2026-05-15 10:40:29.027650,True,70.65684520632662,355.4864577382089
2026-05-15 10:41:29.027650,True,71.3644011443761,356.38144630971226
2026-05-15 10:42:29.027650,True,72.13273410903959,357.21851743835265
2026-05-15 10:43:29.027650,True,70.06358678850185,357.8011419227877
2026-05-15 10:44:29.027650,True,73.41067046485004,355.1500035219851
2026-05-15 10:45:29.027650,True,73.68308857992207,352.77180441793183
2026-05-15 10:46:29.027650,True,72.95617220984788,356.54915785701377
2026-05-15 10:47:29.027650,True,72.71595708400558,354.04829069104113
2026-05-15 10:48:29.027650,True,71.71285624129864,356.2522207452398
2026-05-15 10:49:29.027650,True,71.57127894061178,353.25182806572485
2026-05-15 10:50:29.027650,True,71.71568460858919,358.5666451191042
2026-05-15 10:51:29.027650,True,72.7102969456355,354.7339129779605
2026-05-15 10:52:29.027650,True,73.38492317004685,351.0044249106295
2026-05-15 10:53:29.027650,True,71.92420490527624,353.246353962699
2026-05-15 10:54:29.027650,True,71.05463368581393,358.4925907747237
2026-05-15 10:55:29.027650,True,72.67456230691892,357.00084134989885
2026-05-15 10:56:29.027650,True,72.39311665130232,355.08422487309514
2026-05-15 10:57:29.027650,True,71.60294406548122,355.3265452538092
2026-05-15 10:58:29.027650,True,71.87321215630492,354.5236881651862
2026-05-15 10:59:29.027650,True,71.52747729886525,357.2374781955627
2026-05-15 11:00:29.027650,True,71.32413431418364,358.3154556832753
2026-05-15 11:01:29.027650,True,70.70641124022909,354.3109592966473
2026-05-15 11:02:29.027650,True,74.62125570673724,351.58316579061704
2026-05-15 11:03:29.027650,True,71.8210139267502,358.3616149213305
2026-05-15 11:04:29.027650,True,71.10107627122512,356.38250630922806
2026-05-15 11:05:29.027650,True,74.09407662029633,352.22435205278094
2026-05-15 11:06:29.027650,True,70.32130133824049,350.2100027605982
2026-05-15 11:07:29.027650,True,72.65382831995099,358.7014326739773
2026-05-15 11:08:29.027650,True,71.27267371428346,355.31142757218123
2026-05-15 11:09:29.027650,True,73.70630513501958,357.9040318317012
2026-05-15 11:10:29.027650,True,71.94942866791571,349.8336725906072
2026-05-15 11:11:29.027650,True,70.61017628342637,356.9904372176935
2026-05-15 11:12:29.027650,True,71.54123850468706,357.62560368107097
2026-05-15 11:13:29.027650,True,72.99168982499272,357.6744551465395
2026-05-15 11:14:29.027650,True,71.46242502129238,358.952804397837
2026-05-15 11:15:29.027650,True,72.6755188966902,356.5421109692354
2026-05-15 11:16:29.027650,True,72.92556804167658,353.69440613481976
2026-05-15 11:17:29.027650,True,73.77329600113569,350.64960213499586
2026-05-15 11:18:29.027650,True,72.14332101275639,354.81685505452276
2026-05-15 11:19:29.027650,True,72.3077903471735,357.46783082645135
2026-05-15 11:20:29.027650,True,71.51017735683328,350.8109205696517
2026-05-15 11:21:29.027650,True,72.53459103849625,357.7405808481626
2026-05-15 11:22:29.027650,True,71.18317222129853,354.04402697185054
2026-05-15 11:23:29.027650,True,70.58163204043571,354.334388104515
2026-05-15 11:24:29.027650,True,71.51706627696619,358.58893963872913
2026-05-15 11:25:29.027650,True,72.19640282402814,352.8062155893996
2026-05-15 11:26:29.027650,True,72.24046801450855,351.1598075672333
2026-05-15 11:27:29.027650,True,71.54810175025564,351.27920966486005
2026-05-15 11:28:29.027650,True,71.37026284571056,356.696967800273
2026-05-15 11:29:29.027650,True,72.27966070305196,357.22359177829503
2026-05-15 11:30:29.027650,True,72.13769554362554,355.8522518379315
2026-05-15 11:31:29.027650,True,72.02549578874257,355.28188350168136
2026-05-15 11:32:29.027650,True,72.4707713247537,354.26496363851123
2026-05-15 11:33:29.027650,True,70.4106706323954,355.14744126004706
2026-05-15 11:34:29.027650,True,72.29074092013113,353.83364474120583
2026-05-15 11:35:29.027650,True,71.20680613331149,359.08901578587773
2026-05-15 11:36:29.027650,True,73.11409655219232,353.8213197268931
2026-05-15 11:37:29.027650,True,71.12621415067463,354.6185535694104
2026-05-15 11:38:29.027650,True,73.14286589403406,357.04000870357424
2026-05-15 11:39:29.027650,True,71.57536660687649,356.55032656963857
2026-05-15 11:40:29.027650,True,71.36860780738655,358.8120926300577
2026-05-15 11:41:29.027650,True,73.57988837623502,356.9868175394597
2026-05-15 11:42:29.027650,True,70.79984003040303,348.7993117929367
2026-05-15 11:43:29.027650,True,70.5041009453059,351.14105802037693
2026-05-15 11:44:29.027650,True,71.88985222523759,354.76151290462474
2026-05-15 11:45:29.027650,True,71.46010269668504,352.95601104076155
2026-05-15 11:46:29.027650,True,72.6518383943119,356.63532681397317
2026-05-15 11:47:29.027650,True,70.50894936669881,356.82855457270165
2026-05-15 11:48:29.027650,True,71.19850559879272,355.462533083069
2026-05-15 11:49:29.027650,True,72.21898453663566,354.10113547613804
2026-05-15 11:50:29.027650,True,71.59040187453871,353.63749088135984
2026-05-15 11:51:29.027650,True,69.9107637330553,355.8860550672324
2026-05-15 11:52:29.027650,True,71.56214231428304,357.6157522098758
2026-05-15 11:53:29.027650,True,71.1477571338877,351.98053193203725
2026-05-15 11:54:29.027650,True,70.65181171154053,353.0295656818028
2026-05-15 11:55:29.027650,True,71.29454618887429,355.2568055815959
2026-05-15 11:56:29.027650,True,71.65382547516626,357.5866624217533
2026-05-15 11:57:29.027650,True,71.89065846717554,353.84295336564986
2026-05-15 11:58:29.027650,True,71.74760412192184,355.85029331197563
2026-05-15 11:59:29.027650,True,71.21619499826882,356.8654868705832
2026-05-15 12:00:29.027650,True,71.01764831375584,355.20611867825164
2026-05-15 12:01:29.027650,True,71.98562568683013,352.01757904244573
2026-05-15 12:02:29.027650,True,71.38575347361235,353.9332316748518
2026-05-15 12:03:29.027650,True,71.95795571802931,350.75029375147517
2026-05-15 12:04:29.027650,True,70.49245116303943,356.00703663720253
2026-05-15 12:05:29.027650,True,73.34853644366589,354.18883258142404
2026-05-15 12:06:29.027650,True,72.07842950571023,356.6870660078387
2026-05-15 12:07:29.027650,True,72.81824509440037,349.7744401614381
2026-05-15 12:08:29.027650,True,71.0349378744621,354.192783592043
2026-05-15 12:09:29.027650,True,73.1693974653225,361.0745973315343
2026-05-15 12:10:29.027650,True,71.20874697040401,353.56318598329113
2026-05-15 12:11:29.027650,True,72.26736252415101,358.5430715385678
2026-05-15 12:12:29.027650,True,72.30948400319592,353.5140942715761
2026-05-15 12:13:29.027650,True,72.61297003164952,359.13731677555387
2026-05-15 12:14:29.027650,True,71.5795123737716,357.3529031754772
2026-05-15 12:15:29.027650,True,72.75601498054164,356.47132862834883
2026-05-15 12:16:29.027650,True,71.69848614349209,355.3287960445299
2026-05-15 12:17:29.027650,True,73.31193918826774,354.2706234648971
2026-05-15 12:18:29.027650,True,72.84285440939429,350.60110379037474
2026-05-15 12:19:29.027650,True,72.13947952180077,357.57001137678185
2026-05-15 12:20:29.027650,True,72.72934020755397,354.9458898778825
2026-05-15 12:21:29.027650,True,70.7084590876098,358.963884034201
2026-05-15 12:22:29.027650,True,72.33208995402134,354.9180778814618
2026-05-15 12:23:29.027650,True,71.04494692479864,355.72042073598107
2026-05-15 12:24:29.027650,True,72.31264792106153,352.466609505829
2026-05-15 12:25:29.027650,True,73.70383062116369,355.9606027121094
2026-05-15 12:26:29.027650,True,69.20430022031998,356.91257567151064
2026-05-15 12:27:29.027650,True,72.06041739369606,355.6547529004547
2026-05-15 12:28:29.027650,True,71.67048830496493,357.6599323521879
2026-05-15 12:29:29.027650,True,72.88736028411454,356.5990269946043
2026-05-15 12:30:29.027650,True,71.57688363707078,355.33995967379064
2026-05-15 12:31:29.027650,True,72.35351271822235,353.99732967856687
2026-05-15 12:32:29.027650,True,72.82137106516166,355.88330893508544
2026-05-15 12:33:29.027650,True,73.72890256924025,358.188004751939
2026-05-15 12:34:29.027650,True,71.38698553250784,358.35216740071036
2026-05-15 12:35:29.027650,True,70.4554143991492,357.0065400014147
2026-05-15 12:36:29.027650,True,70.92436240121042,352.8260234012081
2026-05-15 12:37:29.027650,True,72.5716160241789,348.6762544381218
2026-05-15 12:38:29.027650,True,71.2153410270358,356.19461364204705
2026-05-15 12:39:29.027650,True,72.73707159495078,354.23438954866003
2026-05-15 12:40:29.027650,True,70.16418730538646,356.4533617499511
2026-05-15 12:41:29.027650,True,71.99203070999792,356.9248700183774
2026-05-15 12:42:29.027650,True,72.53518459627196,360.2806613653286
2026-05-15 12:43:29.027650,True,71.99020572456416,352.3464921687757
2026-05-15 12:44:29.027650,True,71.96604029609713,352.1628286640118
2026-05-15 12:45:29.027650,True,71.24490456100517,358.3689116799872
2026-05-15 12:46:29.027650,True,73.48213623093976,358.7473264698075
2026-05-15 12:47:29.027650,True,71.68248153178038,356.6858415708442
2026-05-15 12:48:29.027650,True,71.57551002393599,361.06315251973126
2026-05-15 12:49:29.027650,True,71.53742427280419,356.63127493897434
2026-05-15 12:50:29.027650,True,73.71715323630632,355.6615508588935
2026-05-15 12:51:29.027650,True,72.51996039983845,357.3695179727663
2026-05-15 12:52:29.027650,True,72.06681196379793,353.5605028264194
2026-05-15 12:53:29.027650,True,74.17253218530583,356.8545090419397
2026-05-15 12:54:29.027650,True,72.1455094737001,358.98398356501275
2026-05-15 12:55:29.027650,True,71.62635400982143,353.7340229998809
2026-05-15 12:56:29.027650,True,72.40274679547568,351.8779922246073
2026-05-15 12:57:29.027650,True,71.59846603831379,356.55268268862596
2026-05-15 12:58:29.027650,True,71.83670463946292,352.6301806136598
2026-05-15 12:59:29.027650,True,72.85975625309774,353.1647180432746
2026-05-15 13:00:29.027650,True,73.27556797302279,353.87344351918756
2026-05-15 13:01:29.027650,True,71.63350149406035,356.3972405818861
2026-05-15 13:02:29.027650,True,71.45939240478916,354.3260125103033
2026-05-15 13:03:29.027650,True,72.74660655015647,351.6053449743532
2026-05-15 13:04:29.027650,True,70.91623801313645,358.96095966841347
2026-05-15 13:05:29.027650,True,71.1199347255,353.7400594006326
2026-05-15 13:06:29.027650,True,70.50115294049264,357.0836826214906
2026-05-15 13:07:29.027650,True,71.02407749039307,354.6599808288772
2026-05-15 13:08:29.027650,True,71.86239338437056,357.75620352778617
2026-05-15 13:09:29.027650,True,72.24804528946156,352.7688297427708
2026-05-15 13:10:29.027650,True,71.90675013604783,356.043717184909
2026-05-15 13:11:29.027650,True,71.36339997004472,355.7658677194063
2026-05-15 13:12:29.027650,True,73.1692338279391,357.5879112055342
2026-05-15 13:13:29.027650,True,70.7350971841689,359.9513017626623
2026-05-15 13:14:29.027650,True,71.76368006048963,358.0099177925591
2026-05-15 13:15:29.027650,True,73.67854963657813,359.8501987319489
2026-05-15 13:16:29.027650,True,70.98004292777256,352.69021423156386
2026-05-15 13:17:29.027650,True,69.65911453991158,355.18488165738285
2026-05-15 13:18:29.027650,True,72.42218728415587,357.37327528196033
2026-05-15 13:19:29.027650,True,71.80882120721328,350.6846065121188
2026-05-15 13:20:29.027650,True,73.06336726365849,360.47615818078117
2026-05-15 13:21:29.027650,True,71.10360543660694,358.1628459135174
2026-05-15 13:22:29.027650,True,70.25121675075543,356.6007794336948
2026-05-15 13:23:29.027650,True,71.32160159300696,353.64524140344884
2026-05-15 13:24:29.027650,True,70.84595821537069,353.9928644957976
2026-05-15 13:25:29.027650,True,71.73290113959926,350.161556229414
2026-05-15 13:26:29.027650,True,72.13722945841543,357.2352398504738
2026-05-15 13:27:29.027650,True,70.9781578154091,357.03583121819554
2026-05-15 13:28:29.027650,True,71.25139683700058,352.72662961822107
2026-05-15 13:29:29.027650,True,71.2110430945323,359.8775375548408
2026-05-15 13:30:29.027650,True,72.42882938070659,353.53367494848453
2026-05-15 13:31:29.027650,True,73.31986226240139,354.701370492259
2026-05-15 13:32:29.027650,True,72.40634766006569,355.5830017073868
2026-05-15 13:33:29.027650,True,71.68800894222731,357.54069070132743
2026-05-15 13:34:29.027650,True,71.63676491583814,359.4961521201729
2026-05-15 13:35:29.027650,True,70.5962496880848,359.3148399359505
2026-05-15 13:36:29.027650,True,71.15794387091813,356.7324505801444
2026-05-15 13:37:29.027650,True,73.17836410421144,353.52043913745985
2026-05-15 13:38:29.027650,True,72.13915573131857,350.82785490370907
2026-05-15 13:39:29.027650,True,71.64595353326429,353.8589288660317
2026-05-15 13:40:29.027650,True,71.16543262419876,355.22796416732353
2026-05-15 13:41:29.027650,True,72.34989626497887,357.94687303727267
2026-05-15 13:42:29.027650,True,71.55185929894805,351.9300741260181
2026-05-15 13:43:29.027650,True,71.59828510079578,353.9633580377883
2026-05-15 13:44:29.027650,True,71.89443810072514,357.2962740488994
2026-05-15 13:45:29.027650,True,71.60727722671145,353.11230373345774
2026-05-15 13:46:29.027650,True,71.70529928670683,353.9876769121437
2026-05-15 13:47:29.027650,True,71.70758210787645,355.3987554108438
2026-05-15 13:48:29.027650,True,71.75234575668067,354.7014411466954
2026-05-15 13:49:29.027650,True,72.21570852677736,357.11708392524463
2026-05-15 13:50:29.027650,True,72.20038030614246,354.7332793028488
2026-05-15 13:51:29.027650,True,70.83747527512759,351.7881044603852
2026-05-15 13:52:29.027650,True,72.22713879903584,353.6468789264338
2026-05-15 13:53:29.027650,True,71.98553636239346,356.2945259383839
2026-05-15 13:54:29.027650,True,72.43414186435835,352.8069286517399
2026-05-15 13:55:29.027650,True,73.08442191526153,360.07346828547276
2026-05-15 13:56:29.027650,True,71.25114534822526,352.37087093352216
2026-05-15 13:57:29.027650,True,72.87363068752752,354.85075482100837
2026-05-15 13:58:29.027650,True,69.4505852901734,353.9639807765705
2026-05-15 13:59:29.027650,True,71.55160411480327,353.7277062473415
2026-05-15 14:00:29.027650,True,71.97881591790578,357.30430485963177
2026-05-15 14:01:29.027650,True,73.50798602900895,352.3792747870847
2026-05-15 14:02:29.027650,True,73.14555489091003,357.295575764279
2026-05-15 14:03:29.027650,True,72.54351943496081,355.93225741880747
2026-05-15 14:04:29.027650,True,71.0504101624633,357.06742194558194
2026-05-15 14:05:29.027650,True,72.88134593242025,355.1521345831602
2026-05-15 14:06:29.027650,True,73.10432086835034,355.2776758935793
2026-05-15 14:07:29.027650,True,72.46250876401673,357.46113177691655
2026-05-15 14:08:29.027650,True,72.15669911383591,352.75339473126104
2026-05-15 14:09:29.027650,True,71.29125466691457,358.56356582131326
2026-05-15 14:10:29.027650,True,70.72684943120413,354.8810830249794
2026-05-15 14:11:29.027650,True,70.84258544414764,359.0218547515747
2026-05-15 14:12:29.027650,True,72.87514061592807,353.4760053948909
2026-05-15 14:13:29.027650,True,71.93837588754788,355.0643304275807
2026-05-15 14:14:29.027650,True,72.58526364740814,356.5900370338214
2026-05-15 14:15:29.027650,True,71.80620621118427,356.1085467295069
2026-05-15 14:16:29.027650,True,73.77102582504568,355.25701008448794
2026-05-15 14:17:29.027650,True,71.33027416376925,352.67987748479425
2026-05-15 14:18:29.027650,True,70.70475443577405,354.9668624767869
2026-05-15 14:19:29.027650,True,70.79787647003951,352.9655463709351
2026-05-15 14:20:29.027650,True,71.45877795498997,359.31284563862204
2026-05-15 14:21:29.027650,True,71.7619417163335,356.79857931934623
2026-05-15 14:22:29.027650,True,72.42583851930478,353.41046813786164
2026-05-15 14:23:29.027650,True,71.98552120125933,356.64181201074285
2026-05-15 14:24:29.027650,True,70.70357954207692,352.8617488323346
2026-05-15 14:25:29.027650,True,72.25451452888403,355.14075585004036
2026-05-15 14:26:29.027650,True,73.35478030568909,354.64213380788135
2026-05-15 14:27:29.027650,True,72.12791361750672,354.11127370679634
2026-05-15 14:28:29.027650,True,71.758047508792,359.34097961725627
2026-05-15 14:29:29.027650,True,71.04337693356354,355.4829907515734
2026-05-15 14:30:29.027650,True,74.34609797787287,355.37668307614666
2026-05-15 14:31:29.027650,True,72.73918025577547,354.32358337563244
2026-05-15 14:32:29.027650,True,72.1472309494341,358.09552151323425
2026-05-15 14:33:29.027650,True,70.14512357161782,356.0478791519047
2026-05-15 14:34:29.027650,True,70.3739752384519,357.88387950925147
2026-05-15 14:35:29.027650,True,72.89464262355841,357.57837489335293
2026-05-15 14:36:29.027650,True,72.1514684155983,354.9066977757672
2026-05-15 14:37:29.027650,True,73.5246285031942,355.81365070369486
2026-05-15 14:38:29.027650,True,71.83714771014091,355.47128031298433
2026-05-15 14:39:29.027650,True,72.55557322308675,355.2511374232206
2026-05-15 14:40:29.027650,True,72.57556660659391,355.16598992679786
2026-05-15 14:41:29.027650,True,70.19151247137998,355.78223864565916
2026-05-15 14:42:29.027650,True,72.65978876094579,355.9546872825327
2026-05-15 14:43:29.027650,True,72.42886537127694,355.23073432326163
2026-05-15 14:44:29.027650,True,71.68461112369691,358.2515502076827
2026-05-15 14:45:29.027650,True,73.43003746777832,358.5351768707275
2026-05-15 14:46:29.027650,True,71.84613316561456,355.59415609786646
2026-05-15 14:47:29.027650,True,71.4765655633366,354.902124902746
2026-05-15 14:48:29.027650,True,70.41709631892665,358.9951490684753
2026-05-15 14:49:29.027650,True,70.90652826298499,354.70771297299586
2026-05-15 14:50:29.027650,True,71.45271092091208,355.2350592803817
2026-05-15 14:51:29.027650,True,72.34502855663051,352.42981674371504
2026-05-15 14:52:29.027650,True,72.88795777594657,354.6341211880628
2026-05-15 14:53:29.027650,True,71.11789988279489,350.9558993518715
2026-05-15 14:54:29.027650,True,70.88498398541307,357.33229574472625
2026-05-15 14:55:29.027650,True,70.02412152022008,350.83890604688685
2026-05-15 14:56:29.027650,True,71.89594525544555,356.53417017556643
2026-05-15 14:57:29.027650,True,73.77719974039346,356.6867373004754
2026-05-15 14:58:29.027650,True,71.76145762985031,356.4882990538638
2026-05-15 14:59:29.027650,True,73.45999889878,355.62223472359784
2026-05-15 15:00:29.027650,True,71.45205656547228,355.17050267083425
2026-05-15 15:01:29.027650,True,72.02640289377464,355.1878166225204
2026-05-15 15:02:29.027650,True,71.98235195490473,354.13506336644105
2026-05-15 15:03:29.027650,True,71.16010058609697,356.31325269125034
2026-05-15 15:04:29.027650,True,72.55226993872475,352.7322515770609
2026-05-15 15:05:29.027650,True,73.06659369072658,353.55730980248666
2026-05-15 15:06:29.027650,True,71.81365637094677,354.5722895722969
2026-05-15 15:07:29.027650,True,71.02314009079991,352.02072200952654
2026-05-15 15:08:29.027650,True,73.62274007346286,354.1709882193959
2026-05-15 15:09:29.027650,True,73.39561486217931,356.23920882315736
2026-05-15 15:10:29.027650,True,72.09208518648049,356.962567232905
2026-05-15 15:11:29.027650,True,73.15136192751405,354.47567003962536
2026-05-15 15:12:29.027650,True,71.29284989679537,355.70319012313297
2026-05-15 15:13:29.027650,True,72.47863095774396,351.66541579817834
2026-05-15 15:14:29.027650,True,71.7235619357426,360.22842206360144
2026-05-15 15:15:29.027650,True,72.45629807734518,354.81884959748703
2026-05-15 15:16:29.027650,True,71.30251407322687,356.4205712515301
2026-05-15 15:17:29.027650,True,72.02621144039969,361.0445687474939
2026-05-15 15:18:29.027650,True,73.97092502720166,354.51405770946576
2026-05-15 15:19:29.027650,True,72.0069118074198,354.75261635710905
2026-05-15 15:20:29.027650,True,72.45750721346295,355.3499267508362
2026-05-15 15:21:29.027650,True,71.22719145302972,351.82968307556985
2026-05-15 15:22:29.027650,True,72.36953593830124,357.45535744092444
2026-05-15 15:23:29.027650,True,70.93410723806187,355.9652408377536
2026-05-15 15:24:29.027650,True,70.55780603233123,354.84278174322964
2026-05-15 15:25:29.027650,True,73.06318290188989,354.8193918123413
2026-05-15 15:26:29.027650,True,71.31709534911349,352.6542102518805
2026-05-15 15:27:29.027650,True,72.61826948418218,355.1229942563828
2026-05-15 15:28:29.027650,True,71.81051223692725,355.97222576137887
2026-05-15 15:29:29.027650,True,72.41874491139252,354.15409446469806
2026-05-15 15:30:29.027650,True,71.14404647098185,359.7285026475086
2026-05-15 15:31:29.027650,True,70.96280050044676,353.0852709301275
2026-05-15 15:32:29.027650,True,72.6084264862181,362.2017478571095
2026-05-15 15:33:29.027650,True,70.71829858619712,355.94273234126285
2026-05-15 15:34:29.027650,True,71.12029419783322,353.3959904505256
2026-05-15 15:35:29.027650,True,71.74808532126727,353.6062307127214
2026-05-15 15:36:29.027650,True,72.37973939178413,350.76462831221244
2026-05-15 15:37:29.027650,True,72.35506043266511,353.54009643384103
2026-05-15 15:38:29.027650,True,71.70551465525519,354.753555453191
2026-05-15 15:39:29.027650,True,71.79250003134435,354.45193196865955
2026-05-15 15:40:29.027650,True,70.9406742895497,355.85734130336476
2026-05-15 15:41:29.027650,True,71.36476711783327,352.36011212757984
2026-05-15 15:42:29.027650,True,70.7718385598677,358.3798669861365
2026-05-15 15:43:29.027650,True,70.82932179849192,357.4122772888876
2026-05-15 15:44:29.027650,True,72.96910790071122,350.5003185297364
2026-05-15 15:45:29.027650,True,71.25138945649593,361.33445098560867
2026-05-15 15:46:29.027650,True,73.27064503688827,355.8940618689731
2026-05-15 15:47:29.027650,True,72.31456608238841,356.0591806289903
2026-05-15 15:48:29.027650,True,72.38763412808643,353.9876370197198
2026-05-15 15:49:29.027650,True,69.89128420536787,353.3814259232531
2026-05-15 15:50:29.027650,True,72.58015303439134,353.3922278840056
2026-05-15 15:51:29.027650,True,71.74032959331015,354.09482868782806
2026-05-15 15:52:29.027650,True,71.05652510824007,356.49535267204396
2026-05-15 15:53:29.027650,True,72.0312869657276,356.102483804391
2026-05-15 15:54:29.027650,True,73.01724465112581,357.6418117807772
2026-05-15 15:55:29.027650,True,72.40172267705644,355.7796788330362
2026-05-15 15:56:29.027650,True,71.51773190148161,352.6121341943136
2026-05-15 15:57:29.027650,True,71.67788380300813,357.9972309818324
2026-05-15 15:58:29.027650,True,73.00581079781335,356.3256064770094
2026-05-15 15:59:29.027650,True,70.63460096830855,356.0438431921638
2026-05-15 16:00:29.027650,True,70.35398813955518,359.1937496790063
2026-05-15 16:01:29.027650,True,71.97708807349854,356.6993177937066
2026-05-15 16:02:29.027650,True,71.5962557073069,356.8442372523107
2026-05-15 16:03:29.027650,True,69.96857528272434,354.926804775585
2026-05-15 16:04:29.027650,True,71.26384113103839,353.775042776784
2026-05-15 16:05:29.027650,True,71.89067874135873,356.99975490958377
2026-05-15 16:06:29.027650,True,74.2537422761246,355.43028735828864
2026-05-15 16:07:29.027650,True,72.72845805377597,356.8376761856231
2026-05-15 16:08:29.027650,True,72.26631692020192,356.5881873908454
2026-05-15 16:09:29.027650,True,72.22273469790156,356.77276473587483
2026-05-15 16:10:29.027650,True,71.46857740520238,354.9317552832402
2026-05-15 16:11:29.027650,True,71.30461501058298,357.15141234015186
2026-05-15 16:12:29.027650,True,71.00475426728207,355.34327358687915
2026-05-15 16:13:29.027650,True,73.06596081094078,360.15625524752215
2026-05-15 16:14:29.027650,True,72.88494858500748,354.4601692486544
2026-05-15 16:15:29.027650,True,72.07497291234463,360.1107492700121
2026-05-15 16:16:29.027650,True,72.40744002749017,352.67461083029764
2026-05-15 16:17:29.027650,True,71.59627995595505,359.60953751341737
2026-05-15 16:18:29.027650,True,71.86611984282221,352.6766422688362
2026-05-15 16:19:29.027650,True,71.10961701728218,354.2907136193875
2026-05-15 16:20:29.027650,True,71.58298585910752,359.531842619128
2026-05-15 16:21:29.027650,True,71.69291791867015,353.2561820905415
2026-05-15 16:22:29.027650,True,72.78421161034144,357.91315803985253
2026-05-15 16:23:29.027650,True,72.44952595545715,356.99513020564353
2026-05-15 16:24:29.027650,True,71.34702555590123,354.1931270992461
2026-05-15 16:25:29.027650,True,72.1707270325173,355.9168258842267
2026-05-15 16:26:29.027650,True,71.79006603934197,356.5645157076832
2026-05-15 16:27:29.027650,True,71.92088237584306,353.3362770035552
2026-05-15 16:28:29.027650,True,72.35435884333158,352.4081146971426
2026-05-15 16:29:29.027650,True,72.56571669586063,356.24320652599715
2026-05-15 16:30:29.027650,True,72.76485267336085,359.44336469405425
2026-05-15 16:31:29.027650,True,73.18467509610937,358.40410189619536
2026-05-15 16:32:29.027650,True,72.30799716156142,356.5551196824306
2026-05-15 16:33:29.027650,True,72.87745130021189,357.1251639744412
2026-05-15 16:34:29.027650,True,71.48097040634565,356.8015125581492
2026-05-15 16:35:29.027650,True,71.83366583542059,354.54328524407293
2026-05-15 16:36:29.027650,True,73.45903811664977,358.49268257321364
2026-05-15 16:37:29.027650,True,73.19852610930118,354.20369208754715
2026-05-15 16:38:29.027650,True,71.83793427847091,353.27317499265365
2026-05-15 16:39:29.027650,True,72.18064325183835,356.77838612305766
2026-05-15 16:40:29.027650,True,72.04248624511908,352.7716398598213
2026-05-15 16:41:29.027650,True,71.12922079659023,358.06244948985227
2026-05-15 16:42:29.027650,True,70.85263475648,352.43065611495655
2026-05-15 16:43:29.027650,True,71.68536323740966,353.1818898645578
2026-05-15 16:44:29.027650,True,73.67351117935857,359.3034928448468
2026-05-15 16:45:29.027650,True,70.5322303063659,353.6242811520635
2026-05-15 16:46:29.027650,True,70.07621613255878,354.43111131569435
2026-05-15 16:47:29.027650,True,72.42707061417813,354.6670352761921
2026-05-15 16:48:29.027650,True,72.55003569382458,350.6912757825484
2026-05-15 16:49:29.027650,True,72.42157981464825,355.8809336224779
2026-05-15 16:50:29.027650,True,71.47467678988869,355.174466291763
2026-05-15 16:51:29.027650,True,70.5565277337553,351.9413634589078
2026-05-15 16:52:29.027650,True,73.07251858078446,357.57790365609935
2026-05-15 16:53:29.027650,True,72.29818172370882,357.30136306248056
2026-05-15 16:54:29.027650,True,72.41768733448622,351.57937781684734
2026-05-15 16:55:29.027650,True,71.78442440127579,357.4254139521407
2026-05-15 16:56:29.027650,True,73.19246921003771,357.80843545957595
2026-05-15 16:57:29.027650,True,73.58347512866024,359.02738866937403
2026-05-15 16:58:29.027650,True,71.0658643740486,356.6301024718512
2026-05-15 16:59:29.027650,True,72.19203741803159,353.5993423920166
2026-05-15 17:00:29.027650,True,71.2644175127484,356.77454198569535
2026-05-15 17:01:29.027650,True,73.9044851595447,351.2609165408769
2026-05-15 17:02:29.027650,True,73.01310848209874,354.1269202017097
2026-05-15 17:03:29.027650,True,70.01995064901986,358.60968404236144
2026-05-15 17:04:29.027650,True,71.94776153944446,358.6575070880049
2026-05-15 17:05:29.027650,True,72.77518753266179,359.55201336738264
2026-05-15 17:06:29.027650,True,71.67682840362302,355.27726040301127
2026-05-15 17:07:29.027650,True,72.2355428527109,357.61108323855365
2026-05-15 17:08:29.027650,True,71.13863480402446,353.3857689762115
2026-05-15 17:09:29.027650,True,71.56018061711424,350.2020056014943
2026-05-15 17:10:29.027650,True,71.70945522586462,352.5836949171404
2026-05-15 17:11:29.027650,True,72.5017441701121,358.1490307595929
2026-05-15 17:12:29.027650,True,71.57346160678492,359.686549610156
2026-05-15 17:13:29.027650,True,70.09175138758366,359.50141949746035
2026-05-15 17:14:29.027650,True,72.10622526891031,351.7952470423875
2026-05-15 17:15:29.027650,True,73.48481182422327,355.9500850142452
2026-05-15 17:16:29.027650,True,71.39441790803151,353.7307094539707
2026-05-15 17:17:29.027650,True,71.64313426371515,356.91740437621144
2026-05-15 17:18:29.027650,True,71.91320108385095,352.5736317290737
2026-05-15 17:19:29.027650,True,72.99229811194478,354.1152717727782
2026-05-15 17:20:29.027650,True,70.69740953206973,356.0445023288963
2026-05-15 17:21:29.027650,True,70.11824141167916,358.85059137481727
2026-05-15 17:22:29.027650,True,70.91436035416992,355.7453708834117
2026-05-15 17:23:29.027650,True,73.20491118996658,355.6810255152274
2026-05-15 17:24:29.027650,True,71.98689650091825,355.9310878841883
2026-05-15 17:25:29.027650,True,74.04189478313616,356.13059549746015
2026-05-15 17:26:29.027650,True,71.82808318354607,357.5303596210439
2026-05-15 17:27:29.027650,True,71.59432120478444,352.42035175419096
2026-05-15 17:28:29.027650,True,71.7047658637467,353.291588579411
2026-05-15 17:29:29.027650,True,72.78429720768872,351.00629260100925
2026-05-15 17:30:29.027650,True,72.10041545475293,356.9890133286457
2026-05-15 17:31:29.027650,True,72.19235151814539,356.66328956246923
2026-05-15 17:32:29.027650,True,71.98833346640748,354.997586330116
2026-05-15 17:33:29.027650,True,72.49490902207414,356.274353878017
2026-05-15 17:34:29.027650,True,71.47406438616595,354.52876882043194
2026-05-15 17:35:29.027650,True,71.52339048378174,352.79676154987465
2026-05-15 17:36:29.027650,True,71.86981386045227,357.53386960855255
2026-05-15 17:37:29.027650,True,69.04358670493522,356.00995483169436
2026-05-15 17:38:29.027650,True,71.996161375215,353.98976902106295
2026-05-15 17:39:29.027650,True,71.7781444444311,356.4640152629164
2026-05-15 17:40:29.027650,True,71.79946905216723,349.6168696253918
2026-05-15 17:41:29.027650,True,73.12624089553142,354.4387465367797
2026-05-15 17:42:29.027650,True,72.814965051402,356.0943502314488
2026-05-15 17:43:29.027650,True,71.34697638628427,357.215650813228
2026-05-15 17:44:29.027650,True,71.67674553926476,352.0791817580792
2026-05-15 17:45:29.027650,True,72.76700205806304,352.09802149017867
2026-05-15 17:46:29.027650,True,70.49897591695462,355.924261517961
2026-05-15 17:47:29.027650,True,72.70027779142896,355.2449919172795
2026-05-15 17:48:29.027650,True,72.83941460662734,353.6056924048356
2026-05-15 17:49:29.027650,True,70.99951810989437,354.5946612218437
2026-05-15 17:50:29.027650,True,73.23277601975946,355.858231882955
2026-05-15 17:51:29.027650,True,72.37937583033066,353.5684150739855
2026-05-15 17:52:29.027650,True,72.071325786477,357.28804930017924
2026-05-15 17:53:29.027650,True,71.62069704111661,354.9163316426476
2026-05-15 17:54:29.027650,True,72.94037675461308,355.1580141241751
2026-05-15 17:55:29.027650,True,72.27494609164829,352.96726352835816
2026-05-15 17:56:29.027650,True,71.9852133063339,355.1164063420162
2026-05-15 17:57:29.027650,True,71.64115364973487,354.9199926710799
2026-05-15 17:58:29.027650,True,72.01898080737118,354.0607970500858
2026-05-15 17:59:29.027650,True,71.85507403795282,354.7265175111761
2026-05-15 18:00:29.027650,True,70.25753697908148,359.9299485038874
2026-05-15 18:01:29.027650,True,71.76915426270718,351.2160788905149
2026-05-15 18:02:29.027650,True,71.25126511588472,355.366544174173
2026-05-15 18:03:29.027650,True,71.97285273974464,357.2166941909345
2026-05-15 18:04:29.027650,True,73.03798860325676,355.0097144191226
2026-05-15 18:05:29.027650,True,72.41501688577985,353.14797842423087
2026-05-15 18:06:29.027650,True,72.860703660748,353.1245471253354
2026-05-15 18:07:29.027650,True,71.21448276344361,355.6190536489999
2026-05-15 18:08:29.027650,True,71.86455762318168,352.3434695133646
2026-05-15 18:09:29.027650,True,69.90974481130512,355.4858079835393
2026-05-15 18:10:29.027650,True,72.57246850418565,358.64229761194815
2026-05-15 18:11:29.027650,True,71.7669862443967,356.45222271949535
2026-05-15 18:12:29.027650,True,73.89492103311981,354.5235792441487
2026-05-15 18:13:29.027650,True,71.44201989451699,354.1522219562313
2026-05-15 18:14:29.027650,True,72.16991210090255,355.4421847076928
2026-05-15 18:15:29.027650,True,71.2451607590332,359.6682441090471
2026-05-15 18:16:29.027650,True,70.7306781063855,352.9831963814296
2026-05-15 18:17:29.027650,True,73.408797792018,349.38756791215536
2026-05-15 18:18:29.027650,True,72.65722660743874,362.411439160161
2026-05-15 18:19:29.027650,True,72.48234662709956,355.3007159480837
2026-05-15 18:20:29.027650,True,71.42890144178928,353.2369944242889
2026-05-15 18:21:29.027650,True,71.86223364588834,356.13036422671644
2026-05-15 18:22:29.027650,True,71.5460944724341,359.4063832599344
2026-05-15 18:23:29.027650,True,71.75921762150183,357.48477660353717
2026-05-15 18:24:29.027650,True,72.44343339303661,357.98439211938177
2026-05-15 18:25:29.027650,True,71.45508575924714,354.9269766235709
2026-05-15 18:26:29.027650,True,71.18145428780991,354.9558996167228
2026-05-15 18:27:29.027650,True,72.43048991523409,355.77775592118064
2026-05-15 18:28:29.027650,True,70.93284579260096,354.1772503174544
2026-05-15 18:29:29.027650,True,73.05905462013207,354.8209157437418
2026-05-15 18:30:29.027650,True,71.90623245993072,355.38601995427297
2026-05-15 18:31:29.027650,True,70.22621689432857,354.4826849771529
2026-05-15 18:32:29.027650,True,72.9480097010017,355.3532995308954
2026-05-15 18:33:29.027650,True,72.84095012731478,356.58251460966784
2026-05-15 18:34:29.027650,True,72.15258248294454,360.9040481017523
2026-05-15 18:35:29.027650,True,71.80264944847833,357.1940688891374
2026-05-15 18:36:29.027650,True,71.40837935347469,359.44987014937476
2026-05-15 18:37:29.027650,True,72.93961009555886,356.9859700282496
2026-05-15 18:38:29.027650,True,71.93776362066231,357.6402446927686
2026-05-15 18:39:29.027650,True,71.41954867932785,354.60046482627206
2026-05-15 18:40:29.027650,True,72.47048677323772,354.3719909627414
2026-05-15 18:41:29.027650,True,72.83271265527075,353.86819752018425
2026-05-15 18:42:29.027650,True,71.14940175414597,355.6817511624365
2026-05-15 18:43:29.027650,True,72.86274113924974,357.5527413683772
2026-05-15 18:44:29.027650,True,73.40676505310273,353.8588252206582
2026-05-15 18:45:29.027650,True,70.43959244858408,354.49251092461515
2026-05-15 18:46:29.027650,True,71.65245373622957,354.81215501075405
2026-05-15 18:47:29.027650,True,70.87733940321768,357.14451217532644
2026-05-15 18:48:29.027650,True,73.8850612840005,355.46150964271106
2026-05-15 18:49:29.027650,True,72.76967729878523,353.12971830035576
2026-05-15 18:50:29.027650,True,73.1390264483857,356.5404602659894
2026-05-15 18:51:29.027650,True,73.10726865791581,355.57411006836935
2026-05-15 18:52:29.027650,True,69.61425346959285,355.9830925342896
2026-05-15 18:53:29.027650,True,72.27409343250605,354.34826937652247
2026-05-15 18:54:29.027650,True,71.71158065355822,355.3781587802655
2026-05-15 18:55:29.027650,True,70.76972499837063,353.349337878449
2026-05-15 18:56:29.027650,True,71.46428419841227,356.1369828301142
2026-05-15 18:57:29.027650,True,72.23716269074492,354.6000770409995
2026-05-15 18:58:29.027650,True,71.21341035709747,356.22399684787894
2026-05-15 18:59:29.027650,True,73.09249281990142,349.627374738922
2026-05-15 19:00:29.027650,True,73.49351900373571,357.6134894615497
2026-05-15 19:01:29.027650,True,71.62892577183715,355.64563336439045
2026-05-15 19:02:29.027650,True,71.0712829514739,353.7473064491328
2026-05-15 19:03:29.027650,True,71.56585071564054,353.68976583825486
2026-05-15 19:04:29.027650,True,71.58506502131888,357.6026448745803
2026-05-15 19:05:29.027650,True,71.15948616559348,358.3978390946101
2026-05-15 19:06:29.027650,True,71.50634322710934,351.5515028680686
2026-05-15 19:07:29.027650,True,72.98349631509467,354.94030807336367
2026-05-15 19:08:29.027650,True,71.99997406970574,355.18815017866086
2026-05-15 19:09:29.027650,True,73.2572230982241,358.98609398117287
2026-05-15 19:10:29.027650,True,73.81703397001439,356.3216783953456
2026-05-15 19:11:29.027650,True,71.02043965475336,354.24483733939695
2026-05-15 19:12:29.027650,True,74.399623992942,356.79963753723206
2026-05-15 19:13:29.027650,True,73.23521260363665,358.67709052349625
2026-05-15 19:14:29.027650,True,71.98786708231206,355.2662643878554
2026-05-15 19:15:29.027650,True,71.21394450007743,352.25246931040635
2026-05-15 19:16:29.027650,True,71.97150699285962,360.00510601357206
2026-05-15 19:17:29.027650,True,71.31327548264167,357.03758828289733
2026-05-15 19:18:29.027650,True,72.98297618740406,354.82795952256913
2026-05-15 19:19:29.027650,True,71.14973358059349,354.34190810403425
2026-05-15 19:20:29.027650,True,71.85162482884456,353.5797865086126
2026-05-15 19:21:29.027650,True,71.00238657363946,356.99808351823316
2026-05-15 19:22:29.027650,True,71.4721597777468,354.37466474859946
2026-05-15 19:23:29.027650,True,71.6699625754259,358.86006646823665
2026-05-15 19:24:29.027650,True,73.1737744904945,356.8793885412673
2026-05-15 19:25:29.027650,True,72.6790877793727,355.06493869119157
2026-05-15 19:26:29.027650,True,71.25140535051167,358.42311289892604
2026-05-15 19:27:29.027650,True,71.4303083899923,356.7508160899574
2026-05-15 19:28:29.027650,True,73.6541972624117,357.10962483259794
2026-05-15 19:29:29.027650,True,73.10105525568939,356.2653787352345
2026-05-15 19:30:29.027650,True,73.54086048453912,353.88419280236246
2026-05-15 19:31:29.027650,True,70.68485493798818,352.8294130113162
2026-05-15 19:32:29.027650,True,72.4422408767708,353.51415151095034
2026-05-15 19:33:29.027650,True,71.5343726791547,351.60441907839515
2026-05-15 19:34:29.027650,True,71.90349757406369,356.7545198528528
2026-05-15 19:35:29.027650,True,73.33158477026232,356.55562173344293
2026-05-15 19:36:29.027650,True,72.45646913640277,356.04286453596654
2026-05-15 19:37:29.027650,True,72.44708474646634,357.42807939009697
2026-05-15 19:38:29.027650,True,71.61109912069492,351.49473624756166
2026-05-15 19:39:29.027650,True,72.05587437117916,356.4850737722076
2026-05-15 19:40:29.027650,True,71.88682392489166,356.0456162537629
2026-05-15 19:41:29.027650,True,72.73347862753356,354.85330025655355
2026-05-15 19:42:29.027650,True,73.59421252084641,353.7086612696298
2026-05-15 19:43:29.027650,True,70.93297157284262,353.91696360982536
2026-05-15 19:44:29.027650,True,72.47715095701258,350.7204454715795
2026-05-15 19:45:29.027650,True,72.38675279221204,354.62803958246616
2026-05-15 19:46:29.027650,True,72.36956194867643,356.57759284095323
2026-05-15 19:47:29.027650,True,71.69718282697879,354.8182272369595
2026-05-15 19:48:29.027650,True,71.41902989221673,356.771973398302
2026-05-15 19:49:29.027650,True,71.83693902847206,359.61174335348176
2026-05-15 19:50:29.027650,True,72.01004097124911,354.7404850982596
2026-05-15 19:51:29.027650,True,70.26303442957138,357.43317649311075
2026-05-15 19:52:29.027650,True,73.30438548753149,356.0553788328587
2026-05-15 19:53:29.027650,True,72.60435360874699,356.5685350248633
2026-05-15 19:54:29.027650,True,73.65564229286646,352.6870469626049
2026-05-15 19:55:29.027650,True,72.50376764758143,354.3093352797235
2026-05-15 19:56:29.027650,True,71.53120166979784,356.0826743690646
2026-05-15 19:57:29.027650,True,71.68072199672567,353.7133695725347
2026-05-15 19:58:29.027650,True,71.29945077534126,360.1992407403311
2026-05-15 19:59:29.027650,True,70.48303710315754,357.4649801450714
2026-05-15 20:00:29.027650,True,72.30681409901922,353.64181134766693
2026-05-15 20:01:29.027650,True,71.7953005306025,351.3606900034872
2026-05-15 20:02:29.027650,True,71.74773506345247,352.98965278307196
2026-05-15 20:03:29.027650,True,72.6516559129113,353.6831391192459
2026-05-15 20:04:29.027650,True,70.81983071582422,353.7965328511012
2026-05-15 20:05:29.027650,True,72.02891026287286,353.74342308099483
2026-05-15 20:06:29.027650,True,71.24335557515239,355.4863360077961
2026-05-15 20:07:29.027650,True,73.5756319074903,362.65934121591636
2026-05-15 20:08:29.027650,True,72.47328073625572,355.49818187242715
2026-05-15 20:09:29.027650,True,70.83523714170656,359.5017061839125
2026-05-15 20:10:29.027650,True,72.29442761052272,356.80753631298745
2026-05-15 20:11:29.027650,True,73.4358536151955,356.66415010555215
2026-05-15 20:12:29.027650,True,72.10766689392993,356.4464163697489
2026-05-15 20:13:29.027650,True,71.16737108795597,357.65967435864826
2026-05-15 20:14:29.027650,True,71.76150610984466,354.721512937497
2026-05-15 20:15:29.027650,True,71.56725791639852,357.18004895260003
2026-05-15 20:16:29.027650,True,70.84922958812753,354.7159739728292
2026-05-15 20:17:29.027650,True,71.86145747367567,353.2010257641945
2026-05-15 20:18:29.027650,True,71.49766074179853,350.704248940767
2026-05-15 20:19:29.027650,True,73.35032617566706,354.41506494502045
2026-05-15 20:20:29.027650,True,71.05028433513932,357.17339050353115
2026-05-15 20:21:29.027650,True,71.704146096331,355.65615607135055
2026-05-15 20:22:29.027650,True,71.96843510598137,355.05638893594073
2026-05-15 20:23:29.027650,True,71.0532499483737,359.6886868090377
2026-05-15 20:24:29.027650,True,71.57654981104568,356.8433482986268
2026-05-15 20:25:29.027650,True,70.2833625348745,356.9607283113191
2026-05-15 20:26:29.027650,True,74.19996934095968,352.3745333483914
2026-05-15 20:27:29.027650,True,72.11899626593534,357.45451217804685
2026-05-15 20:28:29.027650,True,71.90392810314891,355.3901701282957
2026-05-15 20:29:29.027650,True,71.49606547218026,356.8474263166807
2026-05-15 20:30:29.027650,True,72.83701828568243,359.0578447046629
2026-05-15 20:31:29.027650,True,72.56500554153595,355.410864987094
2026-05-15 20:32:29.027650,True,72.02766007290877,353.90280895815755
2026-05-15 20:33:29.027650,True,70.91742367983886,356.3525027167433
2026-05-15 20:34:29.027650,True,71.26382998978004,356.15043497167653
2026-05-15 20:35:29.027650,True,70.83765112937158,361.7577169837728
2026-05-15 20:36:29.027650,True,70.49298307062722,355.2387777918066
2026-05-15 20:37:29.027650,True,73.51743000720495,353.9822440198371
2026-05-15 20:38:29.027650,True,72.66548759901993,355.72225401824
2026-05-15 20:39:29.027650,True,71.13103426003575,351.1400272618113
2026-05-15 20:40:29.027650,True,72.62962537734872,354.39161439159153
2026-05-15 20:41:29.027650,True,71.84486722012707,354.1433264970855
2026-05-15 20:42:29.027650,True,73.53904946339543,360.843021208915
2026-05-15 20:43:29.027650,True,72.54763382932298,353.5809417503982
2026-05-15 20:44:29.027650,True,70.54806319421164,358.0900856716622
2026-05-15 20:45:29.027650,True,73.51376184739901,354.4922621946153
2026-05-15 20:46:29.027650,True,69.62375771408269,358.10870706112456
2026-05-15 20:47:29.027650,True,72.67116223580979,350.3234612619335
2026-05-15 20:48:29.027650,True,72.39198030665383,355.27855170222017
2026-05-15 20:49:29.027650,True,71.54186901162812,354.8136977913012
2026-05-15 20:50:29.027650,True,72.63246011407054,353.78099388211973
2026-05-15 20:51:29.027650,True,70.79275271598706,351.8767269196205
2026-05-15 20:52:29.027650,True,73.14440017691234,356.75475401209195
2026-05-15 20:53:29.027650,True,72.62921724629331,353.5673185852295
2026-05-15 20:54:29.027650,True,71.49100356002685,351.67412358224334
2026-05-15 20:55:29.027650,True,71.8111395977054,349.38746373459423
2026-05-15 20:56:29.027650,True,71.96722744119953,355.28178272420666
2026-05-15 20:57:29.027650,True,72.4944983429934,354.081473942548
2026-05-15 20:58:29.027650,True,73.48359349984773,358.7902704563079
2026-05-15 20:59:29.027650,True,73.11940332483516,358.70515985358696
2026-05-15 21:00:29.027650,True,72.48777601015338,354.1632953414398
2026-05-15 21:01:29.027650,True,72.5210048001269,358.5501721022847
2026-05-15 21:02:29.027650,True,72.65142075127328,359.60979433521
2026-05-15 21:03:29.027650,True,70.96213086017914,354.53635870503393
2026-05-15 21:04:29.027650,True,72.49863564945136,353.6538069955384
2026-05-15 21:05:29.027650,True,73.59955065179943,355.2016542257537
2026-05-15 21:06:29.027650,True,70.57489829510016,355.19674892130416
2026-05-15 21:07:29.027650,True,70.25522603931185,354.621981074137
2026-05-15 21:08:29.027650,True,72.2509432063789,359.1176459593273
2026-05-15 21:09:29.027650,True,72.15845407795389,350.5873363149649
2026-05-15 21:10:29.027650,True,71.69674298082329,351.80518661837317
2026-05-15 21:11:29.027650,True,72.62459701366849,354.18059276299397
2026-05-15 21:12:29.027650,True,71.58928016301155,354.34928943952593
2026-05-15 21:13:29.027650,True,71.37553471714556,358.4350687527677
2026-05-15 21:14:29.027650,True,71.4898616692562,352.1605442187159
2026-05-15 21:15:29.027650,True,70.22980249984708,353.43566234150836
2026-05-15 21:16:29.027650,True,70.95868592438595,353.6003669963091
2026-05-15 21:17:29.027650,True,73.03380108479186,356.3602348929826
2026-05-15 21:18:29.027650,True,72.58370550712297,358.7917387672701
2026-05-15 21:19:29.027650,True,72.26884142849595,353.5570210146012
2026-05-15 21:20:29.027650,True,70.95544055018621,357.8181120495754
2026-05-15 21:21:29.027650,True,72.38867164752786,354.04190238052877
2026-05-15 21:22:29.027650,True,70.45269942628381,356.1130008498648
2026-05-15 21:23:29.027650,True,71.07434917298991,353.2470781437921
2026-05-15 21:24:29.027650,True,72.76445804519086,353.3122665717501
2026-05-15 21:25:29.027650,True,71.31668089657059,351.3986566311029
2026-05-15 21:26:29.027650,True,72.43064225958031,355.14085624130206
2026-05-15 21:27:29.027650,True,71.96168014716149,353.6825595258463
2026-05-15 21:28:29.027650,True,72.2033755734561,353.64196671037564
2026-05-15 21:29:29.027650,True,72.05839363294304,355.3412933496417
2026-05-15 21:30:29.027650,True,71.42377293228805,355.44455992088166
2026-05-15 21:31:29.027650,True,71.89074436756292,355.9751504332123
2026-05-15 21:32:29.027650,True,72.41523936400205,350.2495452903926
2026-05-15 21:33:29.027650,True,70.76981076482879,356.2465192755136
2026-05-15 21:34:29.027650,True,73.67854956918626,355.67806358994727
2026-05-15 21:35:29.027650,True,72.09151461942027,358.7792681209142
2026-05-15 21:36:29.027650,True,70.75472215290681,358.3593346365661
2026-05-15 21:37:29.027650,True,70.58262681935584,353.4112774955364
2026-05-15 21:38:29.027650,True,70.88716483436613,352.3519442945511
2026-05-15 21:39:29.027650,True,74.45428187229358,357.8429325136645
2026-05-15 21:40:29.027650,True,72.91222185208792,356.2302998035969
2026-05-15 21:41:29.027650,True,69.97968464300241,356.12257395204557
2026-05-15 21:42:29.027650,True,72.95661440887966,353.8191685953205
2026-05-15 21:43:29.027650,True,72.58641729303106,357.0156491471482
2026-05-15 21:44:29.027650,True,72.79705379743817,355.56309507467574
2026-05-15 21:45:29.027650,True,72.06326281570674,356.5618429853132
2026-05-15 21:46:29.027650,True,72.68287753559703,352.59643477444627
2026-05-15 21:47:29.027650,True,70.3270932277453,352.78929953240333
2026-05-15 21:48:29.027650,True,71.71429502462948,356.74843331493605
2026-05-15 21:49:29.027650,True,72.71584765673063,354.06071157516
2026-05-15 21:50:29.027650,True,71.20504815922683,359.4780635486652
2026-05-15 21:51:29.027650,True,70.56234899706767,352.26793804122025
2026-05-15 21:52:29.027650,True,73.320569248983,353.93007606522866
2026-05-15 21:53:29.027650,True,72.5494799926314,358.1878710126142
2026-05-15 21:54:29.027650,True,72.59299310106134,355.6235119004873
2026-05-15 21:55:29.027650,True,73.23595409401574,352.0656057951171
2026-05-15 21:56:29.027650,True,72.67769354741614,355.01847735413656
2026-05-15 21:57:29.027650,True,73.22796203718802,356.05613902832386
2026-05-15 21:58:29.027650,True,71.9772845026932,355.13945191373926
2026-05-15 21:59:29.027650,True,72.88130433172103,357.76337930535925
2026-05-15 22:00:29.027650,True,71.42452305909542,354.8975243198924
2026-05-15 22:01:29.027650,True,72.32390835123267,356.25749939447326
2026-05-15 22:02:29.027650,True,72.55163151683676,349.6942150445033
2026-05-15 22:03:29.027650,True,72.6233725513907,353.50384500038797
2026-05-15 22:04:29.027650,True,71.61539169537019,354.83719949159104
2026-05-15 22:05:29.027650,True,71.55977397495222,350.2921228456964
2026-05-15 22:06:29.027650,True,71.46076250150931,353.3190307164692
2026-05-15 22:07:29.027650,True,72.59543868054133,353.382668200943
2026-05-15 22:08:29.027650,True,71.21581581224842,358.27130663744236
2026-05-15 22:09:29.027650,True,73.02574278414971,355.10620420284397
2026-05-15 22:10:29.027650,True,71.90513624751141,356.09491621567065
2026-05-15 22:11:29.027650,True,72.03187269981689,355.40134010465613
2026-05-15 22:12:29.027650,True,72.8687685040387,355.2576761806772
2026-05-15 22:13:29.027650,True,72.56990318310619,354.1078493521825
2026-05-15 22:14:29.027650,True,72.53242598482616,358.7198400760223
2026-05-15 22:15:29.027650,True,72.88034037421843,353.2849425957034
2026-05-15 22:16:29.027650,True,71.87925375670679,356.3212824920654
2026-05-15 22:17:29.027650,True,72.72511479517148,354.9949225295639
2026-05-15 22:18:29.027650,True,70.88540902063957,357.89217680295354
2026-05-15 22:19:29.027650,True,71.38540125019192,354.8527088610826
2026-05-15 22:20:29.027650,True,73.2725571307007,356.5149613491015
2026-05-15 22:21:29.027650,True,72.22937335959821,354.4920930536325
2026-05-15 22:22:29.027650,True,72.17252687370579,354.01679986434004
2026-05-15 22:23:29.027650,True,71.69574164528538,354.3226434742981
2026-05-15 22:24:29.027650,True,73.0455426425742,354.16132880035184
2026-05-15 22:25:29.027650,True,71.0092119263797,358.82551882744895
2026-05-15 22:26:29.027650,True,71.15320470269126,351.34182334403266
2026-05-15 22:27:29.027650,True,71.80558570353996,359.14016420180985
2026-05-15 22:28:29.027650,True,71.64060606349678,354.9751568019905
2026-05-15 22:29:29.027650,True,73.3262464476229,351.315660159762
2026-05-15 22:30:29.027650,True,71.40286360857496,353.89329811722786
2026-05-15 22:31:29.027650,True,72.28639929853267,356.41322543980726
2026-05-15 22:32:29.027650,True,73.55459114217176,357.73865911845877
2026-05-15 22:33:29.027650,True,71.73873854484349,354.31611285040384
2026-05-15 22:34:29.027650,True,72.25988479085326,351.3493543590905
2026-05-15 22:35:29.027650,True,73.90405921977413,355.8484063374871
2026-05-15 22:36:29.027650,True,71.68690647862921,358.3692362793954
2026-05-15 22:37:29.027650,True,71.79973604212523,356.7706289199448
2026-05-15 22:38:29.027650,True,71.92524818775748,354.6333673398066
2026-05-15 22:39:29.027650,True,72.11494893564426,355.071391962482
2026-05-15 22:40:29.027650,True,73.07603633105246,354.21543370079587
2026-05-15 22:41:29.027650,True,72.6243037894733,359.65889219118753
2026-05-15 22:42:29.027650,True,72.50692636168199,355.5605785760741
2026-05-15 22:43:29.027650,True,72.43492453855153,353.62007486626163
2026-05-15 22:44:29.027650,True,72.12568916924586,355.69635942265876
2026-05-15 22:45:29.027650,True,70.96957167094179,360.5804784605204
2026-05-15 22:46:29.027650,True,70.93037087594061,353.10608463048095
2026-05-15 22:47:29.027650,True,73.243512942396,358.7671879829283
2026-05-15 22:48:29.027650,True,71.3732301344216,356.3932537237854
2026-05-15 22:49:29.027650,True,72.34891070039751,355.36372221177703
2026-05-15 22:50:29.027650,True,74.34526659526415,350.71428989528476
2026-05-15 22:51:29.027650,True,73.30996085737641,358.6287493712472
2026-05-15 22:52:29.027650,True,73.42869265703196,355.51747168255275
2026-05-15 22:53:29.027650,True,72.02189741883844,356.5421405625011
2026-05-15 22:54:29.027650,True,72.59202469385819,357.0220636343267
2026-05-15 22:55:29.027650,True,72.16890702676774,353.69258800493276
2026-05-15 22:56:29.027650,True,71.95500842794442,354.98695615563895
2026-05-15 22:57:29.027650,True,72.25516890075009,356.74947563598124
2026-05-15 22:58:29.027650,True,72.71584836720007,358.95609577392617
2026-05-15 22:59:29.027650,True,72.14554055169918,354.8177153236963
2026-05-15 23:00:29.027650,True,72.10245239467723,355.28587263583086
2026-05-15 23:01:29.027650,True,71.57506442592312,358.8289314149116
2026-05-15 23:02:29.027650,True,72.08941654404835,355.00445677157074
2026-05-15 23:03:29.027650,True,70.6538385761363,354.97474608231715
2026-05-15 23:04:29.027650,True,71.85462899106062,355.93075845162156
2026-05-15 23:05:29.027650,True,71.00549259443541,354.86631563109694
2026-05-15 23:06:29.027650,True,72.31425176434614,352.89007242858685
2026-05-15 23:07:29.027650,True,71.28221213821831,355.62539112422286
2026-05-15 23:08:29.027650,True,71.40105333317052,354.4748212422689
2026-05-15 23:09:29.027650,True,71.1300529350811,353.8891764659727
2026-05-15 23:10:29.027650,True,72.03280100377268,357.6879085712668
2026-05-15 23:11:29.027650,True,73.39571042453917,351.22369347639955
2026-05-15 23:12:29.027650,True,72.32767048303498,355.83055945681986
2026-05-15 23:13:29.027650,True,72.07039427109055,356.6410403608206
2026-05-15 23:14:29.027650,True,72.91729669778394,354.9803742973947
2026-05-15 23:15:29.027650,True,70.83883040739286,353.05758529269315
2026-05-15 23:16:29.027650,True,72.09647549616804,357.9659040289065
2026-05-15 23:17:29.027650,True,71.83664525704295,358.91952546027255
2026-05-15 23:18:29.027650,True,71.49924016758541,357.603057418681
2026-05-15 23:19:29.027650,True,72.76803213603036,356.5105427139148
2026-05-15 23:20:29.027650,True,71.96751279576517,352.9315968283375
2026-05-15 23:21:29.027650,True,72.07673531100431,351.3667965876576
2026-05-15 23:22:29.027650,True,72.08315288334448,356.4846219199743
2026-05-15 23:23:29.027650,True,72.37029335292269,354.19071514777465
2026-05-15 23:24:29.027650,True,72.58196863706624,354.05360593240465
2026-05-15 23:25:29.027650,True,72.13969726984854,353.02295466979353
2026-05-15 23:26:29.027650,True,71.10590367096513,356.4512885754037
2026-05-15 23:27:29.027650,True,71.6593125159321,354.5815178491598
2026-05-15 23:28:29.027650,True,72.34227250962684,353.9787316935228
2026-05-15 23:29:29.027650,True,73.70968308834591,358.68466696603724
2026-05-15 23:30:29.027650,True,71.87574679233477,354.31588162897333
2026-05-15 23:31:29.027650,True,71.39786427988221,353.64531146142104
2026-05-15 23:32:29.027650,True,72.90283372346312,354.1912956940316
2026-05-15 23:33:29.027650,True,72.49963221212104,356.5426522156124
2026-05-15 23:34:29.027650,True,71.96166814551133,355.27355662057187
2026-05-15 23:35:29.027650,True,71.0982356605054,353.4952475540661
2026-05-15 23:36:29.027650,True,69.44346003192388,357.0300114301292
2026-05-15 23:37:29.027650,True,73.75831525743071,357.4130343892512
2026-05-15 23:38:29.027650,True,70.56136826547322,354.91807570091754
2026-05-15 23:39:29.027650,True,71.67697551872064,352.1266399645404
2026-05-15 23:40:29.027650,True,73.44143268479219,355.4656680636059
2026-05-15 23:41:29.027650,True,71.43987745211055,356.4127472026066
2026-05-15 23:42:29.027650,True,73.68168803294878,360.58373737858625
2026-05-15 23:43:29.027650,True,74.8543800008009,351.3958875970476
2026-05-15 23:44:29.027650,True,74.81808940881325,356.3189082565842
2026-05-15 23:45:29.027650,True,71.39010957015945,353.82633819616024
2026-05-15 23:46:29.027650,True,71.20817668521758,358.17145052442663
2026-05-15 23:47:29.027650,True,71.46285085543839,354.9799790164299
2026-05-15 23:48:29.027650,True,72.3003608568914,354.64547587485487
2026-05-15 23:49:29.027650,True,72.53414327617863,357.04531509040766
2026-05-15 23:50:29.027650,True,73.38365847926296,349.76417443876784
2026-05-15 23:51:29.027650,True,72.58965852334084,354.58375284498305
2026-05-15 23:52:29.027650,True,72.49006546406922,358.69595194724576
2026-05-15 23:53:29.027650,True,71.04873974684955,355.0244338915725
2026-05-15 23:54:29.027650,True,69.64610562950524,354.63171577157414
2026-05-15 23:55:29.027650,True,73.14874459456252,355.4275884388117
2026-05-15 23:56:29.027650,True,70.55734472427291,353.81443580816546
2026-05-15 23:57:29.027650,True,70.55760104513352,355.07816735211736
2026-05-15 23:58:29.027650,True,71.77106568254163,352.0693734772267
2026-05-15 23:59:29.027650,True,72.24201507748583,355.3892782513735
2026-05-16 00:00:29.027650,True,71.17769673323735,355.2934804440794
2026-05-16 00:01:29.027650,True,72.55558671927882,359.13988574389
2026-05-16 00:02:29.027650,True,71.95079332381013,356.627525020268
2026-05-16 00:03:29.027650,True,71.78737653463313,357.54933319728883
2026-05-16 00:04:29.027650,True,72.08391498654512,354.21142966748505
2026-05-16 00:05:29.027650,True,71.53458779519853,356.110541797252
2026-05-16 00:06:29.027650,True,72.31997039070602,356.1504377180586
2026-05-16 00:07:29.027650,True,73.15683878216217,357.6116349259644
2026-05-16 00:08:29.027650,True,70.56183210766693,357.99219463479193
2026-05-16 00:09:29.027650,True,72.12827751881566,358.8544465892168
2026-05-16 00:10:29.027650,True,70.49909699553302,357.38516087834074
2026-05-16 00:11:29.027650,True,71.88995631088197,352.16545883946753
2026-05-16 00:12:29.027650,True,72.12976654374744,356.81704255262184
2026-05-16 00:13:29.027650,True,72.37309152170235,358.01035606503785
2026-05-16 00:14:29.027650,True,71.69974702659846,357.15021554376955
2026-05-16 00:15:29.027650,True,70.33657049829125,358.2124889668491
2026-05-16 00:16:29.027650,True,73.18348096137535,354.90904156424943
2026-05-16 00:17:29.027650,True,70.4323104948307,356.00407357529764
2026-05-16 00:18:29.027650,True,70.95758696930851,358.3742940144024
2026-05-16 00:19:29.027650,True,72.1769494431721,353.5367939224274
2026-05-16 00:20:29.027650,True,72.58224454850429,357.19959933447524
2026-05-16 00:21:29.027650,True,71.93498051954377,357.2016038524002
2026-05-16 00:22:29.027650,True,71.27525874708087,358.32424663481817
2026-05-16 00:23:29.027650,True,71.56154739020795,352.65551729413676
2026-05-16 00:24:29.027650,True,72.55062605086863,358.8366674042496
2026-05-16 00:25:29.027650,True,71.18075438525909,360.0186868185535
2026-05-16 00:26:29.027650,True,72.303049769958,355.23146144458883
2026-05-16 00:27:29.027650,True,71.85534733758703,359.0008137901483
2026-05-16 00:28:29.027650,True,71.16058055161135,355.8345279393863
2026-05-16 00:29:29.027650,True,72.28491187670382,354.80654635264875
2026-05-16 00:30:29.027650,True,73.43464279101268,356.6385874469207
2026-05-16 00:31:29.027650,True,71.58795143855355,360.0607697968497
2026-05-16 00:32:29.027650,True,72.45049813792265,358.4842906422815
2026-05-16 00:33:29.027650,True,71.70766023029951,354.97111109011496
2026-05-16 00:34:29.027650,True,72.57243617509273,356.5021225157151
2026-05-16 00:35:29.027650,True,71.9577087746777,354.9603840137603
2026-05-16 00:36:29.027650,True,71.72912279059588,350.77703454016773
2026-05-16 00:37:29.027650,True,71.14260353419509,354.1042667696601
2026-05-16 00:38:29.027650,True,71.52319683736329,360.688500626725
2026-05-16 00:39:29.027650,True,72.74634407225392,353.92104102754973
2026-05-16 00:40:29.027650,True,71.45326933730568,356.6587984474722
2026-05-16 00:41:29.027650,True,72.68318331447415,357.8576764676734
2026-05-16 00:42:29.027650,True,72.72025201268997,356.6836400904381
2026-05-16 00:43:29.027650,True,72.7188861954921,356.2940248404176
2026-05-16 00:44:29.027650,True,71.51614080707984,359.1398871677099
2026-05-16 00:45:29.027650,True,72.38395749126995,351.9626556495506
2026-05-16 00:46:29.027650,True,72.79611400431601,358.27746906685263
2026-05-16 00:47:29.027650,True,72.92078436458004,354.01803495715205
2026-05-16 00:48:29.027650,True,72.12273943353705,356.29060171651156
2026-05-16 00:49:29.027650,True,72.89869553839999,355.9163684830391
2026-05-16 00:50:29.027650,True,72.4361801957896,356.61007428799286
2026-05-16 00:51:29.027650,True,72.28637286780919,355.52037841520234
2026-05-16 00:52:29.027650,True,72.04570041861645,358.03360574853093
2026-05-16 00:53:29.027650,True,71.22992423969451,355.47732539632415
2026-05-16 00:54:29.027650,True,71.93173573251418,359.4062546589924
2026-05-16 00:55:29.027650,True,71.14864300864869,354.9088950560325
2026-05-16 00:56:29.027650,True,72.94287793858956,357.4520059545596
2026-05-16 00:57:29.027650,True,70.16860537557166,352.51862673325695
2026-05-16 00:58:29.027650,True,69.79731833898404,352.2316040626614
2026-05-16 00:59:29.027650,True,69.58804179083795,352.953308940293
2026-05-16 01:00:29.027650,True,70.90892831953742,354.73697275653507
2026-05-16 01:01:29.027650,True,70.40650810301183,355.94874438222996
2026-05-16 01:02:29.027650,True,71.64888582521534,360.12075843270054
2026-05-16 01:03:29.027650,True,73.25681036295931,357.0045724019608
2026-05-16 01:04:29.027650,True,71.92157120671007,359.3608379631958
2026-05-16 01:05:29.027650,True,70.5654064179509,354.40070884398233
2026-05-16 01:06:29.027650,True,72.01149218397006,358.3902478589165
2026-05-16 01:07:29.027650,True,71.24489464614405,354.7425991171385
2026-05-16 01:08:29.027650,True,71.56498349536814,358.3011940877807
2026-05-16 01:09:29.027650,True,73.36423693880674,357.08611722496937
2026-05-16 01:10:29.027650,True,71.07639366404014,354.60595183558587
2026-05-16 01:11:29.027650,True,70.6589880501991,356.3870509718318
2026-05-16 01:12:29.027650,True,71.88156469365214,352.61653194186084
2026-05-16 01:13:29.027650,True,71.43997234990624,354.5629607800751
2026-05-16 01:14:29.027650,True,70.68876708579735,356.498591478994
2026-05-16 01:15:29.027650,True,72.94930812077499,355.4767994589321
2026-05-16 01:16:29.027650,True,72.7366222819533,353.2709362458603
2026-05-16 01:17:29.027650,True,71.63172415279337,355.3761961199347
2026-05-16 01:18:29.027650,True,71.01406946752431,359.8329884494591
2026-05-16 01:19:29.027650,True,71.33368647583711,354.66968686410297
2026-05-16 01:20:29.027650,True,72.95632170677877,357.5376756203793
2026-05-16 01:21:29.027650,True,72.01766118893315,353.4049102211067
2026-05-16 01:22:29.027650,True,72.4018950788906,357.76944350167196
2026-05-16 01:23:29.027650,True,71.59793342726645,355.4284263202014
2026-05-16 01:24:29.027650,True,70.49135289469253,357.83223220960343
2026-05-16 01:25:29.027650,True,71.74886669651849,356.8445674738482
2026-05-16 01:26:29.027650,True,72.60213212941318,356.9195574571355
2026-05-16 01:27:29.027650,True,71.51978281416004,358.00400929664875
2026-05-16 01:28:29.027650,True,71.26757435849704,357.97606952771685
2026-05-16 01:29:29.027650,True,70.89051434607782,355.2042266870439
2026-05-16 01:30:29.027650,True,70.08851636897067,357.379771532377
2026-05-16 01:31:29.027650,True,72.25858288603672,355.75889466015934
2026-05-16 01:32:29.027650,True,71.2256522380281,356.3817547784242
2026-05-16 01:33:29.027650,True,71.33256951012287,355.72173937500713
2026-05-16 01:34:29.027650,True,72.51118729233671,362.5614646660885
2026-05-16 01:35:29.027650,True,72.46735070049321,357.4648542320933
2026-05-16 01:36:29.027650,True,72.20050629635648,355.98153810576235
2026-05-16 01:37:29.027650,True,70.1187441311369,351.6695516064159
2026-05-16 01:38:29.027650,True,71.8714649925406,351.26320594280224
2026-05-16 01:39:29.027650,True,70.69903637522789,351.8758011702633
2026-05-16 01:40:29.027650,True,71.69735976835321,356.72668343668147
2026-05-16 01:41:29.027650,True,72.88901575074878,356.8293056304847
2026-05-16 01:42:29.027650,True,71.03307585763443,350.1795394713188
2026-05-16 01:43:29.027650,True,70.4213462736774,355.2136832240073
2026-05-16 01:44:29.027650,True,71.3748076791596,353.08776979446236
2026-05-16 01:45:29.027650,True,70.34090898869604,356.25140856400424
2026-05-16 01:46:29.027650,True,71.23000412474337,356.57106661783973
2026-05-16 01:47:29.027650,True,73.46562743219673,352.77558573457594
2026-05-16 01:48:29.027650,True,72.38359640728564,354.1738726571055
2026-05-16 01:49:29.027650,True,72.05680748903093,358.79003219550475
2026-05-16 01:50:29.027650,True,72.52107928309007,353.281572984698
2026-05-16 01:51:29.027650,True,71.53352491288332,356.17997952250437
2026-05-16 01:52:29.027650,True,71.94184898099945,356.15290717352207
2026-05-16 01:53:29.027650,True,73.2011484367317,359.3943679374883
2026-05-16 01:54:29.027650,True,71.17425610657774,355.7955494139937
2026-05-16 01:55:29.027650,True,71.8813585015001,357.4638951377329
2026-05-16 01:56:29.027650,True,70.72095367583218,355.44025559548356
2026-05-16 01:57:29.027650,True,72.02834931506885,353.595579145146
2026-05-16 01:58:29.027650,True,70.63235140280544,353.299014887493
2026-05-16 01:59:29.027650,True,72.40056482083952,354.3384560322235
2026-05-16 02:00:29.027650,True,73.31875443628951,357.2607865161462
2026-05-16 02:01:29.027650,True,71.54401259344075,354.1829185267333
2026-05-16 02:02:29.027650,True,72.58074278544291,354.86697422257254
2026-05-16 02:03:29.027650,True,71.04487970789889,354.78729238205375
2026-05-16 02:04:29.027650,True,73.45395738924819,356.85890673366697
2026-05-16 02:05:29.027650,True,72.47137887886424,353.4718828444283
2026-05-16 02:06:29.027650,True,72.24767618790844,352.3835930233276
2026-05-16 02:07:29.027650,True,71.74860450810662,358.20092930617676
2026-05-16 02:08:29.027650,True,72.8644498015337,355.9784714147349
2026-05-16 02:09:29.027650,True,69.77038708372156,361.3887617557844
2026-05-16 02:10:29.027650,True,74.09942507694387,358.0855949551702
2026-05-16 02:11:29.027650,True,71.17282991683646,353.46631701697487
2026-05-16 02:12:29.027650,True,71.51013443411507,358.97094532950905
2026-05-16 02:13:29.027650,True,72.23855074196833,352.2823678097738
2026-05-16 02:14:29.027650,True,71.75727907822153,359.7543041488107
2026-05-16 02:15:29.027650,True,73.42850760425179,357.9582760308308
2026-05-16 02:16:29.027650,True,73.06298494941257,355.5276367783961
2026-05-16 02:17:29.027650,True,69.1524228783386,356.2530866120314
2026-05-16 02:18:29.027650,True,71.8916787629112,357.2803408304197
2026-05-16 02:19:29.027650,True,72.0381517421487,355.11777581725426
2026-05-16 02:20:29.027650,True,72.08618199569742,356.6067618698919
2026-05-16 02:21:29.027650,True,72.1210544328855,357.8834586100679
2026-05-16 02:22:29.027650,True,73.01052113091005,356.0087612403638
2026-05-16 02:23:29.027650,True,71.76120788722713,355.64543917843287
2026-05-16 02:24:29.027650,True,72.37859757668569,355.6854895341832
2026-05-16 02:25:29.027650,True,72.53395621517517,359.59135652829667
2026-05-16 02:26:29.027650,True,74.29600278401956,354.22959380956314
2026-05-16 02:27:29.027650,True,69.23832414445161,358.92420615599485
2026-05-16 02:28:29.027650,True,71.75346982161854,352.5415423304347
2026-05-16 02:29:29.027650,True,71.5716151570033,352.8401116282153
2026-05-16 02:30:29.027650,True,72.33469574309318,351.8574322547934
2026-05-16 02:31:29.027650,True,71.54277107868654,356.6240942770139
2026-05-16 02:32:29.027650,True,72.0457573216681,354.7234456161574
2026-05-16 02:33:29.027650,True,71.08230742330734,355.9531771366073
2026-05-16 02:34:29.027650,True,72.30144828560933,355.34144497046873
2026-05-16 02:35:29.027650,True,73.15426469612689,350.82397747659803
2026-05-16 02:36:29.027650,True,72.69418867127449,353.6129980345947
2026-05-16 02:37:29.027650,True,70.35513562475846,357.4292039958812
2026-05-16 02:38:29.027650,True,72.24080017216527,356.3060318291301
2026-05-16 02:39:29.027650,True,72.53119499712801,354.55113219195744
2026-05-16 02:40:29.027650,True,71.69354178074919,359.30311730086015
2026-05-16 02:41:29.027650,True,72.16776679078102,357.43344208250085
2026-05-16 02:42:29.027650,True,72.26193021893106,351.6754510051481
2026-05-16 02:43:29.027650,True,70.02290729537687,354.0192296213393
2026-05-16 02:44:29.027650,True,72.653828575383,358.8510881992576
2026-05-16 02:45:29.027650,True,72.79711944827245,355.1387127388909
2026-05-16 02:46:29.027650,True,73.24724387610708,353.68160534259954
2026-05-16 02:47:29.027650,True,71.90751288141098,353.55432394824663
2026-05-16 02:48:29.027650,True,71.3305791512517,356.882874429631
2026-05-16 02:49:29.027650,True,71.24046004372555,354.5620114632204
2026-05-16 02:50:29.027650,True,72.77022118501841,354.27686486184643
2026-05-16 02:51:29.027650,True,74.48061221264707,354.3166479713219
2026-05-16 02:52:29.027650,True,71.68097098176479,354.1661546473933
2026-05-16 02:53:29.027650,True,69.73097800158459,351.59039673476025
2026-05-16 02:54:29.027650,True,72.48026196144248,359.4105188909695
2026-05-16 02:55:29.027650,True,72.940559382931,357.6251706287103
2026-05-16 02:56:29.027650,True,71.69294878981697,355.40754433911906
2026-05-16 02:57:29.027650,True,71.99099838501746,360.72648842378624
2026-05-16 02:58:29.027650,True,71.36734067274315,356.3984977606145
2026-05-16 02:59:29.027650,True,70.47360706357117,355.5761372684439
2026-05-16 03:00:29.027650,True,72.7249368461634,354.82045990807575
2026-05-16 03:01:29.027650,True,71.49166122918956,355.43437878403745
2026-05-16 03:02:29.027650,True,71.08967884123771,357.17079666524126
2026-05-16 03:03:29.027650,True,71.38978736606555,354.82068870910143
2026-05-16 03:04:29.027650,True,71.17908729462701,357.3607270236273
2026-05-16 03:05:29.027650,True,73.55577349606644,359.74181244935426
2026-05-16 03:06:29.027650,True,70.61772869571251,356.50993936894116
2026-05-16 03:07:29.027650,True,72.15696775178871,359.5021480765975
2026-05-16 03:08:29.027650,True,72.47659262287867,349.07255418639005
2026-05-16 03:09:29.027650,True,71.615289954996,355.9714413401293
2026-05-16 03:10:29.027650,True,71.39786774285535,350.73633619843383
2026-05-16 03:11:29.027650,True,71.78792612787281,352.9737108686501
2026-05-16 03:12:29.027650,True,72.03209923867453,361.57787654343
2026-05-16 03:13:29.027650,True,72.42274081503555,358.98360440082405
2026-05-16 03:14:29.027650,True,72.77570579881514,356.4579247662008
2026-05-16 03:15:29.027650,True,73.40285122156025,357.27869807069374
2026-05-16 03:16:29.027650,True,72.31005317873658,357.0676356318971
2026-05-16 03:17:29.027650,True,72.70541754491047,352.83477684733447
2026-05-16 03:18:29.027650,True,71.3327073719417,354.0358075483933
2026-05-16 03:19:29.027650,True,73.44384823742118,356.68416941407935
2026-05-16 03:20:29.027650,True,70.2898195295355,361.4884210938242
2026-05-16 03:21:29.027650,True,71.45517336226837,354.5186970327033
2026-05-16 03:22:29.027650,True,70.97007557398919,360.11896797393274
2026-05-16 03:23:29.027650,True,72.03096358829096,353.4394756697015
2026-05-16 03:24:29.027650,True,73.57652364916903,355.96161626504636
2026-05-16 03:25:29.027650,True,71.83719594313905,357.67492704970834
2026-05-16 03:26:29.027650,True,70.81958041393608,355.8544100285427
2026-05-16 03:27:29.027650,True,69.9598976732535,352.1118862585188
2026-05-16 03:28:29.027650,True,73.827483164257,360.02321620153174
2026-05-16 03:29:29.027650,True,72.8456070029469,356.28034952699676
2026-05-16 03:30:29.027650,True,71.38145461253534,353.58173919875617
2026-05-16 03:31:29.027650,True,72.65079554630717,355.58075583606507
2026-05-16 03:32:29.027650,True,71.80436980622355,357.05281687756064
2026-05-16 03:33:29.027650,True,71.94134400967252,356.68915618993987
2026-05-16 03:34:29.027650,True,73.07795086987606,356.8934589266801
2026-05-16 03:35:29.027650,True,71.47151204135983,351.54983494206004
2026-05-16 03:36:29.027650,True,71.94678057584595,355.2322619802372
2026-05-16 03:37:29.027650,True,71.42203187221409,355.8205789713102
2026-05-16 03:38:29.027650,True,74.5110502403887,351.9045473261659
2026-05-16 03:39:29.027650,True,70.35897575087716,353.99164116310214
2026-05-16 03:40:29.027650,True,72.25934953854545,357.5771830523392
2026-05-16 03:41:29.027650,True,71.6405713,358.710134240131
2026-05-16 03:42:29.027650,True,71.1523826170614,354.440229366179
2026-05-16 03:43:29.027650,True,72.31482751537504,358.34585372359885
2026-05-16 03:44:29.027650,True,73.45622315085001,358.4310738670284
2026-05-16 03:45:29.027650,True,72.65274762332453,354.2051436374762
2026-05-16 03:46:29.027650,True,71.48276618938992,354.02082844706877
2026-05-16 03:47:29.027650,True,73.02194537183172,357.1461151244565
2026-05-16 03:48:29.027650,True,70.40687344164836,354.1656045877417
2026-05-16 03:49:29.027650,True,73.0003696840331,356.2993618719503
2026-05-16 03:50:29.027650,True,71.74520948099249,358.0065432724134
2026-05-16 03:51:29.027650,True,72.98899113555548,354.75008527757274
2026-05-16 03:52:29.027650,True,70.96270910809973,352.3756705935582
2026-05-16 03:53:29.027650,True,72.9057202440124,350.0920486094202
2026-05-16 03:54:29.027650,True,71.22630936205157,356.1038288895784
2026-05-16 03:55:29.027650,True,71.09509291541795,353.3606813486396
2026-05-16 03:56:29.027650,True,72.20966745277956,355.94746740251134
2026-05-16 03:57:29.027650,True,72.6181326951267,356.4984092603247
2026-05-16 03:58:29.027650,True,71.5485722478373,358.0778926542024
2026-05-16 03:59:29.027650,True,71.94002319940556,353.0859148297272
2026-05-16 04:00:29.027650,True,73.086272813919,356.107411896873
2026-05-16 04:01:29.027650,True,71.39359086403752,352.5815014301483
2026-05-16 04:02:29.027650,True,72.84813066450744,353.4703654826222
2026-05-16 04:03:29.027650,True,73.4538622577352,357.02921059597713
2026-05-16 04:04:29.027650,True,70.87259478315615,357.55279263439223
2026-05-16 04:05:29.027650,True,72.23234270508395,357.4418521657004
2026-05-16 04:06:29.027650,True,72.17095810728985,356.88600094579294
2026-05-16 04:07:29.027650,True,72.18320262684496,358.6410872782402
2026-05-16 04:08:29.027650,True,72.76787397692476,355.9285884484966
2026-05-16 04:09:29.027650,True,72.55907015736246,352.5757216226273
2026-05-16 04:10:29.027650,True,73.56155712509418,350.5739262092389
2026-05-16 04:11:29.027650,True,71.84853512233973,355.3824100110216
2026-05-16 04:12:29.027650,True,71.35570013549705,360.29468564483483
2026-05-16 04:13:29.027650,True,71.27093189430846,354.7563586281649
2026-05-16 04:14:29.027650,True,71.64494118167616,357.40672511571876
2026-05-16 04:15:29.027650,True,71.87221721036043,355.2493803182746
2026-05-16 04:16:29.027650,True,71.65928535897173,356.2931421323434
2026-05-16 04:17:29.027650,True,71.5783293836206,359.0508586247193
2026-05-16 04:18:29.027650,True,71.3770038231127,352.6190233476743
2026-05-16 04:19:29.027650,True,72.46181312274773,356.68665719488894
2026-05-16 04:20:29.027650,True,73.45078252337274,355.0523346138692
2026-05-16 04:21:29.027650,True,70.72084620820338,352.832057770951
2026-05-16 04:22:29.027650,True,71.42010995535531,354.47891648014064
2026-05-16 04:23:29.027650,True,71.02872845629531,356.2887867535411
2026-05-16 04:24:29.027650,True,71.86889726260354,354.61559874358227
2026-05-16 04:25:29.027650,True,71.86349027808083,355.86768088248
2026-05-16 04:26:29.027650,True,71.47060200997643,358.5152696029888
2026-05-16 04:27:29.027650,True,71.18829031824616,360.27884471240577
2026-05-16 04:28:29.027650,True,72.09620820167137,352.58428123874444
2026-05-16 04:29:29.027650,True,71.96910185693336,354.3684884412149
2026-05-16 04:30:29.027650,True,72.78659555556781,359.88847613800937
2026-05-16 04:31:29.027650,True,71.34226808780319,355.70026388618805
2026-05-16 04:32:29.027650,True,70.71489952897312,358.7311188981681
2026-05-16 04:33:29.027650,True,71.20640844929359,353.3922673428741
2026-05-16 04:34:29.027650,True,70.88130776139359,356.6309595182878
2026-05-16 04:35:29.027650,True,72.09382775582893,353.36380508266006
2026-05-16 04:36:29.027650,True,71.19378352106244,358.8928612189361
2026-05-16 04:37:29.027650,True,70.98607911113334,352.9306511134209
2026-05-16 04:38:29.027650,True,72.17264482769345,353.05676311614434
2026-05-16 04:39:29.027650,True,72.39223888057036,355.37898856162656
2026-05-16 04:40:29.027650,True,72.20892152572348,359.70716828646516
2026-05-16 04:41:29.027650,True,71.07446292795385,354.70662843524667
2026-05-16 04:42:29.027650,True,71.67156705407801,356.97695881352587
2026-05-16 04:43:29.027650,True,71.21244691624234,353.3974396375363
2026-05-16 04:44:29.027650,True,71.61190317503433,356.4220735374246
2026-05-16 04:45:29.027650,True,71.86113889402354,353.4890714075372
2026-05-16 04:46:29.027650,True,73.61233455021188,352.24566838847596
2026-05-16 04:47:29.027650,True,71.63443871343215,354.92945415637
2026-05-16 04:48:29.027650,True,73.42895760000401,351.11859489506844
2026-05-16 04:49:29.027650,True,72.73648439007869,357.8365435051815
2026-05-16 04:50:29.027650,True,72.0088208648795,355.7537392973176
2026-05-16 04:51:29.027650,True,73.11615262546853,354.24286342630154
2026-05-16 04:52:29.027650,True,72.93740296181934,352.98971659232876
2026-05-16 04:53:29.027650,True,71.86719167923832,356.03945868934966
2026-05-16 04:54:29.027650,True,71.66345961621563,358.47640504395446
2026-05-16 04:55:29.027650,True,72.23128383040778,356.7267416388756
2026-05-16 04:56:29.027650,True,70.2799008014008,359.74861342586945
2026-05-16 04:57:29.027650,True,73.76031342030751,352.95548641942077
2026-05-16 04:58:29.027650,True,74.1961992722401,353.51341830232974
2026-05-16 04:59:29.027650,True,71.2446606908088,353.9655743539816
2026-05-16 05:00:29.027650,True,72.66888627269881,356.42144639369536
2026-05-16 05:01:29.027650,True,71.05832366598555,357.2737413662026
2026-05-16 05:02:29.027650,True,71.6969267375363,356.5552292791182
2026-05-16 05:03:29.027650,True,72.44074095843406,356.2439264428533
2026-05-16 05:04:29.027650,True,71.07313593364117,356.9040223192591
2026-05-16 05:05:29.027650,True,71.75761267094008,358.4006320660634
2026-05-16 05:06:29.027650,True,71.47538777379408,356.70191213248125
2026-05-16 05:07:29.027650,True,72.05922143181166,353.69597052455873
2026-05-16 05:08:29.027650,True,72.10616784179942,354.21178955260496
2026-05-16 05:09:29.027650,True,69.89110794640824,352.215198893373
2026-05-16 05:10:29.027650,True,70.8590819785611,356.21468204533045
2026-05-16 05:11:29.027650,True,72.23094063593523,356.3613600391743
2026-05-16 05:12:29.027650,True,71.37235127098275,351.6850434112675
2026-05-16 05:13:29.027650,True,72.70580802533424,358.14484298724295
2026-05-16 05:14:29.027650,True,73.47005848995285,357.00015257866187
2026-05-16 05:15:29.027650,True,72.55734269262163,360.2043468648301
2026-05-16 05:16:29.027650,True,72.8021806832627,356.30042304363593
2026-05-16 05:17:29.027650,True,71.68916355839772,353.1763629404066
2026-05-16 05:18:29.027650,True,72.16729173007998,352.8702403028696
2026-05-16 05:19:29.027650,True,72.17556113504763,361.5604128219396
2026-05-16 05:20:29.027650,True,72.6776446730374,358.24217256109205
2026-05-16 05:21:29.027650,True,70.88236645120926,356.76303043345166
2026-05-16 05:22:29.027650,True,71.25588373191339,351.6185502800726
2026-05-16 05:23:29.027650,True,71.97925222258874,355.7659330176635
2026-05-16 05:24:29.027650,True,72.76102820456883,355.4046115712574
2026-05-16 05:25:29.027650,True,71.99734578338284,360.1615415471875
2026-05-16 05:26:29.027650,True,72.0619060896117,358.1077552057597
2026-05-16 05:27:29.027650,True,71.83227053565783,355.8693755631704
2026-05-16 05:28:29.027650,True,72.63677400548997,357.2773657498903
2026-05-16 05:29:29.027650,True,70.1655497666902,356.79092520885837
2026-05-16 05:30:29.027650,True,73.43399584632536,356.9515141430002
2026-05-16 05:31:29.027650,True,72.92978968741174,351.4555176386655
2026-05-16 05:32:29.027650,True,70.96413517300986,356.7744798400621
2026-05-16 05:33:29.027650,True,71.78253829271104,358.86798519914265
2026-05-16 05:34:29.027650,True,71.43739975268221,356.91655644816694
2026-05-16 05:35:29.027650,True,72.55449671352635,354.2862520979736
2026-05-16 05:36:29.027650,True,70.19462707463258,355.9745168453054
2026-05-16 05:37:29.027650,True,72.61694232777157,352.06127487111144
2026-05-16 05:38:29.027650,True,70.78592098280252,356.53300457714107
2026-05-16 05:39:29.027650,True,72.02194480684415,355.89151778003384
2026-05-16 05:40:29.027650,True,72.83877441726759,350.75401937203605
2026-05-16 05:41:29.027650,True,72.27957519674425,354.37163850509114
2026-05-16 05:42:29.027650,True,73.61249276765272,351.1721324001074
2026-05-16 05:43:29.027650,True,73.30225452828813,354.7820654899135
2026-05-16 05:44:29.027650,True,72.08189445544188,354.6127609069197
2026-05-16 05:45:29.027650,True,71.52459353328345,357.2629776615317
2026-05-16 05:46:29.027650,True,70.71443873016787,353.5507654249421
2026-05-16 05:47:29.027650,True,71.52523833072394,352.92685194803
2026-05-16 05:48:29.027650,True,74.65428943438451,356.3822119443961
2026-05-16 05:49:29.027650,True,72.48854690402796,357.9897482512073
2026-05-16 05:50:29.027650,True,71.17703709423961,358.52501097792435
2026-05-16 05:51:29.027650,True,69.45611749276934,353.91568827410816
2026-05-16 05:52:29.027650,True,71.27255963183494,357.1255144918496
2026-05-16 05:53:29.027650,True,72.04415486355356,356.361802254272
2026-05-16 05:54:29.027650,True,72.15467603008054,353.4590485899608
2026-05-16 05:55:29.027650,True,71.07255372831413,357.14772998543646
2026-05-16 05:56:29.027650,True,72.55323098887955,358.584277005777
2026-05-16 05:57:29.027650,True,71.43753455550728,355.20659197570876
2026-05-16 05:58:29.027650,True,72.29874858542647,358.55157452346015
2026-05-16 05:59:29.027650,True,72.97122511521265,354.9288084325297
2026-05-16 06:00:29.027650,True,71.63364015660144,357.86706359250763
2026-05-16 06:01:29.027650,True,73.28946661436815,352.3619131982149
2026-05-16 06:02:29.027650,True,71.04084558723072,352.23446971252304
2026-05-16 06:03:29.027650,True,72.50750450215628,357.12309275964964
2026-05-16 06:04:29.027650,True,71.25202814133402,353.7503728613268
2026-05-16 06:05:29.027650,True,72.37735924823217,353.61449703450904
2026-05-16 06:06:29.027650,True,72.03190934697764,352.9448208655932
2026-05-16 06:07:29.027650,True,72.87537311145081,353.07483335862247
2026-05-16 06:08:29.027650,True,72.91333025320623,355.0184532353805
2026-05-16 06:09:29.027650,True,71.93290764268788,352.097247922205
2026-05-16 06:10:29.027650,True,70.59710359602731,354.2838413327126
2026-05-16 06:11:29.027650,True,72.14986119232731,354.27538070662854
2026-05-16 06:12:29.027650,True,71.31896463806017,355.7825500661386
2026-05-16 06:13:29.027650,True,72.09373746040066,356.5189959185004
2026-05-16 06:14:29.027650,True,72.27426350282549,354.4803818252331
2026-05-16 06:15:29.027650,True,72.3599959714326,359.0626878522796
2026-05-16 06:16:29.027650,True,72.49766368662662,354.32657097799796
2026-05-16 06:17:29.027650,True,74.32374183557044,352.1485565356729
2026-05-16 06:18:29.027650,True,71.713750183583,358.4912520730016
2026-05-16 06:19:29.027650,True,71.27539938491962,357.08667601944853
2026-05-16 06:20:29.027650,True,71.24704986097218,353.00418683423635
2026-05-16 06:21:29.027650,True,71.78774691831111,356.26587188394024
2026-05-16 06:22:29.027650,True,72.7436359976876,360.31738628956464
2026-05-16 06:23:29.027650,True,72.2623466298154,358.4391401970905
2026-05-16 06:24:29.027650,True,72.35417197466876,358.3305985690945
2026-05-16 06:25:29.027650,True,72.04830606006028,354.33575209229116
2026-05-16 06:26:29.027650,True,72.38642850634659,354.1403762442142
2026-05-16 06:27:29.027650,True,71.51498659526432,357.769733083455
2026-05-16 06:28:29.027650,True,71.07313387816176,358.32526623702057
2026-05-16 06:29:29.027650,True,72.64172106013432,355.18726610782977
2026-05-16 06:30:29.027650,True,70.88157435984773,358.8923858177701
2026-05-16 06:31:29.027650,True,73.55819276853073,356.8252841243377
2026-05-16 06:32:29.027650,True,72.39378109629186,356.6635501880259
2026-05-16 06:33:29.027650,True,71.88699048160994,354.0024596625931
2026-05-16 06:34:29.027650,True,72.15303877954177,356.81942019352755
2026-05-16 06:35:29.027650,True,74.75723910187314,351.57116329137335
2026-05-16 06:36:29.027650,True,71.56959905887493,351.2040135505751
2026-05-16 06:37:29.027650,True,73.36004541920653,355.80608140333254
2026-05-16 06:38:29.027650,True,70.87025260674115,356.63883323828287
2026-05-16 06:39:29.027650,True,73.00858889502162,357.38093157583603
2026-05-16 06:40:29.027650,True,71.90072121573893,357.80141743522154
2026-05-16 06:41:29.027650,True,72.8255400379187,352.3490420229789
2026-05-16 06:42:29.027650,True,72.4106468595852,355.77869512973894
2026-05-16 06:43:29.027650,True,70.80176335462828,353.3216013091137
2026-05-16 06:44:29.027650,True,73.2283385651287,354.90397788870024
2026-05-16 06:45:29.027650,True,72.22006041559408,356.959385988654
2026-05-16 06:46:29.027650,True,72.18841824066034,353.76205595742863
2026-05-16 06:47:29.027650,True,71.54528225792065,355.56331542101
2026-05-16 06:48:29.027650,True,72.37040819029028,354.6062645926561
2026-05-16 06:49:29.027650,True,71.70378321915736,353.90754518983
2026-05-16 06:50:29.027650,True,74.2515322786274,357.4845319673526
2026-05-16 06:51:29.027650,True,72.39422206728666,357.20188618390654
2026-05-16 06:52:29.027650,True,71.22127885625004,356.6760234300259
2026-05-16 06:53:29.027650,True,72.55865510845838,354.0430877778187
2026-05-16 06:54:29.027650,True,71.61013683608613,353.63702821399295
2026-05-16 06:55:29.027650,True,72.90149965462346,354.8763336518863
2026-05-16 06:56:29.027650,True,73.12071277566206,350.90059361378655
2026-05-16 06:57:29.027650,True,71.06646888968105,357.591219456585
2026-05-16 06:58:29.027650,True,71.92746849007713,355.9579103102138
2026-05-16 06:59:29.027650,True,74.12573857112065,353.7108008400796
2026-05-16 07:00:29.027650,True,71.95626672118286,354.4797273285747
2026-05-16 07:01:29.027650,True,70.66447518430829,353.9157173206456
2026-05-16 07:02:29.027650,True,71.82609876848134,356.26358692354796
2026-05-16 07:03:29.027650,True,72.60661039825729,357.63878204916455
2026-05-16 07:04:29.027650,True,71.4631742111346,357.04123868837905
2026-05-16 07:05:29.027650,True,72.08926718085955,354.0794805688519
2026-05-16 07:06:29.027650,True,72.19014040877717,358.5192802693203
2026-05-16 07:07:29.027650,True,72.30711008288588,352.1566845835458
2026-05-16 07:08:29.027650,True,71.30903437798234,358.35703738441543
2026-05-16 07:09:29.027650,True,72.52072633794802,354.1019300777752
2026-05-16 07:10:29.027650,True,73.24462872617184,353.6449345384604
2026-05-16 07:11:29.027650,True,71.97522466281569,354.3896860713125
2026-05-16 07:12:29.027650,True,72.10949183266263,359.56516556449026
2026-05-16 07:13:29.027650,True,71.25526154872139,359.17763381905473
2026-05-16 07:14:29.027650,True,73.70404067743529,354.8186719193464
2026-05-16 07:15:29.027650,True,71.97267643594817,360.16829809346086
2026-05-16 07:16:29.027650,True,72.57357987401893,354.8797314209938
2026-05-16 07:17:29.027650,True,71.06526166044839,357.17512211649904
2026-05-16 07:18:29.027650,True,72.81510032949303,354.2494242276128
2026-05-16 07:19:29.027650,True,71.60348657248507,353.42704221534706
2026-05-16 07:20:29.027650,True,72.16100460346387,356.31881525976434
2026-05-16 07:21:29.027650,True,72.97734605354817,354.8211964749343
2026-05-16 07:22:29.027650,True,70.32134866892596,354.92227584611345
2026-05-16 07:23:29.027650,True,71.94016203002246,353.4547678037604
2026-05-16 07:24:29.027650,True,71.24573197601754,350.68142296528316
2026-05-16 07:25:29.027650,True,72.06602587783664,356.1641911279751
2026-05-16 07:26:29.027650,True,72.95407376533049,357.5496751218106
2026-05-16 07:27:29.027650,True,71.54979120739813,353.7567533936012
2026-05-16 07:28:29.027650,True,72.4260018463791,356.3039736147469
2026-05-16 07:29:29.027650,True,72.3681178154605,351.36992258656386
2026-05-16 07:30:29.027650,True,70.59173300204796,355.1912926590458
2026-05-16 07:31:29.027650,True,73.01520986751937,358.0974806363209
2026-05-16 07:32:29.027650,True,72.81688710794343,357.89036491838215
2026-05-16 07:33:29.027650,True,71.18268281760862,358.8701788913551
2026-05-16 07:34:29.027650,True,72.54412238740272,356.5600192244231
2026-05-16 07:35:29.027650,True,71.92037650709133,356.1404361862236
2026-05-16 07:36:29.027650,True,72.25211917318991,356.64696961197
2026-05-16 07:37:29.027650,True,72.97314435149562,357.82064238906486
2026-05-16 07:38:29.027650,True,72.13032815278643,352.24070279692256
2026-05-16 07:39:29.027650,True,72.79882078478835,351.4044717902636
2026-05-16 07:40:29.027650,True,71.00596633291137,357.00365656644067
2026-05-16 07:41:29.027650,True,71.64863950954162,355.3879737905829
2026-05-16 07:42:29.027650,True,71.06797614187472,356.80614128188006
2026-05-16 07:43:29.027650,True,71.84210073176327,359.5774971393523
2026-05-16 07:44:29.027650,True,72.78601675359862,352.53199601713607
2026-05-16 07:45:29.027650,True,71.37651215286238,353.05421063927434
2026-05-16 07:46:29.027650,True,73.5459394993426,356.7775952520069
2026-05-16 07:47:29.027650,True,71.64803459029243,358.0668866903955
2026-05-16 07:48:29.027650,True,71.79086147200591,356.6390292903072
2026-05-16 07:49:29.027650,True,73.16141877366287,353.6636126416307
2026-05-16 07:50:29.027650,True,71.30842544996214,354.46415388891984
2026-05-16 07:51:29.027650,True,71.2372250368264,356.5691498391724
2026-05-16 07:52:29.027650,True,73.04679617622331,352.51563190656066
2026-05-16 07:53:29.027650,True,70.3508249490128,350.395006587337
2026-05-16 07:54:29.027650,True,72.27351503224203,354.0422216334627
2026-05-16 07:55:29.027650,True,71.99961085906115,357.76958384151254
2026-05-16 07:56:29.027650,True,70.60628950825199,349.92773718160527
2026-05-16 07:57:29.027650,True,72.06854120733809,357.1382559550856
2026-05-16 07:58:29.027650,True,71.69401274181952,352.2775461027466
2026-05-16 07:59:29.027650,True,71.61115191115778,356.9933129669861
2026-05-16 08:00:29.027650,True,71.78010062945523,352.7595055313979
2026-05-16 08:01:29.027650,True,71.96503906944723,352.2911332838868
2026-05-16 08:02:29.027650,True,73.03631387869585,356.71212163537723
2026-05-16 08:03:29.027650,True,70.55268804774822,354.63457846917163
2026-05-16 08:04:29.027650,True,71.77064677788887,355.90698992036937
2026-05-16 08:05:29.027650,True,71.08319140975514,354.0930345010645
2026-05-16 08:06:29.027650,True,73.35225206894918,353.825591700997
2026-05-16 08:07:29.027650,True,70.00314921956904,355.4077018141649
2026-05-16 08:08:29.027650,True,72.78954942056026,357.2178351093776
2026-05-16 08:09:29.027650,True,73.63303518698993,354.96584440578005
2026-05-16 08:10:29.027650,True,72.52602547381267,355.34846622215093
2026-05-16 08:11:29.027650,True,71.48784783950613,354.16844956446675
2026-05-16 08:12:29.027650,True,71.19117830599586,358.075133044255
2026-05-16 08:13:29.027650,True,71.5278286435996,353.6650745901025
2026-05-16 08:14:29.027650,True,71.03796400067255,360.71501731226357
2026-05-16 08:15:29.027650,True,72.31614930008084,356.25196904611295
2026-05-16 08:16:29.027650,True,70.54289948442434,355.9927655347357
2026-05-16 08:17:29.027650,True,72.11177346681959,355.07458948481184
2026-05-16 08:18:29.027650,True,71.38174165294566,354.7727146183812
2026-05-16 08:19:29.027650,True,71.77560666930752,354.34285913268155
2026-05-16 08:20:29.027650,True,72.11070601095054,351.308215508958
2026-05-16 08:21:29.027650,True,71.62773804480797,356.3080583800766
2026-05-16 08:22:29.027650,True,71.93983176508557,351.97246830762924
2026-05-16 08:23:29.027650,True,72.5304591162021,355.36781894863685
2026-05-16 08:24:29.027650,True,71.37235231865743,355.6988593337887
2026-05-16 08:25:29.027650,True,72.82850113690161,353.975725427441
2026-05-16 08:26:29.027650,True,70.18775968027833,356.07683978673106
2026-05-16 08:27:29.027650,True,73.691062728909,356.4019849842082
2026-05-16 08:28:29.027650,True,71.0319647547522,356.14693092379423
2026-05-16 08:29:29.027650,True,71.02407154134991,358.1380216114037
2026-05-16 08:30:29.027650,True,71.11464637319966,355.3070122609436
2026-05-16 08:31:29.027650,True,71.09365071531707,356.8933424528696
2026-05-16 08:32:29.027650,True,71.75661151294567,356.11505423407516
2026-05-16 08:33:29.027650,True,72.06261006167335,353.05344597735916
2026-05-16 08:34:29.027650,True,72.1716301607389,354.4773448826122
2026-05-16 08:35:29.027650,True,71.56159764488439,359.9950056962317
2026-05-16 08:36:29.027650,True,73.2540582158422,356.2387018696805
2026-05-16 08:37:29.027650,True,73.16833881338367,359.6406646954909
2026-05-16 08:38:29.027650,True,71.93812872553195,355.8932934248189
2026-05-16 08:39:29.027650,True,71.48601866170634,356.8223048753856
2026-05-16 08:40:29.027650,True,71.15660440657969,355.18160155666106
2026-05-16 08:41:29.027650,True,73.12160510896287,357.8096304842014
2026-05-16 08:42:29.027650,True,72.30855602988436,354.0285552035862
2026-05-16 08:43:29.027650,True,70.54688230636853,355.10829120229033
2026-05-16 08:44:29.027650,True,71.46464068899881,355.2936081787913
2026-05-16 08:45:29.027650,True,71.07658627537762,354.28858872341186
2026-05-16 08:46:29.027650,True,72.83577948999213,355.41299181241595
2026-05-16 08:47:29.027650,True,71.71530506064455,355.0815066573316
2026-05-16 08:48:29.027650,True,72.24999222456476,356.00908625041853
2026-05-16 08:49:29.027650,True,72.09611181859505,353.6826831726886
2026-05-16 08:50:29.027650,True,72.2106124869352,356.2494174548113
2026-05-16 08:51:29.027650,True,71.8955578041738,359.67415103045215
2026-05-16 08:52:29.027650,True,71.57775790711392,356.7967995192857
2026-05-16 08:53:29.027650,True,71.46324057973072,358.765792653056
2026-05-16 08:54:29.027650,True,72.61352883188361,351.46048889211374
2026-05-16 08:55:29.027650,True,72.26755592764398,355.83599202392105
2026-05-16 08:56:29.027650,True,72.50203694744344,352.98733616948437
2026-05-16 08:57:29.027650,True,71.42101105712005,358.36851374093874
2026-05-16 08:58:29.027650,True,71.8440519396041,357.3588479888749
2026-05-16 08:59:29.027650,True,71.69881518781398,357.8987143507109
2026-05-16 09:00:29.027650,True,71.48880949727693,351.3780697693751
2026-05-16 09:01:29.027650,True,72.71663927378738,353.9061646968418
2026-05-16 09:02:29.027650,True,73.31720845796197,355.7147591862858
2026-05-16 09:03:29.027650,True,72.19734928688953,351.3121504859854
2026-05-16 09:04:29.027650,True,71.67150699259237,356.5051819551596
2026-05-16 09:05:29.027650,True,73.45915038377261,359.4566408130349
2026-05-16 09:06:29.027650,True,71.79141283635896,356.104544493183
2026-05-16 09:07:29.027650,True,73.19517164199702,357.8496939601058
2026-05-16 09:08:29.027650,True,72.49146089511409,353.7792393053387
2026-05-16 09:09:29.027650,True,71.38016817855295,351.14773066768726
2026-05-16 09:10:29.027650,True,72.06741960359545,359.33536556740995
2026-05-16 09:11:29.027650,True,72.29424966096622,357.2281804702504
2026-05-16 09:12:29.027650,True,71.95242170526112,353.4930948197206
2026-05-16 09:13:29.027650,True,69.85501112007343,355.0477348400954
2026-05-16 09:14:29.027650,True,71.88585442633895,354.13255979169213
2026-05-16 09:15:29.027650,True,70.49788085432493,353.1752366863151
2026-05-16 09:16:29.027650,True,71.58020545603797,358.0676834107607
2026-05-16 09:17:29.027650,True,72.22870028244535,356.6605087532719
2026-05-16 09:18:29.027650,True,71.84234491667603,356.8382942820884
2026-05-16 09:19:29.027650,True,72.64579633555465,356.5463327827204
2026-05-16 09:20:29.027650,True,71.64485733344266,355.82106462798777
2026-05-16 09:21:29.027650,True,71.63923374398784,352.09491887769013
2026-05-16 09:22:29.027650,True,72.19852813472858,355.8949044392352
2026-05-16 09:23:29.027650,True,72.59841984146338,352.23268363141585
2026-05-16 09:24:29.027650,True,71.96781819300445,357.1977736954442
2026-05-16 09:25:29.027650,True,72.13012739653593,359.2389442835851
2026-05-16 09:26:29.027650,True,73.55432024116587,354.1299762764203
2026-05-16 09:27:29.027650,True,72.37424447150534,356.13348914604546
2026-05-16 09:28:29.027650,True,71.859406398452,349.8645581676105
2026-05-16 09:29:29.027650,True,71.5247992633186,352.5390621801757
2026-05-16 09:30:29.027650,True,73.12214821722752,357.7059592972896
2026-05-16 09:31:29.027650,True,72.10279733921465,354.95670751446244
2026-05-16 09:32:29.027650,True,73.14181573957534,353.37427780307337
2026-05-16 09:33:29.027650,True,71.61884394995059,355.52569449088907
2026-05-16 09:34:29.027650,True,70.16858626017887,352.4143966803687
2026-05-16 09:35:29.027650,True,71.772081928598,354.49036171279135
2026-05-16 09:36:29.027650,True,71.12106655144267,359.19070013517324
2026-05-16 09:37:29.027650,True,72.62524620209781,353.6222557687569
2026-05-16 09:38:29.027650,True,71.74827141971089,351.42662064521016
2026-05-16 09:39:29.027650,True,72.16007015700066,353.964430772225
2026-05-16 09:40:29.027650,True,71.20984646365804,359.2379677217904
2026-05-16 09:41:29.027650,True,73.69808598069476,355.3722075915997
2026-05-16 09:42:29.027650,True,73.12028316888114,354.48236505291277
2026-05-16 09:43:29.027650,True,69.91098397915569,358.91446126590387
2026-05-16 09:44:29.027650,True,74.08668303705142,357.4588008469905
2026-05-16 09:45:29.027650,True,71.70777964836151,352.3509524138019
2026-05-16 09:46:29.027650,True,70.92814835309755,350.9900328961052
2026-05-16 09:47:29.027650,True,72.34891868912024,356.50314725916746
2026-05-16 09:48:29.027650,True,71.29166418929813,357.081295294182
2026-05-16 09:49:29.027650,True,73.5848036553558,355.01904546548235
2026-05-16 09:50:29.027650,True,74.2114503361779,359.834361426413
2026-05-16 09:51:29.027650,True,72.79445720654668,354.3509887157204
2026-05-16 09:52:29.027650,True,73.35980044478067,356.4410438987201
2026-05-16 09:53:29.027650,True,71.612366858519,358.9164202298653
2026-05-16 09:54:29.027650,True,72.94117645149798,354.540387598511
2026-05-16 09:55:29.027650,True,70.89409141813101,352.6783691524175
2026-05-16 09:56:29.027650,True,72.12047643501677,354.3058216088587
2026-05-16 09:57:29.027650,True,71.80634802915995,356.6947007576224
2026-05-16 09:58:29.027650,True,72.43623764867161,358.3116112412598
2026-05-16 09:59:29.027650,True,71.37059240331465,356.08707442548933
2026-05-16 10:00:29.027650,True,72.5618959273986,358.72715599200865
2026-05-16 10:01:29.027650,True,73.72268916708865,355.1050426024911
2026-05-16 10:02:29.027650,True,73.28909159732804,356.6844354817468
2026-05-16 10:03:29.027650,True,72.87106936118401,353.93103287574155
2026-05-16 10:04:29.027650,True,71.69085189806442,357.1966212148846
2026-05-16 10:05:29.027650,True,73.33261422491624,356.66599804721807
2026-05-16 10:06:29.027650,True,71.66792418158275,358.08849126867716
2026-05-16 10:07:29.027650,True,70.11495851968029,352.8559741795682
2026-05-16 10:08:29.027650,True,72.95372667770381,354.77521792989126
2026-05-16 10:09:29.027650,True,73.09401914505497,356.1923539885967
2026-05-16 10:10:29.027650,True,71.99369559112849,355.84863432573405
2026-05-16 10:11:29.027650,True,72.38249297730071,355.41563932200665
2026-05-16 10:12:29.027650,True,73.081235538296,357.82962117599584
2026-05-16 10:13:29.027650,True,72.60771330851144,355.3021534134856
2026-05-16 10:14:29.027650,True,70.41149029306858,355.05939660578
2026-05-16 10:15:29.027650,True,72.14748462677638,357.82881981876807
2026-05-16 10:16:29.027650,True,71.87109181624771,356.0847781366246
2026-05-16 10:17:29.027650,True,71.91910543469609,356.16490248511474
2026-05-16 10:18:29.027650,True,72.50632269026374,354.4813327126388
2026-05-16 10:19:29.027650,True,71.69635209493227,352.1994394203522
2026-05-16 10:20:29.027650,True,72.28820288421265,353.1922986149904
2026-05-16 10:21:29.027650,True,71.79104922292386,355.433304371923
2026-05-16 10:22:29.027650,True,72.6899906352795,354.25533042510153
2026-05-16 10:23:29.027650,True,72.67972184346797,357.166791751098
2026-05-16 10:24:29.027650,True,71.86395810115889,356.67287663081464
2026-05-16 10:25:29.027650,True,71.37146271798123,356.1464282484969
2026-05-16 10:26:29.027650,True,72.96708696393112,355.8247066151776
2026-05-16 10:27:29.027650,True,71.51242710813946,354.7233211415603
2026-05-16 10:28:29.027650,True,72.47549131575666,358.2104485545562
2026-05-16 10:29:29.027650,True,73.65940140371535,354.35024846848006
2026-05-16 10:30:29.027650,True,70.96575630268728,353.1524865981597
2026-05-16 10:31:29.027650,True,72.1276442731632,355.99973357398665
2026-05-16 10:32:29.027650,True,70.98162466923776,356.52222845632616
2026-05-16 10:33:29.027650,True,72.90214638838228,353.2856599686204
2026-05-16 10:34:29.027650,True,73.39655732240743,354.02395066810607
2026-05-16 10:35:29.027650,True,73.6423811826595,354.1661367533009
2026-05-16 10:36:29.027650,True,70.86907907478101,352.7710832155619
2026-05-16 10:37:29.027650,True,72.28377598551782,353.07821067463914
2026-05-16 10:38:29.027650,True,71.92599695596792,356.350682836512
2026-05-16 10:39:29.027650,True,71.39181868207505,353.9777109849354
2026-05-16 10:40:29.027650,True,70.64482232294418,358.90094386779174
2026-05-16 10:41:29.027650,True,71.64242967523079,358.02347930014605
2026-05-16 10:42:29.027650,True,71.20862583565852,352.92084236467304
2026-05-16 10:43:29.027650,True,72.28722837895431,357.9761886963996
2026-05-16 10:44:29.027650,True,71.89438177721806,352.5551563236115
2026-05-16 10:45:29.027650,True,72.87325040236652,360.6445787792032
2026-05-16 10:46:29.027650,True,70.35583695351617,352.44194015463097
2026-05-16 10:47:29.027650,True,73.0766413934484,352.92591088144934
2026-05-16 10:48:29.027650,True,70.96509329768433,354.82983644397666
2026-05-16 10:49:29.027650,True,70.14107856233653,352.27025517220005
2026-05-16 10:50:29.027650,True,72.62705832015655,349.1350709828015
2026-05-16 10:51:29.027650,True,72.4018746351874,357.3572768377727
2026-05-16 10:52:29.027650,True,70.9947068621619,353.01248946715486
2026-05-16 10:53:29.027650,True,72.6170306832393,356.50376598721834
2026-05-16 10:54:29.027650,True,71.43608088817295,358.451112354684
2026-05-16 10:55:29.027650,True,72.48138923908489,355.54551891628495
2026-05-16 10:56:29.027650,True,71.40113374286398,356.95088141129725
2026-05-16 10:57:29.027650,True,72.2670864328065,354.2674427044631
2026-05-16 10:58:29.027650,True,73.01087167118213,351.7237085365043
2026-05-16 10:59:29.027650,True,70.83164482115451,355.10424994154
2026-05-16 11:00:29.027650,True,71.59325810030543,354.07039588053976
2026-05-16 11:01:29.027650,True,70.79528690226236,357.4411287923764
2026-05-16 11:02:29.027650,True,72.41011471968487,356.9009632745361
2026-05-16 11:03:29.027650,True,71.96632596485233,354.4983949770547
2026-05-16 11:04:29.027650,True,72.44716877216872,351.89481958251866
2026-05-16 11:05:29.027650,True,73.08605586207135,351.0851821804804
2026-05-16 11:06:29.027650,True,71.42720138778178,354.1249162896524
2026-05-16 11:07:29.027650,True,73.0757244066414,353.42654849946723
2026-05-16 11:08:29.027650,True,72.06649128427189,354.69265211544393
2026-05-16 11:09:29.027650,True,71.72981328174829,353.2572351528185
2026-05-16 11:10:29.027650,True,72.63209217457184,353.1152503575281
2026-05-16 11:11:29.027650,True,72.71419296845441,351.36152302167875
2026-05-16 11:12:29.027650,True,71.60656000931841,358.7135407732004
2026-05-16 11:13:29.027650,True,72.23212245932956,353.3831906944634
2026-05-16 11:14:29.027650,True,72.33635604460473,352.9556535444949
2026-05-16 11:15:29.027650,True,72.07169654756841,353.4715193620721
2026-05-16 11:16:29.027650,True,74.48444557745711,356.61387097000073
2026-05-16 11:17:29.027650,True,70.4362472775138,360.7765724060894
2026-05-16 11:18:29.027650,True,72.21543728028156,353.20225164761837
2026-05-16 11:19:29.027650,True,71.54281880981264,358.7088527025604
2026-05-16 11:20:29.027650,True,71.95715291803292,351.1309466840913
2026-05-16 11:21:29.027650,True,73.9994032347643,354.4047822671583
2026-05-16 11:22:29.027650,True,73.80401777765888,357.9580954326762
2026-05-16 11:23:29.027650,True,70.77863985407868,356.8605455653825
2026-05-16 11:24:29.027650,True,71.3257346813208,352.20995800223244
2026-05-16 11:25:29.027650,True,71.59129144537009,354.67899616778595
2026-05-16 11:26:29.027650,True,72.21748018457193,354.403932132148
2026-05-16 11:27:29.027650,True,73.38979568960512,355.74019813319376
2026-05-16 11:28:29.027650,True,70.9571514495662,356.2188033901138
2026-05-16 11:29:29.027650,True,72.79783350405057,352.413045148279
2026-05-16 11:30:29.027650,True,72.73164715544681,357.0943878224797
2026-05-16 11:31:29.027650,True,71.49721352240135,357.2099057990006
2026-05-16 11:32:29.027650,True,71.33791066321126,355.8541253818227
2026-05-16 11:33:29.027650,True,70.87259101443443,356.4363289690792
2026-05-16 11:34:29.027650,True,73.3551037358741,351.9500855023411
2026-05-16 11:35:29.027650,True,71.45238107493266,355.415067735763
2026-05-16 11:36:29.027650,True,71.92830864594634,354.0380216937091
2026-05-16 11:37:29.027650,True,71.97266360381602,358.67244392692515
2026-05-16 11:38:29.027650,True,72.13898021970081,351.9135309249914
2026-05-16 11:39:29.027650,True,72.87784783600932,358.5496621963434
2026-05-16 11:40:29.027650,True,72.58651777247793,356.87460751099906
2026-05-16 11:41:29.027650,True,72.61579294539895,354.6019721247403
2026-05-16 11:42:29.027650,True,73.45407504517958,351.3741218964541
2026-05-16 11:43:29.027650,True,72.66184192846293,355.60818151871644
2026-05-16 11:44:29.027650,True,71.4827120144457,351.06037809574343
2026-05-16 11:45:29.027650,True,71.89772438223034,354.10455509018766
2026-05-16 11:46:29.027650,True,71.60296521082302,351.7528181175437
2026-05-16 11:47:29.027650,True,71.06563122630922,356.2820142871004
2026-05-16 11:48:29.027650,True,71.91385280403854,353.0191810229382
2026-05-16 11:49:29.027650,True,71.48862151263488,356.599184443162
2026-05-16 11:50:29.027650,True,71.0224382413344,357.2508474856554
2026-05-16 11:51:29.027650,True,72.16473344665461,358.5916934287506
2026-05-16 11:52:29.027650,True,73.18351412757897,354.23410947905035
2026-05-16 11:53:29.027650,True,71.40611163002288,356.35127163079085
2026-05-16 11:54:29.027650,True,72.74432892043811,354.1897617965506
2026-05-16 11:55:29.027650,True,72.83674897055732,355.4128245523529
2026-05-16 11:56:29.027650,True,71.72320489919457,356.8294492993483
2026-05-16 11:57:29.027650,True,70.857519559356,356.20214792441647
2026-05-16 11:58:29.027650,True,73.08074467443659,357.48638811561636
2026-05-16 11:59:29.027650,True,71.78420118994319,353.83910130395896
2026-05-16 12:00:29.027650,True,72.93522670810216,357.2623729603237
2026-05-16 12:01:29.027650,True,72.63964112358217,352.93686602586075
2026-05-16 12:02:29.027650,True,71.86262479674578,355.7139559047432
2026-05-16 12:03:29.027650,True,71.27782941641756,355.86734562489613
2026-05-16 12:04:29.027650,True,70.4693611293196,355.7788431040825
2026-05-16 12:05:29.027650,True,72.67547960386067,357.2599446121742
2026-05-16 12:06:29.027650,True,72.09025596297595,354.0899283086442
2026-05-16 12:07:29.027650,True,73.11435917965932,360.91428162011044
2026-05-16 12:08:29.027650,True,72.21726274280023,354.61553168701585
2026-05-16 12:09:29.027650,True,73.16486728772158,353.70488994453143
2026-05-16 12:10:29.027650,True,71.52105884462753,357.7762185796386
2026-05-16 12:11:29.027650,True,71.82956901886561,357.6262719138294
2026-05-16 12:12:29.027650,True,70.20106980304683,354.97702717596155
2026-05-16 12:13:29.027650,True,71.59974511957138,356.2894115570224
2026-05-16 12:14:29.027650,True,71.28860247090994,351.4851272266585
2026-05-16 12:15:29.027650,True,70.44946782179325,358.08977166154773
2026-05-16 12:16:29.027650,True,72.2008924948007,355.0442228173999
2026-05-16 12:17:29.027650,True,71.70974737597123,355.41422744186315
2026-05-16 12:18:29.027650,True,71.06489254341714,355.4336709973942
2026-05-16 12:19:29.027650,True,71.05686496478002,356.4485236023236
2026-05-16 12:20:29.027650,True,71.71266759086205,358.0883920715278
2026-05-16 12:21:29.027650,True,72.88386674100147,356.0186592216217
2026-05-16 12:22:29.027650,True,71.79704605157902,356.5452489436783
2026-05-16 12:23:29.027650,True,71.36678519115904,358.0798914578986
2026-05-16 12:24:29.027650,True,72.22429427066768,356.80435874239214
2026-05-16 12:25:29.027650,True,72.05479023826055,355.3445799188907
2026-05-16 12:26:29.027650,True,72.38618368398883,354.216468003062
2026-05-16 12:27:29.027650,True,71.81714234081018,355.6832930991382
2026-05-16 12:28:29.027650,True,69.8320405774924,354.93471816539386
2026-05-16 12:29:29.027650,True,73.3723934788822,359.25310215053236
2026-05-16 12:30:29.027650,True,70.56201663892041,353.1510407345462
2026-05-16 12:31:29.027650,True,71.44011630907693,355.9730084025149
2026-05-16 12:32:29.027650,True,72.44298660870669,353.7729628988101
2026-05-16 12:33:29.027650,True,72.80497784239938,355.1716443060006
2026-05-16 12:34:29.027650,True,71.14258336629457,351.56245995755523
2026-05-16 12:35:29.027650,True,73.10362183086181,358.6250796444419
2026-05-16 12:36:29.027650,True,72.62930560922631,352.23893872049945
2026-05-16 12:37:29.027650,True,72.17466813414244,355.4193839083614
2026-05-16 12:38:29.027650,True,72.41200456694925,353.83981374194605
2026-05-16 12:39:29.027650,True,72.29160107959194,356.5614183223276
2026-05-16 12:40:29.027650,True,71.3604061930858,354.5413341455492
2026-05-16 12:41:29.027650,True,70.16011739147326,357.6315126890402
2026-05-16 12:42:29.027650,True,72.96620103290788,356.19070185750525
2026-05-16 12:43:29.027650,True,71.86228179951915,355.0778046725214
2026-05-16 12:44:29.027650,True,73.83805270079633,351.7795576870229
2026-05-16 12:45:29.027650,True,71.77830525206453,356.34891225685567
2026-05-16 12:46:29.027650,True,73.2712076112623,356.38451154859996
2026-05-16 12:47:29.027650,True,70.78393543815947,352.58199090646957
2026-05-16 12:48:29.027650,True,71.53915966132182,355.8191811509567
2026-05-16 12:49:29.027650,True,73.50646347615547,351.43059430663754
2026-05-16 12:50:29.027650,True,71.56226846976352,354.6598394702912
2026-05-16 12:51:29.027650,True,72.34385492580098,356.63681798997067
2026-05-16 12:52:29.027650,True,72.09159146933838,356.5480813044117
2026-05-16 12:53:29.027650,True,71.89960240267733,354.01687764480266
2026-05-16 12:54:29.027650,True,73.29006425144019,354.9888669132995
2026-05-16 12:55:29.027650,True,72.33798060115554,357.02099324028273
2026-05-16 12:56:29.027650,True,73.29097273689456,353.67459868435793
2026-05-16 12:57:29.027650,True,72.44417306728809,355.0388426277743
2026-05-16 12:58:29.027650,True,72.09683876257752,354.3163995576646
2026-05-16 12:59:29.027650,True,72.35971124622252,353.6067026675083
2026-05-16 13:00:29.027650,True,72.91420478141701,350.40985940144344
2026-05-16 13:01:29.027650,True,72.23900874675238,354.00240145708875
2026-05-16 13:02:29.027650,True,72.35674158504047,357.6066517380498
2026-05-16 13:03:29.027650,True,70.6515546367882,354.92581615558316
2026-05-16 13:04:29.027650,True,69.8363730539846,355.2938090309848
2026-05-16 13:05:29.027650,True,71.3846575442304,357.6667017054994
2026-05-16 13:06:29.027650,True,72.75241333409647,359.54443550279234
2026-05-16 13:07:29.027650,True,72.49172383926303,355.18923095670687
2026-05-16 13:08:29.027650,True,70.21688802962603,355.14624971725897
2026-05-16 13:09:29.027650,True,70.89620928534114,358.15395943040335
2026-05-16 13:10:29.027650,True,71.61345635598265,359.26368622212647
2026-05-16 13:11:29.027650,True,71.56528261063002,355.23884192189735
2026-05-16 13:12:29.027650,True,72.4979702645547,356.59300406925047
2026-05-16 13:13:29.027650,True,71.52155875280926,357.48549247516934
2026-05-16 13:14:29.027650,True,71.71681721030535,351.59059269945567
2026-05-16 13:15:29.027650,True,73.1614193677592,357.0965193978731
2026-05-16 13:16:29.027650,True,72.12491396112017,360.7577143692628
2026-05-16 13:17:29.027650,True,71.82079952598107,359.16551936750307
2026-05-16 13:18:29.027650,True,72.0628481901016,352.3664465381841
2026-05-16 13:19:29.027650,True,73.19069484798663,357.3956996948003
2026-05-16 13:20:29.027650,True,72.5141113767018,357.0188065256887
2026-05-16 13:21:29.027650,True,71.78856739210231,357.6232752117712
2026-05-16 13:22:29.027650,True,69.90951221758168,354.67602627485076
2026-05-16 13:23:29.027650,True,72.40009002210027,354.5339299559969
2026-05-16 13:24:29.027650,True,71.61249698713635,353.4156176028622
2026-05-16 13:25:29.027650,True,72.85534567474178,357.06868021482404
2026-05-16 13:26:29.027650,True,71.57048362199384,353.84069164107734
2026-05-16 13:27:29.027650,True,73.48012772236865,361.3989077308165
2026-05-16 13:28:29.027650,True,73.22401717263116,358.06184052903046
2026-05-16 13:29:29.027650,True,70.47723858090052,351.82544333980366
2026-05-16 13:30:29.027650,True,71.10968045528885,358.97224832811884
2026-05-16 13:31:29.027650,True,72.24134463261565,353.58896489809035
2026-05-16 13:32:29.027650,True,72.70018038503977,356.90181520672616
2026-05-16 13:33:29.027650,True,70.30800493411309,354.4564952157293
2026-05-16 13:34:29.027650,True,71.94753635914012,353.3693528734415
2026-05-16 13:35:29.027650,True,71.09102203547793,356.6599897688619
2026-05-16 13:36:29.027650,True,70.80112422819374,357.3828320800116
2026-05-16 13:37:29.027650,True,72.5411172830415,354.3251421071306
2026-05-16 13:38:29.027650,True,72.86172748200421,355.36582546261513
2026-05-16 13:39:29.027650,True,72.78756056502702,355.93359575877514
2026-05-16 13:40:29.027650,True,72.52367416528855,354.64831322271283
2026-05-16 13:41:29.027650,True,71.66662744499534,352.21721352016823
2026-05-16 13:42:29.027650,True,72.32203422447785,356.9760744307766
2026-05-16 13:43:29.027650,True,72.83056062201302,355.1361503097705
2026-05-16 13:44:29.027650,True,71.52658081936889,359.58041693457375
2026-05-16 13:45:29.027650,True,70.47998608109357,356.053440891538
2026-05-16 13:46:29.027650,True,71.28289963130995,352.5788423711338
2026-05-16 13:47:29.027650,True,71.85855031986105,354.9135957184472
2026-05-16 13:48:29.027650,True,71.91758812695718,357.375942871851
2026-05-16 13:49:29.027650,True,72.46523608102258,352.76234074763744
2026-05-16 13:50:29.027650,True,71.80949688349027,353.97853706898246
2026-05-16 13:51:29.027650,True,73.39082434126851,354.57935482312394
2026-05-16 13:52:29.027650,True,71.81249833284919,354.50870197340345
2026-05-16 13:53:29.027650,True,71.18245316091148,349.9310852588501
2026-05-16 13:54:29.027650,True,72.68905165228287,352.4861643114357
2026-05-16 13:55:29.027650,True,70.97808311661812,359.09557108739915
2026-05-16 13:56:29.027650,True,71.279168126165,353.5616149064943
2026-05-16 13:57:29.027650,True,73.26516708037765,353.87428450753333
2026-05-16 13:58:29.027650,True,70.79552803317753,353.7496686471572
2026-05-16 13:59:29.027650,True,72.91506292056528,353.8666443834925
2026-05-16 14:00:29.027650,True,72.00028538706876,355.401308501098
2026-05-16 14:01:29.027650,True,70.28537938899245,357.35813722501507
2026-05-16 14:02:29.027650,True,73.55148388796147,355.01423940148743
2026-05-16 14:03:29.027650,True,72.79122420949646,357.6389441072765
2026-05-16 14:04:29.027650,True,71.57802929886165,354.70073614974774
2026-05-16 14:05:29.027650,True,71.35051684717537,355.55936355559874
2026-05-16 14:06:29.027650,True,72.26264537724285,353.5363660520352
2026-05-16 14:07:29.027650,True,69.98158918109839,359.36703068909577
2026-05-16 14:08:29.027650,True,71.71468721912096,356.0232473524824
2026-05-16 14:09:29.027650,True,72.51949102849238,359.1760182248885
2026-05-16 14:10:29.027650,True,69.01916778244914,357.161271384722
2026-05-16 14:11:29.027650,True,71.06420804366427,354.5970741960922
2026-05-16 14:12:29.027650,True,72.26120661600355,355.25780929311503
2026-05-16 14:13:29.027650,True,72.29020521093646,352.3034930582959
2026-05-16 14:14:29.027650,True,71.65175212828927,354.42653595369416
2026-05-16 14:15:29.027650,True,72.0963866159812,355.10943880638064
2026-05-16 14:16:29.027650,True,72.34492965482886,353.18491721715554
2026-05-16 14:17:29.027650,True,72.5371904754139,356.64538946870584
2026-05-16 14:18:29.027650,True,71.94015540547004,356.0794057182834
2026-05-16 14:19:29.027650,True,71.26725999628451,354.9999283018507
2026-05-16 14:20:29.027650,True,71.99794027898405,360.13977568931824
2026-05-16 14:21:29.027650,True,71.32701512231722,360.34874423573274
2026-05-16 14:22:29.027650,True,72.9330018574604,356.0393254104088
2026-05-16 14:23:29.027650,True,71.59719558459301,355.9275040145198
2026-05-16 14:24:29.027650,True,72.05750443627424,351.82696565940853
2026-05-16 14:25:29.027650,True,72.18172718757202,358.44586726811036
2026-05-16 14:26:29.027650,True,71.46914144024198,355.1001975841061
2026-05-16 14:27:29.027650,True,70.89047870652182,356.8113731812733
2026-05-16 14:28:29.027650,True,73.04475455018205,355.5526567705425
2026-05-16 14:29:29.027650,True,72.15279302647906,353.8518825528913
2026-05-16 14:30:29.027650,True,72.38801762300085,355.39488107650936
2026-05-16 14:31:29.027650,True,71.97787097240264,354.9490831675208
2026-05-16 14:32:29.027650,True,72.91921115964995,357.40041007628696
2026-05-16 14:33:29.027650,True,71.69852338903905,356.9379979956525
2026-05-16 14:34:29.027650,True,72.74034846262941,358.2644883142445
2026-05-16 14:35:29.027650,True,71.84191501865655,351.3284706691078
2026-05-16 14:36:29.027650,True,73.7249530642349,356.7560729270199
2026-05-16 14:37:29.027650,True,71.97737316868839,357.66731872060376
2026-05-16 14:38:29.027650,True,72.2247485573874,355.131435530454
2026-05-16 14:39:29.027650,True,71.75946906371132,358.38953099649723
2026-05-16 14:40:29.027650,True,72.32833292819183,354.7635772664707
2026-05-16 14:41:29.027650,True,71.07781864062592,355.5834765772792
2026-05-16 14:42:29.027650,True,71.52968991895007,358.06349529483714
2026-05-16 14:43:29.027650,True,71.07110105182343,352.98335415217184
2026-05-16 14:44:29.027650,True,71.86460429511125,359.2677123726524
2026-05-16 14:45:29.027650,True,71.1148174928671,358.2490513221436
2026-05-16 14:46:29.027650,True,72.51529107356228,354.25739801011457
2026-05-16 14:47:29.027650,True,71.35915625990411,352.0954769507839
2026-05-16 14:48:29.027650,True,72.58951308938128,352.77018610147024
2026-05-16 14:49:29.027650,True,71.39440383812743,356.9460326049046
2026-05-16 14:50:29.027650,True,70.21472650747795,353.06661653851523
2026-05-16 14:51:29.027650,True,71.3236282031914,357.6861929550793
2026-05-16 14:52:29.027650,True,71.71302607441945,355.1683697426452
2026-05-16 14:53:29.027650,True,73.99718700237003,354.81206433639966
2026-05-16 14:54:29.027650,True,72.51374839776915,353.4916330875434
2026-05-16 14:55:29.027650,True,72.27830353597615,356.9032194404673
2026-05-16 14:56:29.027650,True,72.95077652322514,354.74114709094556
2026-05-16 14:57:29.027650,True,71.73823668936042,355.87321958310224
2026-05-16 14:58:29.027650,True,71.60250270658801,354.869697063234
2026-05-16 14:59:29.027650,True,73.00523951362673,353.07554853580086
2026-05-16 15:00:29.027650,True,73.35811970709359,357.55569419282665
2026-05-16 15:01:29.027650,True,71.45169229789259,356.25468287935456
2026-05-16 15:02:29.027650,True,70.57967433100816,355.76834228241864
2026-05-16 15:03:29.027650,True,70.80759436060659,353.5682595063047
2026-05-16 15:04:29.027650,True,71.6403366864233,355.92435323931585
2026-05-16 15:05:29.027650,True,72.47610386779265,353.6971542075725
2026-05-16 15:06:29.027650,True,72.09342240072547,353.78202762852703
2026-05-16 15:07:29.027650,True,71.05823282899328,355.16096521680294
2026-05-16 15:08:29.027650,True,72.04305024534895,356.48941535518964
2026-05-16 15:09:29.027650,True,71.55217761296652,353.26503963063357
2026-05-16 15:10:29.027650,True,72.30804399659306,352.71153365815735
2026-05-16 15:11:29.027650,True,71.29398895488453,356.0780973324178
2026-05-16 15:12:29.027650,True,71.50621832448603,358.5713260272718
2026-05-16 15:13:29.027650,True,72.88286529720804,354.3620441989502
2026-05-16 15:14:29.027650,True,73.0362731015206,354.1708344835187
2026-05-16 15:15:29.027650,True,72.06525573576516,355.36462896054206
2026-05-16 15:16:29.027650,True,72.17801798933982,355.78534529917005
2026-05-16 15:17:29.027650,True,71.556460925481,353.3392387752021
2026-05-16 15:18:29.027650,True,70.81292621311948,354.6843448110634
2026-05-16 15:19:29.027650,True,71.80381545431999,358.7230948658258
2026-05-16 15:20:29.027650,True,72.22639365266348,354.2583773578972
2026-05-16 15:21:29.027650,True,71.8161789659286,357.71806128095955
2026-05-16 15:22:29.027650,True,71.85628331784874,353.2957002932083
2026-05-16 15:23:29.027650,True,71.1306543387728,356.5089693125554
2026-05-16 15:24:29.027650,True,71.57925754735787,357.5248082760372
2026-05-16 15:25:29.027650,True,73.43187174396377,355.00737330284977
2026-05-16 15:26:29.027650,True,72.00679099308087,354.68453707255867
2026-05-16 15:27:29.027650,True,70.786796348872,353.50232027939734
2026-05-16 15:28:29.027650,True,71.91331705377827,354.72097180636115
2026-05-16 15:29:29.027650,True,72.66859317232577,354.7993266434682
2026-05-16 15:30:29.027650,True,72.29925388601147,355.89310478313547
2026-05-16 15:31:29.027650,True,72.85439526457806,352.90809647294515
2026-05-16 15:32:29.027650,True,69.31361572879437,354.57919040855853
2026-05-16 15:33:29.027650,True,70.69723652185209,354.52749593782835
2026-05-16 15:34:29.027650,True,72.23881696467105,359.3119696130792
2026-05-16 15:35:29.027650,True,72.55640245220694,356.7316527002239
2026-05-16 15:36:29.027650,True,73.2979286011696,354.8830966897881
2026-05-16 15:37:29.027650,True,71.99390589472742,357.1888320361155
2026-05-16 15:38:29.027650,True,70.60885746023365,355.27905277061535
2026-05-16 15:39:29.027650,True,70.47842206337536,357.1607785655241
2026-05-16 15:40:29.027650,True,72.14122921218892,359.6674107468343
2026-05-16 15:41:29.027650,True,70.52384207488281,354.33844643776524
2026-05-16 15:42:29.027650,True,72.28916722445591,356.8630737522099
2026-05-16 15:43:29.027650,True,71.33816532227671,353.6001433395411
2026-05-16 15:44:29.027650,True,71.74516602861367,359.3472736304125
2026-05-16 15:45:29.027650,True,72.47895157519051,354.11942953999375
2026-05-16 15:46:29.027650,True,71.8434209663824,355.34306239991287
2026-05-16 15:47:29.027650,True,72.1565520118513,357.7250027897265
2026-05-16 15:48:29.027650,True,73.67390715118168,355.37543896241937
2026-05-16 15:49:29.027650,True,72.78038514670038,350.356338981082
2026-05-16 15:50:29.027650,True,72.58006148020769,359.16004073899745
2026-05-16 15:51:29.027650,True,70.7306722846584,354.4659899048601
2026-05-16 15:52:29.027650,True,72.00350946653516,354.0746134108397
2026-05-16 15:53:29.027650,True,72.4803770047304,357.92887185829846
2026-05-16 15:54:29.027650,True,71.89128874449811,355.70046901107384
2026-05-16 15:55:29.027650,True,72.55346218705999,357.7792320250161
2026-05-16 15:56:29.027650,True,70.49887371825687,356.5913152450884
2026-05-16 15:57:29.027650,True,72.09416698295226,354.0912878462149
2026-05-16 15:58:29.027650,True,70.95354072139979,354.5063085049413
2026-05-16 15:59:29.027650,True,71.68800348363536,351.92053040393387
2026-05-16 16:00:29.027650,True,70.17190935236663,353.57838386340296
2026-05-16 16:01:29.027650,True,72.97646883385717,355.1144510428568
2026-05-16 16:02:29.027650,True,71.7932006003392,352.96819766625265
2026-05-16 16:03:29.027650,True,70.99874329673104,354.54497668210655
2026-05-16 16:04:29.027650,True,73.28325346246028,357.00798518465905
2026-05-16 16:05:29.027650,True,72.89276803257924,357.3300776894846
2026-05-16 16:06:29.027650,True,71.24644696975157,352.1741568872255
2026-05-16 16:07:29.027650,True,71.19315171656703,356.5377524513059
2026-05-16 16:08:29.027650,True,70.96462669296386,352.6080085308272
2026-05-16 16:09:29.027650,True,71.39304105623513,356.01837442640004
2026-05-16 16:10:29.027650,True,72.24621924576405,353.60673243455227
2026-05-16 16:11:29.027650,True,71.19972406634331,356.08268479032165
2026-05-16 16:12:29.027650,True,71.62070848963134,355.989482421145
2026-05-16 16:13:29.027650,True,73.29889768393697,352.8545843638396
2026-05-16 16:14:29.027650,True,71.78718778514,356.5944267229957
2026-05-16 16:15:29.027650,True,71.08848094203772,354.951208127402
2026-05-16 16:16:29.027650,True,71.90686640671915,359.5953800865141
2026-05-16 16:17:29.027650,True,72.09518012952469,357.2558432424014
2026-05-16 16:18:29.027650,True,72.46662544077458,354.8121379572463
2026-05-16 16:19:29.027650,True,71.26284321349387,355.85813772007333
2026-05-16 16:20:29.027650,True,72.21600421278416,357.5903329421676
2026-05-16 16:21:29.027650,True,72.79791825115444,354.0441723935895
2026-05-16 16:22:29.027650,True,72.64457797990366,352.7440439601286
2026-05-16 16:23:29.027650,True,71.42511930001515,358.5226351393082
2026-05-16 16:24:29.027650,True,72.24325554876893,357.66545275583627
2026-05-16 16:25:29.027650,True,73.41477263621938,351.39852897657306
2026-05-16 16:26:29.027650,True,70.88839890271514,359.5367631208842
2026-05-16 16:27:29.027650,True,72.69505330336911,355.60903109548417
2026-05-16 16:28:29.027650,True,71.19559667349202,357.0931072350874
2026-05-16 16:29:29.027650,True,71.79825610021597,353.250873078972
2026-05-16 16:30:29.027650,True,71.82913887726743,354.83905731050214
2026-05-16 16:31:29.027650,True,72.07621991223118,354.74087742616854
2026-05-16 16:32:29.027650,True,72.6494222868067,355.1434337975942
2026-05-16 16:33:29.027650,True,71.85292062964479,355.1136321285992
2026-05-16 16:34:29.027650,True,72.18350234433339,355.3656122550103
2026-05-16 16:35:29.027650,True,71.25243817658315,356.8643626142264
2026-05-16 16:36:29.027650,True,72.72952813631326,356.086563048851
2026-05-16 16:37:29.027650,True,73.11731996016975,356.0680746612317
2026-05-16 16:38:29.027650,True,70.91538138874073,354.6596969838926
2026-05-16 16:39:29.027650,True,72.54188965527317,353.5315048899742
2026-05-16 16:40:29.027650,True,72.04813353325063,359.70449371826504
2026-05-16 16:41:29.027650,True,72.86306785715087,358.05956717026277
2026-05-16 16:42:29.027650,True,72.4382451340357,357.9792682493294
2026-05-16 16:43:29.027650,True,71.31015994915751,355.05725419820305
2026-05-16 16:44:29.027650,True,72.79997485846609,356.6645797970713
2026-05-16 16:45:29.027650,True,72.66547596944623,353.02870550226135
2026-05-16 16:46:29.027650,True,71.72767506455575,357.45954439864465
2026-05-16 16:47:29.027650,True,71.94345752215747,354.7933342780845
2026-05-16 16:48:29.027650,True,71.15865368402163,356.9530110798422
2026-05-16 16:49:29.027650,True,71.41275309289918,356.1522977383521
2026-05-16 16:50:29.027650,True,71.09560456002995,354.77240355007194
2026-05-16 16:51:29.027650,True,72.44094857195091,357.52878877181985
2026-05-16 16:52:29.027650,True,72.12934207860371,354.9419145028617
2026-05-16 16:53:29.027650,True,72.76438965487255,353.3211173000173
2026-05-16 16:54:29.027650,True,71.8318325463702,356.75195934631125
2026-05-16 16:55:29.027650,True,72.0107773946888,355.8064728734984
2026-05-16 16:56:29.027650,True,71.23699120659678,350.6678020079083
2026-05-16 16:57:29.027650,True,70.89383636631035,356.79733219823896
2026-05-16 16:58:29.027650,True,73.3059101732634,359.88572846584793
2026-05-16 16:59:29.027650,True,71.7519825680589,351.12274800448984
2026-05-16 17:00:29.027650,True,70.05086210807679,353.80283035985696
2026-05-16 17:01:29.027650,True,71.84337756624838,356.9916690782232
2026-05-16 17:02:29.027650,True,72.61074448444062,357.7289069907245
2026-05-16 17:03:29.027650,True,71.12980242560162,352.21439702036105
2026-05-16 17:04:29.027650,True,72.10410080603859,356.84317904575926
2026-05-16 17:05:29.027650,True,72.09637792931744,353.3040879938173
2026-05-16 17:06:29.027650,True,72.57727100262396,356.8917204775911
2026-05-16 17:07:29.027650,True,71.23558793096724,355.5900097015641
2026-05-16 17:08:29.027650,True,72.09901234398768,355.39920513155573
2026-05-16 17:09:29.027650,True,73.09943855666903,355.10806829125096
2026-05-16 17:10:29.027650,True,71.5193683397922,354.62640484336606
2026-05-16 17:11:29.027650,True,72.53268915925256,353.60366172354185
2026-05-16 17:12:29.027650,True,71.1658687034375,356.27689833879236
2026-05-16 17:13:29.027650,True,72.68346950177153,355.54047353169045
2026-05-16 17:14:29.027650,True,73.81968925298476,353.3346688527354
2026-05-16 17:15:29.027650,True,73.46536594126265,353.2749382577151
2026-05-16 17:16:29.027650,True,71.11266295480266,353.01340824094484
2026-05-16 17:17:29.027650,True,71.51837287937725,352.8291398642279
2026-05-16 17:18:29.027650,True,73.10906981082212,354.95386765019305
2026-05-16 17:19:29.027650,True,71.4332957374167,353.8726183026525
2026-05-16 17:20:29.027650,True,71.4738809656262,352.9496483058552
2026-05-16 17:21:29.027650,True,71.89161198068959,353.0554502571762
2026-05-16 17:22:29.027650,True,72.5193044499196,355.4538920312851
2026-05-16 17:23:29.027650,True,72.42895082187208,353.72025136375555
2026-05-16 17:24:29.027650,True,72.98727732814206,357.5844351693492
2026-05-16 17:25:29.027650,True,70.68240195079932,353.2140456734122
2026-05-16 17:26:29.027650,True,72.77253459545355,357.86098325389503
2026-05-16 17:27:29.027650,True,71.7343889396859,353.5172655452275
2026-05-16 17:28:29.027650,True,72.13024204032422,357.0087066923095
2026-05-16 17:29:29.027650,True,72.92001250280893,354.5681123204224
2026-05-16 17:30:29.027650,True,72.79697869027002,353.68439183649974
2026-05-16 17:31:29.027650,True,71.61514646139065,357.25568143897846
2026-05-16 17:32:29.027650,True,72.55654433495559,359.6152560506807
2026-05-16 17:33:29.027650,True,69.9910731024544,354.8165041928602
2026-05-16 17:34:29.027650,True,72.60170742733209,355.79297120844853
2026-05-16 17:35:29.027650,True,71.20353096232301,357.2146691102553
2026-05-16 17:36:29.027650,True,70.99138145766943,359.09279123207483
2026-05-16 17:37:29.027650,True,73.10456446151503,357.4479128311813
2026-05-16 17:38:29.027650,True,72.98625044945368,357.92579666354106
2026-05-16 17:39:29.027650,True,72.55318349772173,358.2573562251624
2026-05-16 17:40:29.027650,True,72.47195853009143,355.1946790442545
2026-05-16 17:41:29.027650,True,69.79423674587969,353.884532354449
2026-05-16 17:42:29.027650,True,72.75520844298902,357.80406503808723
2026-05-16 17:43:29.027650,True,72.08142078730246,354.7450093093257
2026-05-16 17:44:29.027650,True,69.86604678319367,355.4445439572774
2026-05-16 17:45:29.027650,True,71.09075728194848,355.18857227913014
2026-05-16 17:46:29.027650,True,73.07137517273455,359.35083997236717
2026-05-16 17:47:29.027650,True,72.5179642804197,354.0363054898919
2026-05-16 17:48:29.027650,True,72.3007374684282,355.6927882385934
2026-05-16 17:49:29.027650,True,71.83036666693509,353.81090756691526
2026-05-16 17:50:29.027650,True,71.83091884008974,355.35500558481823
2026-05-16 17:51:29.027650,True,72.20083055178351,356.8260011411976
2026-05-16 17:52:29.027650,True,70.28752925413897,358.4146165612179
2026-05-16 17:53:29.027650,True,71.51703402230125,355.10020044377194
2026-05-16 17:54:29.027650,True,70.55850468704149,356.7163201479728
2026-05-16 17:55:29.027650,True,71.34077931323337,351.9530176795371
2026-05-16 17:56:29.027650,True,71.82909771400807,353.2922585201793
2026-05-16 17:57:29.027650,True,72.433634918001,356.05916931017964
2026-05-16 17:58:29.027650,True,72.44219870383647,358.53130004027827
2026-05-16 17:59:29.027650,True,70.8312509530705,355.3988535044057
2026-05-16 18:00:29.027650,True,71.93117459534737,356.14142758947287
2026-05-16 18:01:29.027650,True,72.05115783564764,354.2305141313957
2026-05-16 18:02:29.027650,True,70.91462992289047,352.77391597459984
2026-05-16 18:03:29.027650,True,72.84087374478862,358.2519443600943
2026-05-16 18:04:29.027650,True,72.32711576959066,355.05152273462204
2026-05-16 18:05:29.027650,True,71.46740831724433,353.21526183891166
2026-05-16 18:06:29.027650,True,72.44916295712228,354.530143048214
2026-05-16 18:07:29.027650,True,74.03325944915709,354.134529184473
2026-05-16 18:08:29.027650,True,72.07394857517616,356.706567388099
2026-05-16 18:09:29.027650,True,72.36928722863163,355.37003128783556
2026-05-16 18:10:29.027650,True,71.97094386304406,351.5174739232293
2026-05-16 18:11:29.027650,True,72.53483196184149,359.6768948805785
2026-05-16 18:12:29.027650,True,70.79202009623667,354.9078563505567
2026-05-16 18:13:29.027650,True,69.79709286752347,351.3981340565808
2026-05-16 18:14:29.027650,True,71.93280933685288,359.8716385309039
2026-05-16 18:15:29.027650,True,72.2980815967155,355.0884743017143
2026-05-16 18:16:29.027650,True,72.14904957700156,352.1370397092917
2026-05-16 18:17:29.027650,True,72.5306223891751,355.3958203105466
2026-05-16 18:18:29.027650,True,69.6520971965285,354.3370242609305
2026-05-16 18:19:29.027650,True,72.11851732701092,355.30382381331793
2026-05-16 18:20:29.027650,True,71.82530045751753,355.51525491832933
2026-05-16 18:21:29.027650,True,72.08920151185859,358.7332087006897
2026-05-16 18:22:29.027650,True,70.75013295464848,356.44942336235925
2026-05-16 18:23:29.027650,True,71.37805520129514,354.2217304489175
2026-05-16 18:24:29.027650,True,71.10495368634393,355.8832735455205
2026-05-16 18:25:29.027650,True,71.83845008517025,356.6484033787873
2026-05-16 18:26:29.027650,True,71.01020863574341,355.54643922824914
2026-05-16 18:27:29.027650,True,74.72917756141761,354.6645008301975
2026-05-16 18:28:29.027650,True,72.26461305225999,351.5158374147351
2026-05-16 18:29:29.027650,True,71.99387663288897,355.41287764683284
2026-05-16 18:30:29.027650,True,72.03895042516795,349.87934658315976
2026-05-16 18:31:29.027650,True,72.54370039727743,352.65475184616054
2026-05-16 18:32:29.027650,True,72.66107976073451,351.37622730615954
2026-05-16 18:33:29.027650,True,70.8970741646943,355.61835929602495
2026-05-16 18:34:29.027650,True,71.1879627509682,355.33244580683174
2026-05-16 18:35:29.027650,True,70.66270966451114,351.1104992338097
2026-05-16 18:36:29.027650,True,73.35261976082268,352.33942563605945
2026-05-16 18:37:29.027650,True,72.1738740826416,358.66467872466774
2026-05-16 18:38:29.027650,True,71.60793602175181,352.26616872420504
2026-05-16 18:39:29.027650,True,71.72382729680798,357.353180365798
2026-05-16 18:40:29.027650,True,71.04650244072167,356.012556201131
2026-05-16 18:41:29.027650,True,71.41731768512354,354.88219943762715
2026-05-16 18:42:29.027650,True,71.86057872916888,351.0370216116956
2026-05-16 18:43:29.027650,True,71.3552930754754,352.12659333337194
2026-05-16 18:44:29.027650,True,72.4647186285834,358.31409347626976
2026-05-16 18:45:29.027650,True,71.27971655753852,352.7484223251408
2026-05-16 18:46:29.027650,True,72.16722598649986,357.2702177165685
2026-05-16 18:47:29.027650,True,70.34502701139556,355.2534282312873
2026-05-16 18:48:29.027650,True,72.09650804972894,354.7257725045227
2026-05-16 18:49:29.027650,True,69.40122518925642,356.14996434181523
2026-05-16 18:50:29.027650,True,72.63771880647332,356.7174506870794
2026-05-16 18:51:29.027650,True,70.7820047253486,354.53869999351247
2026-05-16 18:52:29.027650,True,73.43193143706358,354.5556039888323
2026-05-16 18:53:29.027650,True,72.74648856317808,353.8541451491538
2026-05-16 18:54:29.027650,True,71.56808285029327,357.25698714118107
2026-05-16 18:55:29.027650,True,71.5150989442594,356.4874839845691
2026-05-16 18:56:29.027650,True,73.02911669413619,358.53581695642634
2026-05-16 18:57:29.027650,True,71.06875531203605,353.7764370129981
2026-05-16 18:58:29.027650,True,72.14588559065042,357.30387099825725
2026-05-16 18:59:29.027650,True,72.00435329931554,361.6530093652804
2026-05-16 19:00:29.027650,True,70.96917475617235,355.6044792307521
2026-05-16 19:01:29.027650,True,72.3133439468334,359.82210012604355
2026-05-16 19:02:29.027650,True,71.2774672086988,354.37844098685366
2026-05-16 19:03:29.027650,True,72.76472831878894,355.568867968488
2026-05-16 19:04:29.027650,True,72.21139757743543,356.24124154645654
2026-05-16 19:05:29.027650,True,72.44012443212502,359.5805948799312
2026-05-16 19:06:29.027650,True,72.88566948249314,357.0841584922928
2026-05-16 19:07:29.027650,True,72.03137836028213,358.11699993237784
2026-05-16 19:08:29.027650,True,72.39962655335101,354.4109055622241
2026-05-16 19:09:29.027650,True,72.1836936992974,358.0561613111084
2026-05-16 19:10:29.027650,True,73.10125083165764,353.9132323893478
2026-05-16 19:11:29.027650,True,71.65246404365851,354.43622155376886
2026-05-16 19:12:29.027650,True,71.71904034420184,355.7573145581617
2026-05-16 19:13:29.027650,True,72.4554706889402,354.330476497578
2026-05-16 19:14:29.027650,True,70.01320052930157,353.6528721872457
2026-05-16 19:15:29.027650,True,72.68529441984734,348.93901266735224
2026-05-16 19:16:29.027650,True,73.358895668604,354.94367295659777
2026-05-16 19:17:29.027650,True,72.83779598111454,355.7520335794837
2026-05-16 19:18:29.027650,True,70.94546894408215,356.69757808730577
2026-05-16 19:19:29.027650,True,72.9814711562851,355.3859934050393
2026-05-16 19:20:29.027650,True,72.40057615094877,353.5328300949047
2026-05-16 19:21:29.027650,True,72.03060628908591,355.4304593679637
2026-05-16 19:22:29.027650,True,73.22487900578055,350.9725989337947
2026-05-16 19:23:29.027650,True,72.04527809826205,353.1432502479302
2026-05-16 19:24:29.027650,True,71.02727837470682,354.4724629265613
2026-05-16 19:25:29.027650,True,72.49892746007339,354.13528974893495
2026-05-16 19:26:29.027650,True,70.72235224501412,356.4163485089431
2026-05-16 19:27:29.027650,True,72.8788367961646,353.8880269192378
2026-05-16 19:28:29.027650,True,71.73795402227059,358.1482333726723
2026-05-16 19:29:29.027650,True,73.28288586828398,353.13140421736864
2026-05-16 19:30:29.027650,True,70.41569454882743,354.2352204662952
2026-05-16 19:31:29.027650,True,72.92591691156562,356.506222755236
2026-05-16 19:32:29.027650,True,71.64842523868637,356.0268117400462
2026-05-16 19:33:29.027650,True,72.39634776314831,353.65775859873827
2026-05-16 19:34:29.027650,True,72.61698024445768,350.3743617043648
2026-05-16 19:35:29.027650,True,72.67396176667758,356.1701886042852
2026-05-16 19:36:29.027650,True,72.24724348281119,356.18785495584694
2026-05-16 19:37:29.027650,True,71.23317925421723,354.52381031002403
2026-05-16 19:38:29.027650,True,72.92570343704203,354.31066645147075
2026-05-16 19:39:29.027650,True,71.76856585528002,356.45661539558216
2026-05-16 19:40:29.027650,True,71.2683289032562,354.7055913682424
2026-05-16 19:41:29.027650,True,71.46275016988595,353.7296963182068
2026-05-16 19:42:29.027650,True,71.71506951840134,355.59753495765466
2026-05-16 19:43:29.027650,True,74.53145867239787,357.9232096115162
2026-05-16 19:44:29.027650,True,70.82839634328148,358.48774675178424
2026-05-16 19:45:29.027650,True,71.88241987826692,356.4570801610517
2026-05-16 19:46:29.027650,True,72.40632169961113,358.8012981314684
2026-05-16 19:47:29.027650,True,72.05877465226854,355.7817284288113
2026-05-16 19:48:29.027650,True,72.86645582234385,356.0165365733883
2026-05-16 19:49:29.027650,True,72.00979442074403,354.4654506683351
2026-05-16 19:50:29.027650,True,72.18108979032318,357.65565472328075
2026-05-16 19:51:29.027650,True,71.40995776836135,353.70762679660845
2026-05-16 19:52:29.027650,True,71.33078790805352,354.8439641813723
2026-05-16 19:53:29.027650,True,71.03452677685664,353.4701213156655
2026-05-16 19:54:29.027650,True,72.10897418392855,353.05581188687455
2026-05-16 19:55:29.027650,True,69.72477669634635,357.79497268067365
2026-05-16 19:56:29.027650,True,72.41310450161359,355.94122289781683
2026-05-16 19:57:29.027650,True,73.9643706728451,351.34281479045956
